WIPRO,Mar 4,Jun 4,Sep 4,Dec 4,Mar 5,Jun 5,Sep 5,Dec 5,Mar 6,Jun 6,Sep 6,Dec 6,Mar 7,Jun 7,Sep 7,Dec 7,Mar 8,Jun 8,Sep 8,Dec 8,Mar 9,Jun 9,Sep 9,Dec 9,Mar 10,Jun 10,Sep 10,Dec 10,Mar 11,Jun 11,Sep 11,Dec 11,Mar 12,Jun 12,Sep 12,Dec 12,Mar 13,Jun 13,Sep 13,Dec 13,Mar 14,Jun 14,Sep 14,Dec 14,Mar 15,Jun 15,Sep 15,Dec 15,Mar 16,Jun 16,Sep 16,Dec 16,Mar 17,Jun 17,Sep 17,Dec 17,Mar 18,Jun 18,Sep 18,Dec 18,Mar 19,Jun 19,Sep 19,Dec 19,Mar 20,Jun 20,Sep 20,Dec 20,Mar 21,Jun 21,Sep 21,Dec 21,Mar 22,Jun 22,Sep 22,Dec 22,Mar 23,Jun 23,Sep 23,Dec 23,Mar 24,Jun 24
Close,51.04500198364258,59.86125183105469,67.13999938964844,84.24000549316406,75.48188018798828,86.20875549316406,83.57625579833984,104.25375366210938,125.93250274658203,115.50375366210938,118.10250854492188,136.32749938964844,125.86500549316406,116.65125274658203,103.5562515258789,118.27125549316406,97.22250366210938,98.98875427246094,76.47750091552734,52.5150032043457,55.3275032043457,85.03875732421875,135.47250366210938,153.0,159.06375122070312,144.18753051757812,168.54379272460938,184.2187957763672,180.07504272460938,156.60003662109375,127.80003356933594,149.51254272460938,165.03753662109375,149.96253967285156,142.89378356933594,147.93753051757812,163.93128967285156,130.87503051757812,177.393798828125,209.70005798339844,203.70004272460938,204.90005493164062,223.800048828125,208.20005798339844,235.8188018798828,205.01255798339844,224.1938018798828,209.96255493164062,211.5937957763672,209.23130798339844,179.60629272460938,177.91879272460938,193.38754272460938,193.76254272460938,210.1875457763672,235.68756103515625,210.862548828125,196.1250457763672,243.00006103515625,248.13755798339844,254.8000030517578,280.5,239.8000030517578,245.8000030517578,196.6999969482422,219.64999389648438,313.54998779296875,386.25,414.1499938964844,545.6500244140625,634.0999755859375,715.3499755859375,591.9000244140625,416.04998779296875,394.25,392.75,365.25,389.1499938964844,406.04998779296875,471.29998779296875,480.1000061035156,514.8499755859375
EQUITIES AND LIABILITIES,,,,,,,,,,,,,,,,,,,,,,,,,,,,,,,,,,,,,,,,,,,,,,,,,,,,,,,,,,,,,,,,,,,,,,,,,,,,,,,,,,
SHAREHOLDER'S FUNDS,,,,,,,,,,,,,,,,,,,,,,,,,,,,,,,,,,,,,,,,,,,,,,,,,,,,,,,,,,,,,,,,,,,,,,,,,,,,,,,,,,
Equity Share Capital,46.55,46.55,46.55,46.55,140.71,140.71,140.71,140.71,285.15,285.15,285.15,285.15,291.8,291.8,291.8,291.8,292.3,292.3,292.3,292.3,293.0,293.0,293.0,293.0,293.6,293.6,293.6,293.6,490.8,490.8,490.8,490.8,491.7,491.7,491.7,491.7,492.6,492.6,492.6,492.6,493.2,493.2,493.2,493.2,493.7,493.7,493.7,493.7,494.1,494.1,494.1,494.1,486.1,486.1,486.1,486.1,904.8,904.8,904.8,904.8,1206.8,1206.8,1206.8,1206.8,1142.7,1142.7,1142.7,1142.7,1095.8,1095.8,1095.8,1095.8,1096.4,1096.4,1096.4,1096.4,1097.6,1097.6,1097.6,1097.6,1045.0,1045.0
Total Share Capital,46.55,46.55,46.55,46.55,140.71,140.71,140.71,140.71,285.15,285.15,285.15,285.15,291.8,291.8,291.8,291.8,292.3,292.3,292.3,292.3,293.0,293.0,293.0,293.0,293.6,293.6,293.6,293.6,490.8,490.8,490.8,490.8,491.7,491.7,491.7,491.7,492.6,492.6,492.6,492.6,493.2,493.2,493.2,493.2,493.7,493.7,493.7,493.7,494.1,494.1,494.1,494.1,486.1,486.1,486.1,486.1,904.8,904.8,904.8,904.8,1206.8,1206.8,1206.8,1206.8,1142.7,1142.7,1142.7,1142.7,1095.8,1095.8,1095.8,1095.8,1096.4,1096.4,1096.4,1096.4,1097.6,1097.6,1097.6,1097.6,1045.0,1045.0
Reserves and Surplus,3461.04,3461.04,3461.04,3461.04,4751.73,4751.73,4751.73,4751.73,6135.3,6135.3,6135.3,6135.3,9025.1,9025.1,9025.1,9025.1,11260.4,11260.4,11260.4,11260.4,12220.5,12220.5,12220.5,12220.5,17396.8,17396.8,17396.8,17396.8,20829.4,20829.4,20829.4,20829.4,23860.8,23860.8,23860.8,23860.8,23736.9,23736.9,23736.9,23736.9,28862.7,28862.7,28862.7,28862.7,34127.9,34127.9,34127.9,34127.9,40731.6,40731.6,40731.6,40731.6,46219.5,46219.5,46219.5,46219.5,41357.8,41357.8,41357.8,41357.8,48185.2,48185.2,48185.2,48185.2,45311.0,45311.0,45311.0,45311.0,44145.8,44145.8,44145.8,44145.8,53254.3,53254.3,53254.3,53254.3,61101.5,61101.5,61101.5,61101.5,56736.9,56736.9
Total Reserves and Surplus,3461.04,3461.04,3461.04,3461.04,4751.73,4751.73,4751.73,4751.73,6135.3,6135.3,6135.3,6135.3,9025.1,9025.1,9025.1,9025.1,11260.4,11260.4,11260.4,11260.4,12220.5,12220.5,12220.5,12220.5,17396.8,17396.8,17396.8,17396.8,20829.4,20829.4,20829.4,20829.4,23860.8,23860.8,23860.8,23860.8,23736.9,23736.9,23736.9,23736.9,28862.7,28862.7,28862.7,28862.7,34127.9,34127.9,34127.9,34127.9,40731.6,40731.6,40731.6,40731.6,46219.5,46219.5,46219.5,46219.5,41357.8,41357.8,41357.8,41357.8,48185.2,48185.2,48185.2,48185.2,45311.0,45311.0,45311.0,45311.0,44145.8,44145.8,44145.8,44145.8,53254.3,53254.3,53254.3,53254.3,61101.5,61101.5,61101.5,61101.5,56736.9,56736.9
Total Shareholders Funds,3507.59,3507.59,3507.59,3507.59,4892.44,4892.44,4892.44,4892.44,6420.45,6420.45,6420.45,6420.45,9316.9,9316.9,9316.9,9316.9,11552.7,11552.7,11552.7,11552.7,12513.5,12513.5,12513.5,12513.5,17690.4,17690.4,17690.4,17690.4,21320.2,21320.2,21320.2,21320.2,24352.5,24352.5,24352.5,24352.5,24229.5,24229.5,24229.5,24229.5,29355.9,29355.9,29355.9,29355.9,34621.6,34621.6,34621.6,34621.6,41225.7,41225.7,41225.7,41225.7,46705.6,46705.6,46705.6,46705.6,42262.6,42262.6,42262.6,42262.6,49392.0,49392.0,49392.0,49392.0,46453.7,46453.7,46453.7,46453.7,45241.6,45241.6,45241.6,45241.6,54350.7,54350.7,54350.7,54350.7,62762.3,62762.3,62762.3,62762.3,57781.9,57781.9
NON-CURRENT LIABILITIES,,,,,,,,,,,,,,,,,,,,,,,,,,,,,,,,,,,,,,,,,,,,,,,,,,,,,,,,,,,,,,,,,,,,,,,,,,,,,,,,,,
Long Term Borrowings,6.11,6.11,6.11,6.11,5.7,5.7,5.7,5.7,5.27,5.27,5.27,5.27,238.0,238.0,238.0,238.0,3822.4,3822.4,3822.4,3822.4,110.4,110.4,110.4,110.4,90.3,90.3,90.3,90.3,1935.4,1935.4,1935.4,1935.4,2202.2,2202.2,2202.2,2202.2,59.0,59.0,59.0,59.0,1006.1,1006.1,1006.1,1006.1,1063.2,1063.2,1063.2,1063.2,1146.5,1146.5,1146.5,1146.5,1146.3,1146.3,1146.3,1146.3,72.4,72.4,72.4,72.4,22.0,22.0,22.0,22.0,25.1,25.1,25.1,25.1,14.1,14.1,14.1,14.1,5.7,5.7,5.7,5.7,0.0,0.0,0.0,0.0,0.0,0.0
Deferred Tax Liabilities [Net],0.0,0.0,0.0,0.0,2.7,2.7,2.7,2.7,0.0,0.0,0.0,0.0,0.0,0.0,0.0,0.0,0.0,0.0,0.0,0.0,0.0,0.0,0.0,0.0,0.0,0.0,0.0,0.0,0.0,0.0,0.0,0.0,5.8,5.8,5.8,5.8,52.8,52.8,52.8,52.8,137.9,137.9,137.9,137.9,56.7,56.7,56.7,56.7,72.2,72.2,72.2,72.2,139.1,139.1,139.1,139.1,46.3,46.3,46.3,46.3,10.4,10.4,10.4,10.4,0.0,0.0,0.0,0.0,130.5,130.5,130.5,130.5,0.0,0.0,0.0,0.0,253.1,253.1,253.1,253.1,448.8,448.8
Other Long Term Liabilities,0.0,0.0,0.0,0.0,0.0,0.0,0.0,0.0,0.0,0.0,0.0,0.0,0.0,0.0,0.0,0.0,0.0,0.0,0.0,0.0,0.0,0.0,0.0,0.0,0.0,0.0,0.0,0.0,265.9,265.9,265.9,265.9,35.5,35.5,35.5,35.5,11.8,11.8,11.8,11.8,62.9,62.9,62.9,62.9,28.1,28.1,28.1,28.1,869.5,869.5,869.5,869.5,952.7,952.7,952.7,952.7,1085.3,1085.3,1085.3,1085.3,1309.5,1309.5,1309.5,1309.5,2170.5,2170.5,2170.5,2170.5,2129.2,2129.2,2129.2,2129.2,2788.6,2788.6,2788.6,2788.6,3394.5,3394.5,3394.5,3394.5,4856.4,4856.4
Long Term Provisions,0.0,0.0,0.0,0.0,0.0,0.0,0.0,0.0,0.0,0.0,0.0,0.0,0.0,0.0,0.0,0.0,0.0,0.0,0.0,0.0,0.0,0.0,0.0,0.0,0.0,0.0,0.0,0.0,273.7,273.7,273.7,273.7,259.3,259.3,259.3,259.3,228.9,228.9,228.9,228.9,258.5,258.5,258.5,258.5,273.6,273.6,273.6,273.6,399.1,399.1,399.1,399.1,373.3,373.3,373.3,373.3,168.8,168.8,168.8,168.8,119.6,119.6,119.6,119.6,213.3,213.3,213.3,213.3,88.5,88.5,88.5,88.5,64.1,64.1,64.1,64.1,54.9,54.9,54.9,54.9,116.1,116.1
Total Non-Current Liabilities,6.11,6.11,6.11,6.11,8.4,8.4,8.4,8.4,5.27,5.27,5.27,5.27,238.0,238.0,238.0,238.0,3822.4,3822.4,3822.4,3822.4,110.4,110.4,110.4,110.4,90.3,90.3,90.3,90.3,2475.0,2475.0,2475.0,2475.0,2502.8,2502.8,2502.8,2502.8,352.5,352.5,352.5,352.5,1465.4,1465.4,1465.4,1465.4,1421.6,1421.6,1421.6,1421.6,2487.3,2487.3,2487.3,2487.3,2611.4,2611.4,2611.4,2611.4,1372.8,1372.8,1372.8,1372.8,1461.5,1461.5,1461.5,1461.5,2408.9,2408.9,2408.9,2408.9,2362.3,2362.3,2362.3,2362.3,2858.4,2858.4,2858.4,2858.4,3702.5,3702.5,3702.5,3702.5,5421.3,5421.3
CURRENT LIABILITIES,,,,,,,,,,,,,,,,,,,,,,,,,,,,,,,,,,,,,,,,,,,,,,,,,,,,,,,,,,,,,,,,,,,,,,,,,,,,,,,,,,
Short Term Borrowings,94.58,94.58,94.58,94.58,56.4,56.4,56.4,56.4,44.89,44.89,44.89,44.89,0.0,0.0,0.0,0.0,0.0,0.0,0.0,0.0,4903.5,4903.5,4903.5,4903.5,5439.9,5439.9,5439.9,5439.9,2775.4,2775.4,2775.4,2775.4,3041.0,3041.0,3041.0,3041.0,3987.0,3987.0,3987.0,3987.0,3504.2,3504.2,3504.2,3504.2,4970.4,4970.4,4970.4,4970.4,5549.5,5549.5,5549.5,5549.5,5018.6,5018.6,5018.6,5018.6,4647.7,4647.7,4647.7,4647.7,5052.2,5052.2,5052.2,5052.2,5001.9,5001.9,5001.9,5001.9,5791.2,5791.2,5791.2,5791.2,7673.4,7673.4,7673.4,7673.4,5180.7,5180.7,5180.7,5180.7,4175.0,4175.0
Trade Payables,252.57,252.57,252.57,252.57,323.98,323.98,323.98,323.98,362.88,362.88,362.88,362.88,0.0,0.0,0.0,0.0,0.0,0.0,0.0,0.0,1525.2,1525.2,1525.2,1525.2,1495.7,1495.7,1495.7,1495.7,3609.9,3609.9,3609.9,3609.9,3892.2,3892.2,3892.2,3892.2,4922.8,4922.8,4922.8,4922.8,5390.5,5390.5,5390.5,5390.5,5728.8,5728.8,5728.8,5728.8,4362.3,4362.3,4362.3,4362.3,3818.6,3818.6,3818.6,3818.6,4176.2,4176.2,4176.2,4176.2,4765.5,4765.5,4765.5,4765.5,4542.6,4542.6,4542.6,4542.6,4348.5,4348.5,4348.5,4348.5,4685.1,4685.1,4685.1,4685.1,5300.2,5300.2,5300.2,5300.2,5839.4,5839.4
Other Current Liabilities,603.75,603.75,603.75,603.75,884.45,884.45,884.45,884.45,1413.95,1413.95,1413.95,1413.95,2998.9,2998.9,2998.9,2998.9,3361.6,3361.6,3361.6,3361.6,4039.1,4039.1,4039.1,4039.1,3378.5,3378.5,3378.5,3378.5,1245.4,1245.4,1245.4,1245.4,2050.7,2050.7,2050.7,2050.7,3805.4,3805.4,3805.4,3805.4,2401.3,2401.3,2401.3,2401.3,2551.1,2551.1,2551.1,2551.1,4657.5,4657.5,4657.5,4657.5,4375.8,4375.8,4375.8,4375.8,5418.6,5418.6,5418.6,5418.6,5397.9,5397.9,5397.9,5397.9,5769.1,5769.1,5769.1,5769.1,6705.3,6705.3,6705.3,6705.3,9446.9,9446.9,9446.9,9446.9,7003.9,7003.9,7003.9,7003.9,7100.3,7100.3
Short Term Provisions,824.57,824.57,824.57,824.57,523.7,523.7,523.7,523.7,1011.56,1011.56,1011.56,1011.56,765.2,765.2,765.2,765.2,1380.7,1380.7,1380.7,1380.7,1810.7,1810.7,1810.7,1810.7,2230.8,2230.8,2230.8,2230.8,2693.9,2693.9,2693.9,2693.9,2756.7,2756.7,2756.7,2756.7,3409.4,3409.4,3409.4,3409.4,3619.6,3619.6,3619.6,3619.6,4115.0,4115.0,4115.0,4115.0,642.6,642.6,642.6,642.6,626.9,626.9,626.9,626.9,793.4,793.4,793.4,793.4,929.0,929.0,929.0,929.0,1130.2,1130.2,1130.2,1130.2,1287.4,1287.4,1287.4,1287.4,1368.3,1368.3,1368.3,1368.3,1358.0,1358.0,1358.0,1358.0,1330.7,1330.7
Total Current Liabilities,1775.47,1775.47,1775.47,1775.47,1788.53,1788.53,1788.53,1788.53,2833.28,2833.28,2833.28,2833.28,3764.1,3764.1,3764.1,3764.1,4742.3,4742.3,4742.3,4742.3,12278.5,12278.5,12278.5,12278.5,12544.9,12544.9,12544.9,12544.9,10324.6,10324.6,10324.6,10324.6,11740.6,11740.6,11740.6,11740.6,16124.6,16124.6,16124.6,16124.6,14915.6,14915.6,14915.6,14915.6,17365.3,17365.3,17365.3,17365.3,15211.9,15211.9,15211.9,15211.9,13839.9,13839.9,13839.9,13839.9,15035.9,15035.9,15035.9,15035.9,16144.6,16144.6,16144.6,16144.6,16443.8,16443.8,16443.8,16443.8,18132.4,18132.4,18132.4,18132.4,23173.7,23173.7,23173.7,23173.7,18842.8,18842.8,18842.8,18842.8,18445.4,18445.4
Total Capital And Liabilities,5289.17,5289.17,5289.17,5289.17,6690.57,6690.57,6690.57,6690.57,9266.49,9266.49,9266.49,9266.49,13322.5,13322.5,13322.5,13322.5,20175.4,20175.4,20175.4,20175.4,24903.9,24903.9,24903.9,24903.9,30327.4,30327.4,30327.4,30327.4,34119.8,34119.8,34119.8,34119.8,38595.9,38595.9,38595.9,38595.9,40706.6,40706.6,40706.6,40706.6,45736.9,45736.9,45736.9,45736.9,53408.5,53408.5,53408.5,53408.5,58924.9,58924.9,58924.9,58924.9,63156.9,63156.9,63156.9,63156.9,58671.3,58671.3,58671.3,58671.3,66998.1,66998.1,66998.1,66998.1,65306.4,65306.4,65306.4,65306.4,65736.3,65736.3,65736.3,65736.3,80382.8,80382.8,80382.8,80382.8,85307.6,85307.6,85307.6,85307.6,81648.6,81648.6
ASSETS,,,,,,,,,,,,,,,,,,,,,,,,,,,,,,,,,,,,,,,,,,,,,,,,,,,,,,,,,,,,,,,,,,,,,,,,,,,,,,,,,,
NON-CURRENT ASSETS,,,,,,,,,,,,,,,,,,,,,,,,,,,,,,,,,,,,,,,,,,,,,,,,,,,,,,,,,,,,,,,,,,,,,,,,,,,,,,,,,,
Tangible Assets,641.29,641.29,641.29,641.29,892.24,892.24,892.24,892.24,1102.38,1102.38,1102.38,1102.38,1645.9,1645.9,1645.9,1645.9,2239.5,2239.5,2239.5,2239.5,3017.8,3017.8,3017.8,3017.8,3494.5,3494.5,3494.5,3494.5,4104.5,4104.5,4104.5,4104.5,4196.1,4196.1,4196.1,4196.1,3556.0,3556.0,3556.0,3556.0,3621.5,3621.5,3621.5,3621.5,3570.0,3570.0,3570.0,3570.0,3641.8,3641.8,3641.8,3641.8,3755.5,3755.5,3755.5,3755.5,3802.6,3802.6,3802.6,3802.6,3874.2,3874.2,3874.2,3874.2,5863.3,5863.3,5863.3,5863.3,6578.7,6578.7,6578.7,6578.7,7386.6,7386.6,7386.6,7386.6,8233.8,8233.8,8233.8,8233.8,7297.8,7297.8
Intangible Assets,13.72,13.72,13.72,13.72,15.72,15.72,15.72,15.72,15.87,15.87,15.87,15.87,0.0,0.0,0.0,0.0,42.7,42.7,42.7,42.7,161.8,161.8,161.8,161.8,161.8,161.8,161.8,161.8,132.5,132.5,132.5,132.5,453.7,453.7,453.7,453.7,353.4,353.4,353.4,353.4,353.5,353.5,353.5,353.5,468.4,468.4,468.4,468.4,425.7,425.7,425.7,425.7,606.7,606.7,606.7,606.7,564.4,564.4,564.4,564.4,526.8,526.8,526.8,526.8,776.1,776.1,776.1,776.1,709.4,709.4,709.4,709.4,651.1,651.1,651.1,651.1,590.9,590.9,590.9,590.9,561.7,561.7
Capital Work-In-Progress,139.71,139.71,139.71,139.71,250.24,250.24,250.24,250.24,612.36,612.36,612.36,612.36,989.5,989.5,989.5,989.5,1335.0,1335.0,1335.0,1335.0,1311.8,1311.8,1311.8,1311.8,991.1,991.1,991.1,991.1,396.4,396.4,396.4,396.4,301.2,301.2,301.2,301.2,378.9,378.9,378.9,378.9,275.1,275.1,275.1,275.1,361.2,361.2,361.2,361.2,325.1,325.1,325.1,325.1,694.1,694.1,694.1,694.1,1290.6,1290.6,1290.6,1290.6,2112.7,2112.7,2112.7,2112.7,1873.5,1873.5,1873.5,1873.5,1848.0,1848.0,1848.0,1848.0,1584.5,1584.5,1584.5,1584.5,603.8,603.8,603.8,603.8,669.7,669.7
Other Assets,0.0,0.0,0.0,0.0,0.0,0.0,0.0,0.0,0.0,0.0,0.0,0.0,0.0,0.0,0.0,0.0,0.0,0.0,0.0,0.0,0.0,0.0,0.0,0.0,0.0,0.0,0.0,0.0,0.0,0.0,0.0,0.0,0.0,0.0,0.0,0.0,0.0,0.0,0.0,0.0,0.0,0.0,0.0,0.0,0.0,0.0,0.0,0.0,0.0,0.0,0.0,0.0,0.0,0.0,0.0,0.0,0.0,0.0,0.0,0.0,0.0,0.0,0.0,0.0,0.0,0.0,0.0,0.0,0.0,0.0,0.0,0.0,0.0,0.0,0.0,0.0,0.0,0.0,0.0,0.0,0.0,0.0
Fixed Assets,794.73,794.73,794.73,794.73,1158.2,1158.2,1158.2,1158.2,1730.61,1730.61,1730.61,1730.61,2635.4,2635.4,2635.4,2635.4,3617.2,3617.2,3617.2,3617.2,4491.4,4491.4,4491.4,4491.4,4647.4,4647.4,4647.4,4647.4,4633.4,4633.4,4633.4,4633.4,4951.0,4951.0,4951.0,4951.0,4288.3,4288.3,4288.3,4288.3,4250.1,4250.1,4250.1,4250.1,4399.6,4399.6,4399.6,4399.6,4392.6,4392.6,4392.6,4392.6,5056.3,5056.3,5056.3,5056.3,5657.6,5657.6,5657.6,5657.6,6513.7,6513.7,6513.7,6513.7,8512.9,8512.9,8512.9,8512.9,9136.1,9136.1,9136.1,9136.1,9622.2,9622.2,9622.2,9622.2,9428.5,9428.5,9428.5,9428.5,8529.2,8529.2
Non-Current Investments,2456.03,2456.03,2456.03,2456.03,2859.51,2859.51,2859.51,2859.51,3459.2,3459.2,3459.2,3459.2,4348.7,4348.7,4348.7,4348.7,4500.1,4500.1,4500.1,4500.1,6895.3,6895.3,6895.3,6895.3,8966.5,8966.5,8966.5,8966.5,6018.4,6018.4,6018.4,6018.4,6294.3,6294.3,6294.3,6294.3,4854.7,4854.7,4854.7,4854.7,5196.8,5196.8,5196.8,5196.8,5579.7,5579.7,5579.7,5579.7,5781.1,5781.1,5781.1,5781.1,5999.4,5999.4,5999.4,5999.4,5841.6,5841.6,5841.6,5841.6,8250.3,8250.3,8250.3,8250.3,7735.0,7735.0,7735.0,7735.0,8206.7,8206.7,8206.7,8206.7,16557.2,16557.2,16557.2,16557.2,19372.8,19372.8,19372.8,19372.8,20680.6,20680.6
Deferred Tax Assets [Net],31.55,31.55,31.55,31.55,34.56,34.56,34.56,34.56,38.14,38.14,38.14,38.14,46.6,46.6,46.6,46.6,51.7,51.7,51.7,51.7,57.8,57.8,57.8,57.8,34.8,34.8,34.8,34.8,10.8,10.8,10.8,10.8,32.6,32.6,32.6,32.6,115.1,115.1,115.1,115.1,148.7,148.7,148.7,148.7,165.9,165.9,165.9,165.9,425.4,425.4,425.4,425.4,235.2,235.2,235.2,235.2,452.0,452.0,452.0,452.0,391.0,391.0,391.0,391.0,433.3,433.3,433.3,433.3,47.4,47.4,47.4,47.4,53.3,53.3,53.3,53.3,66.8,66.8,66.8,66.8,25.1,25.1
Long Term Loans And Advances,0.0,0.0,0.0,0.0,0.0,0.0,0.0,0.0,0.0,0.0,0.0,0.0,0.0,0.0,0.0,0.0,0.0,0.0,0.0,0.0,0.0,0.0,0.0,0.0,0.0,0.0,0.0,0.0,962.7,962.7,962.7,962.7,940.4,940.4,940.4,940.4,2516.8,2516.8,2516.8,2516.8,2998.1,2998.1,2998.1,2998.1,3071.0,3071.0,3071.0,3071.0,195.8,195.8,195.8,195.8,0.0,0.0,0.0,0.0,0.0,0.0,0.0,0.0,0.0,0.0,0.0,0.0,0.0,0.0,0.0,0.0,0.0,0.0,0.0,0.0,0.0,0.0,0.0,0.0,0.0,0.0,0.0,0.0,0.0,0.0
Other Non-Current Assets,0.0,0.0,0.0,0.0,0.0,0.0,0.0,0.0,0.0,0.0,0.0,0.0,0.0,0.0,0.0,0.0,0.0,0.0,0.0,0.0,0.0,0.0,0.0,0.0,0.0,0.0,0.0,0.0,782.3,782.3,782.3,782.3,919.4,919.4,919.4,919.4,546.9,546.9,546.9,546.9,539.0,539.0,539.0,539.0,336.8,336.8,336.8,336.8,2869.7,2869.7,2869.7,2869.7,3138.9,3138.9,3138.9,3138.9,3752.8,3752.8,3752.8,3752.8,4112.7,4112.7,4112.7,4112.7,2911.9,2911.9,2911.9,2911.9,2966.6,2966.6,2966.6,2966.6,2377.9,2377.9,2377.9,2377.9,2461.7,2461.7,2461.7,2461.7,1849.9,1849.9
Total Non-Current Assets,3282.32,3282.32,3282.32,3282.32,4052.27,4052.27,4052.27,4052.27,5227.95,5227.95,5227.95,5227.95,7030.7,7030.7,7030.7,7030.7,8169.0,8169.0,8169.0,8169.0,11444.5,11444.5,11444.5,11444.5,13648.7,13648.7,13648.7,13648.7,12407.6,12407.6,12407.6,12407.6,13137.7,13137.7,13137.7,13137.7,12321.8,12321.8,12321.8,12321.8,13132.7,13132.7,13132.7,13132.7,13553.0,13553.0,13553.0,13553.0,13664.6,13664.6,13664.6,13664.6,14429.8,14429.8,14429.8,14429.8,15704.0,15704.0,15704.0,15704.0,19267.7,19267.7,19267.7,19267.7,19593.1,19593.1,19593.1,19593.1,20356.8,20356.8,20356.8,20356.8,28610.6,28610.6,28610.6,28610.6,31329.8,31329.8,31329.8,31329.8,31084.8,31084.8
CURRENT ASSETS,,,,,,,,,,,,,,,,,,,,,,,,,,,,,,,,,,,,,,,,,,,,,,,,,,,,,,,,,,,,,,,,,,,,,,,,,,,,,,,,,,
Current Investments,0.0,0.0,0.0,0.0,0.0,0.0,0.0,0.0,0.0,0.0,0.0,0.0,0.0,0.0,0.0,0.0,0.0,0.0,0.0,0.0,0.0,0.0,0.0,0.0,0.0,0.0,0.0,0.0,4795.0,4795.0,4795.0,4795.0,4040.9,4040.9,4040.9,4040.9,6049.5,6049.5,6049.5,6049.5,5839.2,5839.2,5839.2,5839.2,5188.8,5188.8,5188.8,5188.8,20419.5,20419.5,20419.5,20419.5,29146.7,29146.7,29146.7,29146.7,24841.2,24841.2,24841.2,24841.2,21998.8,21998.8,21998.8,21998.8,18963.5,18963.5,18963.5,18963.5,17495.2,17495.2,17495.2,17495.2,24073.7,24073.7,24073.7,24073.7,29712.6,29712.6,29712.6,29712.6,30143.7,30143.7
Inventories,102.08,102.08,102.08,102.08,127.37,127.37,127.37,127.37,148.65,148.65,148.65,148.65,240.4,240.4,240.4,240.4,448.1,448.1,448.1,448.1,459.6,459.6,459.6,459.6,606.9,606.9,606.9,606.9,724.9,724.9,724.9,724.9,785.1,785.1,785.1,785.1,320.5,320.5,320.5,320.5,228.3,228.3,228.3,228.3,479.4,479.4,479.4,479.4,526.2,526.2,526.2,526.2,355.9,355.9,355.9,355.9,294.3,294.3,294.3,294.3,340.3,340.3,340.3,340.3,174.1,174.1,174.1,174.1,91.0,91.0,91.0,91.0,87.5,87.5,87.5,87.5,91.3,91.3,91.3,91.3,72.9,72.9
Trade Receivables,1062.34,1062.34,1062.34,1062.34,1406.51,1406.51,1406.51,1406.51,1968.07,1968.07,1968.07,1968.07,2582.3,2582.3,2582.3,2582.3,3646.6,3646.6,3646.6,3646.6,4446.4,4446.4,4446.4,4446.4,5016.4,5016.4,5016.4,5016.4,5781.3,5781.3,5781.3,5781.3,7967.0,7967.0,7967.0,7967.0,8499.4,8499.4,8499.4,8499.4,8550.9,8550.9,8550.9,8550.9,8144.2,8144.2,8144.2,8144.2,8398.0,8398.0,8398.0,8398.0,8129.9,8129.9,8129.9,8129.9,9502.0,9502.0,9502.0,9502.0,10648.6,10648.6,10648.6,10648.6,9257.0,9257.0,9257.0,9257.0,8046.2,8046.2,8046.2,8046.2,9295.4,9295.4,9295.4,9295.4,13273.2,13273.2,13273.2,13273.2,11648.4,11648.4
Cash And Cash Equivalents,290.09,290.09,290.09,290.09,536.9,536.9,536.9,536.9,823.0,823.0,823.0,823.0,1849.2,1849.2,1849.2,1849.2,3732.1,3732.1,3732.1,3732.1,4409.2,4409.2,4409.2,4409.2,5664.3,5664.3,5664.3,5664.3,5203.3,5203.3,5203.3,5203.3,6232.8,6232.8,6232.8,6232.8,7800.4,7800.4,7800.4,7800.4,10554.9,10554.9,10554.9,10554.9,15667.5,15667.5,15667.5,15667.5,8408.8,8408.8,8408.8,8408.8,3516.6,3516.6,3516.6,3516.6,2322.0,2322.0,2322.0,2322.0,10390.2,10390.2,10390.2,10390.2,10444.0,10444.0,10444.0,10444.0,9783.2,9783.2,9783.2,9783.2,4898.1,4898.1,4898.1,4898.1,4527.0,4527.0,4527.0,4527.0,3790.6,3790.6
Short Term Loans And Advances,552.34,552.34,552.34,552.34,556.14,556.14,556.14,556.14,1098.82,1098.82,1098.82,1098.82,1619.9,1619.9,1619.9,1619.9,4179.6,4179.6,4179.6,4179.6,4002.1,4002.1,4002.1,4002.1,5000.8,5000.8,5000.8,5000.8,2483.5,2483.5,2483.5,2483.5,3321.1,3321.1,3321.1,3321.1,2124.4,2124.4,2124.4,2124.4,2929.3,2929.3,2929.3,2929.3,5256.1,5256.1,5256.1,5256.1,0.0,0.0,0.0,0.0,191.7,191.7,191.7,191.7,0.0,0.0,0.0,0.0,0.0,0.0,0.0,0.0,947.2,947.2,947.2,947.2,4201.5,4201.5,4201.5,4201.5,1913.0,1913.0,1913.0,1913.0,1232.6,1232.6,1232.6,1232.6,0.0,0.0
OtherCurrentAssets,0.0,0.0,0.0,0.0,11.38,11.38,11.38,11.38,0.0,0.0,0.0,0.0,0.0,0.0,0.0,0.0,0.0,0.0,0.0,0.0,142.1,142.1,142.1,142.1,390.3,390.3,390.3,390.3,2724.2,2724.2,2724.2,2724.2,3111.3,3111.3,3111.3,3111.3,3590.6,3590.6,3590.6,3590.6,4501.6,4501.6,4501.6,4501.6,5119.5,5119.5,5119.5,5119.5,7507.8,7507.8,7507.8,7507.8,7386.3,7386.3,7386.3,7386.3,6007.8,6007.8,6007.8,6007.8,4352.5,4352.5,4352.5,4352.5,5927.5,5927.5,5927.5,5927.5,5762.4,5762.4,5762.4,5762.4,11504.5,11504.5,11504.5,11504.5,5141.1,5141.1,5141.1,5141.1,4908.2,4908.2
Total Current Assets,2006.85,2006.85,2006.85,2006.85,2638.3,2638.3,2638.3,2638.3,4038.54,4038.54,4038.54,4038.54,6291.8,6291.8,6291.8,6291.8,12006.4,12006.4,12006.4,12006.4,13459.4,13459.4,13459.4,13459.4,16678.7,16678.7,16678.7,16678.7,21712.2,21712.2,21712.2,21712.2,25458.2,25458.2,25458.2,25458.2,28384.8,28384.8,28384.8,28384.8,32604.2,32604.2,32604.2,32604.2,39855.5,39855.5,39855.5,39855.5,45260.3,45260.3,45260.3,45260.3,48727.1,48727.1,48727.1,48727.1,42967.3,42967.3,42967.3,42967.3,47730.4,47730.4,47730.4,47730.4,45713.3,45713.3,45713.3,45713.3,45379.5,45379.5,45379.5,45379.5,51772.2,51772.2,51772.2,51772.2,53977.8,53977.8,53977.8,53977.8,50563.8,50563.8
Total Assets,5289.17,5289.17,5289.17,5289.17,6690.57,6690.57,6690.57,6690.57,9266.49,9266.49,9266.49,9266.49,13322.5,13322.5,13322.5,13322.5,20175.4,20175.4,20175.4,20175.4,24903.9,24903.9,24903.9,24903.9,30327.4,30327.4,30327.4,30327.4,34119.8,34119.8,34119.8,34119.8,38595.9,38595.9,38595.9,38595.9,40706.6,40706.6,40706.6,40706.6,45736.9,45736.9,45736.9,45736.9,53408.5,53408.5,53408.5,53408.5,58924.9,58924.9,58924.9,58924.9,63156.9,63156.9,63156.9,63156.9,58671.3,58671.3,58671.3,58671.3,66998.1,66998.1,66998.1,66998.1,65306.4,65306.4,65306.4,65306.4,65736.3,65736.3,65736.3,65736.3,80382.8,80382.8,80382.8,80382.8,85307.6,85307.6,85307.6,85307.6,81648.6,81648.6
OTHER ADDITIONAL INFORMATION,,,,,,,,,,,,,,,,,,,,,,,,,,,,,,,,,,,,,,,,,,,,,,,,,,,,,,,,,,,,,,,,,,,,,,,,,,,,,,,,,,
"CONTINGENT LIABILITIES, COMMITMENTS",,,,,,,,,,,,,,,,,,,,,,,,,,,,,,,,,,,,,,,,,,,,,,,,,,,,,,,,,,,,,,,,,,,,,,,,,,,,,,,,,,
Contingent Liabilities,387.99,387.99,387.99,387.99,676.65,676.65,676.65,676.65,509.18,509.18,509.18,509.18,661.6,661.6,661.6,661.6,749.9,749.9,749.9,749.9,1045.4,1045.4,1045.4,1045.4,778.0,778.0,778.0,778.0,1677.9,1677.9,1677.9,1677.9,2820.5,2820.5,2820.5,2820.5,2657.8,2657.8,2657.8,2657.8,2793.4,2793.4,2793.4,2793.4,3022.2,3022.2,3022.2,3022.2,4385.1,4385.1,4385.1,4385.1,9347.9,9347.9,9347.9,9347.9,10123.1,10123.1,10123.1,10123.1,2618.9,2618.9,2618.9,2618.9,2693.5,2693.5,2693.5,2693.5,1999.0,1999.0,1999.0,1999.0,8271.5,8271.5,8271.5,8271.5,19031.5,19031.5,19031.5,19031.5,19809.0,19809.0
CIF VALUE OF IMPORTS,,,,,,,,,,,,,,,,,,,,,,,,,,,,,,,,,,,,,,,,,,,,,,,,,,,,,,,,,,,,,,,,,,,,,,,,,,,,,,,,,,
Raw Materials,270.73,270.73,270.73,270.73,249.7,249.7,249.7,249.7,386.38,386.38,386.38,386.38,0.0,0.0,0.0,0.0,0.0,0.0,0.0,0.0,915.0,915.0,915.0,915.0,1752.7,1752.7,1752.7,1752.7,2735.8,2735.8,2735.8,2735.8,2298.2,2298.2,2298.2,2298.2,2101.7,2101.7,2101.7,2101.7,1524.2,1524.2,1524.2,1524.2,851.3,851.3,851.3,851.3,627.2,627.2,627.2,627.2,0.0,0.0,0.0,0.0,0.0,0.0,0.0,0.0,0.0,0.0,0.0,0.0,0.0,0.0,0.0,0.0,0.0,0.0,0.0,0.0,0.0,0.0,0.0,0.0,0.0,0.0,0.0,0.0,0.0,0.0
"Stores, Spares And Loose Tools",0.0,0.0,0.0,0.0,0.0,0.0,0.0,0.0,0.0,0.0,0.0,0.0,0.0,0.0,0.0,0.0,0.0,0.0,0.0,0.0,0.0,0.0,0.0,0.0,0.0,0.0,0.0,0.0,0.0,0.0,0.0,0.0,0.0,0.0,0.0,0.0,0.0,0.0,0.0,0.0,0.0,0.0,0.0,0.0,0.0,0.0,0.0,0.0,0.0,0.0,0.0,0.0,0.0,0.0,0.0,0.0,0.0,0.0,0.0,0.0,0.0,0.0,0.0,0.0,0.0,0.0,0.0,0.0,0.0,0.0,0.0,0.0,0.0,0.0,0.0,0.0,0.0,0.0,0.0,0.0,0.0,0.0
Trade/Other Goods,0.0,0.0,0.0,0.0,0.0,0.0,0.0,0.0,0.0,0.0,0.0,0.0,0.0,0.0,0.0,0.0,0.0,0.0,0.0,0.0,0.0,0.0,0.0,0.0,0.0,0.0,0.0,0.0,0.0,0.0,0.0,0.0,0.0,0.0,0.0,0.0,0.0,0.0,0.0,0.0,0.0,0.0,0.0,0.0,0.0,0.0,0.0,0.0,0.0,0.0,0.0,0.0,0.0,0.0,0.0,0.0,0.0,0.0,0.0,0.0,0.0,0.0,0.0,0.0,0.0,0.0,0.0,0.0,0.0,0.0,0.0,0.0,0.0,0.0,0.0,0.0,0.0,0.0,0.0,0.0,0.0,0.0
Capital Goods,0.0,0.0,0.0,0.0,0.0,0.0,0.0,0.0,0.0,0.0,0.0,0.0,0.0,0.0,0.0,0.0,0.0,0.0,0.0,0.0,24.4,24.4,24.4,24.4,71.5,71.5,71.5,71.5,23.1,23.1,23.1,23.1,39.4,39.4,39.4,39.4,0.0,0.0,0.0,0.0,0.1,0.1,0.1,0.1,20.0,20.0,20.0,20.0,15.2,15.2,15.2,15.2,0.0,0.0,0.0,0.0,0.0,0.0,0.0,0.0,0.0,0.0,0.0,0.0,0.0,0.0,0.0,0.0,0.0,0.0,0.0,0.0,0.0,0.0,0.0,0.0,0.0,0.0,0.0,0.0,0.0,0.0
EXPENDITURE IN FOREIGN EXCHANGE,,,,,,,,,,,,,,,,,,,,,,,,,,,,,,,,,,,,,,,,,,,,,,,,,,,,,,,,,,,,,,,,,,,,,,,,,,,,,,,,,,
Expenditure In Foreign Currency,2122.32,2122.32,2122.32,2122.32,3654.94,3654.94,3654.94,3654.94,3081.66,3081.66,3081.66,3081.66,0.0,0.0,0.0,0.0,0.0,0.0,0.0,0.0,7034.9,7034.9,7034.9,7034.9,7164.41,7164.41,7164.41,7164.41,8854.31,8854.31,8854.31,8854.31,9978.22,9978.22,9978.22,9978.22,12068.52,12068.52,12068.52,12068.52,14789.73,14789.73,14789.73,14789.73,19430.8,19430.8,19430.8,19430.8,20818.1,20818.1,20818.1,20818.1,21291.0,21291.0,21291.0,21291.0,20783.1,20783.1,20783.1,20783.1,23036.2,23036.2,23036.2,23036.2,22949.1,22949.1,22949.1,22949.1,21329.5,21329.5,21329.5,21329.5,25960.2,25960.2,25960.2,25960.2,31374.6,31374.6,31374.6,31374.6,31194.0,31194.0
REMITTANCES IN FOREIGN CURRENCIES FOR DIVIDENDS,,,,,,,,,,,,,,,,,,,,,,,,,,,,,,,,,,,,,,,,,,,,,,,,,,,,,,,,,,,,,,,,,,,,,,,,,,,,,,,,,,
Dividend Remittance In Foreign Currency,0.27,0.27,0.27,0.27,9.82,9.82,9.82,9.82,5.15,5.15,5.15,5.15,--,--,--,--,--,--,--,--,9.30,9.30,9.30,9.30,0.01,0.01,0.01,0.01,0.01,0.01,0.01,0.01,0.02,0.02,0.02,0.02,0.02,0.02,0.02,0.02,0.03,0.03,0.03,0.03,0.03,0.03,0.03,0.03,0.03,0.03,0.03,0.03,--,--,--,--,--,--,--,--,--,--,--,--,--,--,--,--,--,--,--,--,--,--,--,--,--,--,--,--,--,--
EARNINGS IN FOREIGN EXCHANGE,,,,,,,,,,,,,,,,,,,,,,,,,,,,,,,,,,,,,,,,,,,,,,,,,,,,,,,,,,,,,,,,,,,,,,,,,,,,,,,,,,
FOB Value Of Goods,4.09,4.09,4.09,4.09,10.25,10.25,10.25,10.25,15.45,15.45,15.45,15.45,--,--,--,--,--,--,--,--,595.80,595.80,595.80,595.80,418.60,418.60,418.60,418.60,18348.30,18348.30,18348.30,18348.30,23419.40,23419.40,23419.40,23419.40,28076.10,28076.10,28076.10,28076.10,34440.80,34440.80,34440.80,34440.80,36675.90,36675.90,36675.90,36675.90,40412.40,40412.40,40412.40,40412.40,--,--,--,--,--,--,--,--,--,--,--,--,--,--,--,--,--,--,--,--,--,--,--,--,--,--,--,--,--,--
Other Earnings,3831.66,3831.66,3831.66,3831.66,5363.44,5363.44,5363.44,5363.44,7067.84,7067.84,7067.84,7067.84,10954.6,10954.6,10954.6,10954.6,12885.2,12885.2,12885.2,12885.2,16027.1,16027.1,16027.1,16027.1,16374.3,16374.3,16374.3,16374.3,28.8,28.8,28.8,28.8,21.9,21.9,21.9,21.9,26.4,26.4,26.4,26.4,28.0,28.0,28.0,28.0,90.6,90.6,90.6,90.6,73.8,73.8,73.8,73.8,40400.0,40400.0,40400.0,40400.0,39180.7,39180.7,39180.7,39180.7,44458.4,44458.4,44458.4,44458.4,46079.4,46079.4,46079.4,46079.4,46344.7,46344.7,46344.7,46344.7,54849.0,54849.0,54849.0,54849.0,63706.1,63706.1,63706.1,63706.1,63180.8,63180.8
BONUS DETAILS,,,,,,,,,,,,,,,,,,,,,,,,,,,,,,,,,,,,,,,,,,,,,,,,,,,,,,,,,,,,,,,,,,,,,,,,,,,,,,,,,,
Bonus Equity Share Capital,45.38,45.38,45.38,45.38,138.51,138.51,138.51,138.51,279.69,279.69,279.69,279.69,279.69,279.69,279.69,279.69,279.69,279.69,279.69,279.69,279.87,279.87,279.87,279.87,279.87,279.87,279.87,279.87,475.82,475.82,475.82,475.82,475.82,475.82,475.82,475.82,475.82,475.82,475.82,475.82,475.82,475.82,475.82,475.82,475.82,475.82,475.82,475.82,475.82,475.82,475.82,475.82,468.12,468.12,468.12,468.12,903.5,903.5,903.5,903.5,1205.19,1205.19,1205.19,1205.19,1141.18,1141.18,1141.18,1141.18,1094.34,1094.34,1094.34,1094.34,1094.34,1094.34,1094.34,1094.34,1094.34,1094.34,1094.34,1094.34,1041.9,1041.9
NON-CURRENT INVESTMENTS,,,,,,,,,,,,,,,,,,,,,,,,,,,,,,,,,,,,,,,,,,,,,,,,,,,,,,,,,,,,,,,,,,,,,,,,,,,,,,,,,,
Non-Current Investments Quoted Market Value,1803.84,1803.84,1803.84,1803.84,2088.71,2088.71,2088.71,2088.71,2956.87,2956.87,2956.87,2956.87,--,--,--,--,--,--,--,--,--,--,--,--,1855.80,1855.80,1855.80,1855.80,--,--,--,--,--,--,--,--,--,--,--,--,--,--,--,--,--,--,--,--,--,--,--,--,--,--,--,--,--,--,--,--,--,--,--,--,--,--,--,--,2.60,2.60,2.60,2.60,4.10,4.10,4.10,4.10,3.30,3.30,3.30,3.30,7.00,7.00
Non-Current Investments Unquoted Book Value,654.63,654.63,654.63,654.63,782.71,782.71,782.71,782.71,514.23,514.23,514.23,514.23,1234.10,1234.10,1234.10,1234.10,--,--,--,--,6884.50,6884.50,6884.50,6884.50,7111.70,7111.70,7111.70,7111.70,6018.40,6018.40,6018.40,6018.40,6294.30,6294.30,6294.30,6294.30,4854.70,4854.70,4854.70,4854.70,5196.80,5196.80,5196.80,5196.80,5579.70,5579.70,5579.70,5579.70,5781.10,5781.10,5781.10,5781.10,5999.40,5999.40,5999.40,5999.40,5841.60,5841.60,5841.60,5841.60,8250.30,8250.30,8250.30,8250.30,7735.00,7735.00,7735.00,7735.00,8204.10,8204.10,8204.10,8204.10,16553.10,16553.10,16553.10,16553.10,19372.80,19372.80,19372.80,19372.80,20673.60,20673.60
CURRENT INVESTMENTS,,,,,,,,,,,,,,,,,,,,,,,,,,,,,,,,,,,,,,,,,,,,,,,,,,,,,,,,,,,,,,,,,,,,,,,,,,,,,,,,,,
Current Investments Quoted Market Value,--,--,--,--,--,--,--,--,--,--,--,--,--,--,--,--,--,--,--,--,--,--,--,--,--,--,--,--,2464.50,2464.50,2464.50,2464.50,1999.60,1999.60,1999.60,1999.60,706.80,706.80,706.80,706.80,1825.70,1825.70,1825.70,1825.70,1102.40,1102.40,1102.40,1102.40,1167.20,1167.20,1167.20,1167.20,8033.50,8033.50,8033.50,8033.50,15289.10,15289.10,15289.10,15289.10,14201.80,14201.80,14201.80,14201.80,13546.10,13546.10,13546.10,13546.10,13138.20,13138.20,13138.20,13138.20,19090.20,19090.20,19090.20,19090.20,22836.70,22836.70,22836.70,22836.70,20147.70,20147.70
Current Investments Unquoted Book Value,--,--,--,--,--,--,--,--,--,--,--,--,--,--,--,--,--,--,--,--,--,--,--,--,--,--,--,--,2335.10,2335.10,2335.10,2335.10,2043.80,2043.80,2043.80,2043.80,5346.90,5346.90,5346.90,5346.90,4037.80,4037.80,4037.80,4037.80,4093.80,4093.80,4093.80,4093.80,19252.30,19252.30,19252.30,19252.30,21113.20,21113.20,21113.20,21113.20,9552.10,9552.10,9552.10,9552.10,7797.00,7797.00,7797.00,7797.00,5417.40,5417.40,5417.40,5417.40,4357.00,4357.00,4357.00,4357.00,4983.50,4983.50,4983.50,4983.50,6875.90,6875.90,6875.90,6875.90,9996.00,9996.00
Net Profit/Loss Before Extraordinary Items And Tax,1082.27,1082.27,1082.27,1082.27,1757.02,1757.02,1757.02,1757.02,2340.43,2340.43,2340.43,2340.43,3176.2,3176.2,3176.2,3176.2,3469.7,3469.7,3469.7,3469.7,3547.9,3547.9,3547.9,3547.9,5688.8,5688.8,5688.8,5688.8,5705.5,5705.5,5705.5,5705.5,5918.6,5918.6,5918.6,5918.6,7205.1,7205.1,7205.1,7205.1,9608.2,9608.2,9608.2,9608.2,10557.0,10557.0,10557.0,10557.0,8200.5,8200.5,8200.5,8200.5,8161.7,8161.7,8161.7,8161.7,7722.8,7722.8,7722.8,7722.8,7614.0,7614.0,7614.0,7614.0,8680.7,8680.7,8680.7,8680.7,10060.9,10060.9,10060.9,10060.9,12135.3,12135.3,12135.3,12135.3,9176.7,9176.7,9176.7,9176.7,9118.6,9118.6
Net CashFlow From Operating Activities,913.91,913.91,913.91,913.91,1666.42,1666.42,1666.42,1666.42,1912.25,1912.25,1912.25,1912.25,2674.6,2674.6,2674.6,2674.6,715.9,715.9,715.9,715.9,4344.5,4344.5,4344.5,4344.5,4477.4,4477.4,4477.4,4477.4,3711.2,3711.2,3711.2,3711.2,2997.9,2997.9,2997.9,2997.9,6119.2,6119.2,6119.2,6119.2,6588.6,6588.6,6588.6,6588.6,7703.6,7703.6,7703.6,7703.6,6686.7,6686.7,6686.7,6686.7,7370.7,7370.7,7370.7,7370.7,6470.9,6470.9,6470.9,6470.9,10210.1,10210.1,10210.1,10210.1,9068.1,9068.1,9068.1,9068.1,12727.7,12727.7,12727.7,12727.7,7240.5,7240.5,7240.5,7240.5,11191.6,11191.6,11191.6,11191.6,14215.9,14215.9
Net Cash Used In Investing Activities,-1062.09,-1062.09,-1062.09,-1062.09,-874.58,-874.58,-874.58,-874.58,-1694.42,-1694.42,-1694.42,-1694.42,-1881.9,-1881.9,-1881.9,-1881.9,-1127.5,-1127.5,-1127.5,-1127.5,-3662.7,-3662.7,-3662.7,-3662.7,-3064.6,-3064.6,-3064.6,-3064.6,-1474.0,-1474.0,-1474.0,-1474.0,-339.8,-339.8,-339.8,-339.8,-3573.1,-3573.1,-3573.1,-3573.1,239.6,239.6,239.6,239.6,-1495.0,-1495.0,-1495.0,-1495.0,-9805.0,-9805.0,-9805.0,-9805.0,-7890.8,-7890.8,-7890.8,-7890.8,5002.3,5002.3,5002.3,5002.3,-370.6,-370.6,-370.6,-370.6,3202.7,3202.7,3202.7,3202.7,-1275.0,-1275.0,-1275.0,-1275.0,-12611.1,-12611.1,-12611.1,-12611.1,-4761.6,-4761.6,-4761.6,-4761.6,2237.0,2237.0
Net Cash Used From Financing Activities,28.57,28.57,28.57,28.57,-550.61,-550.61,-550.61,-550.61,59.8,59.8,59.8,59.8,238.5,238.5,238.5,238.5,2290.9,2290.9,2290.9,2290.9,-70.7,-70.7,-70.7,-70.7,-96.2,-96.2,-96.2,-96.2,-2733.3,-2733.3,-2733.3,-2733.3,-1723.8,-1723.8,-1723.8,-1723.8,-1005.5,-1005.5,-1005.5,-1005.5,-4088.6,-4088.6,-4088.6,-4088.6,-1836.1,-1836.1,-1836.1,-1836.1,-3489.7,-3489.7,-3489.7,-3489.7,-4367.6,-4367.6,-4367.6,-4367.6,-12918.4,-12918.4,-12918.4,-12918.4,-1395.1,-1395.1,-1395.1,-1395.1,-12233.0,-12233.0,-12233.0,-12233.0,-12105.7,-12105.7,-12105.7,-12105.7,494.7,494.7,494.7,494.7,-6803.6,-6803.6,-6803.6,-6803.6,-17158.7,-17158.7
Foreign Exchange Gains / Losses,0.0,0.0,0.0,0.0,0.0,0.0,0.0,0.0,0.0,0.0,0.0,0.0,0.0,0.0,0.0,0.0,0.0,0.0,0.0,0.0,0.0,0.0,0.0,0.0,0.0,0.0,0.0,0.0,32.3,32.3,32.3,32.3,95.2,95.2,95.2,95.2,27.1,27.1,27.1,27.1,-49.3,-49.3,-49.3,-49.3,15.1,15.1,15.1,15.1,31.3,31.3,31.3,31.3,-93.2,-93.2,-93.2,-93.2,5.2,5.2,5.2,5.2,3.0,3.0,3.0,3.0,16.3,16.3,16.3,16.3,-7.8,-7.8,-7.8,-7.8,-9.2,-9.2,-9.2,-9.2,2.5,2.5,2.5,2.5,-30.6,-30.6
Adjustments On Amalgamation Merger Demerger Others,0.0,0.0,0.0,0.0,0.0,0.0,0.0,0.0,0.0,0.0,0.0,0.0,0.0,0.0,0.0,0.0,0.0,0.0,0.0,0.0,0.0,0.0,0.0,0.0,0.0,0.0,0.0,0.0,2.8,2.8,2.8,2.8,0.0,0.0,0.0,0.0,0.0,0.0,0.0,0.0,64.2,64.2,64.2,64.2,0.0,0.0,0.0,0.0,0.0,0.0,0.0,0.0,0.0,0.0,0.0,0.0,0.0,0.0,0.0,0.0,20.3,20.3,20.3,20.3,0.0,0.0,0.0,0.0,0.0,0.0,0.0,0.0,0.0,0.0,0.0,0.0,0.0,0.0,0.0,0.0,0.0,0.0
Net Inc/Dec In Cash And Cash Equivalents,-119.61,-119.61,-119.61,-119.61,246.8,246.8,246.8,246.8,277.63,277.63,277.63,277.63,1031.2,1031.2,1031.2,1031.2,1879.3,1879.3,1879.3,1879.3,611.1,611.1,611.1,611.1,1316.6,1316.6,1316.6,1316.6,-461.0,-461.0,-461.0,-461.0,1029.5,1029.5,1029.5,1029.5,1567.7,1567.7,1567.7,1567.7,2754.5,2754.5,2754.5,2754.5,4387.6,4387.6,4387.6,4387.6,-6576.7,-6576.7,-6576.7,-6576.7,-4980.9,-4980.9,-4980.9,-4980.9,-1440.0,-1440.0,-1440.0,-1440.0,8467.7,8467.7,8467.7,8467.7,54.1,54.1,54.1,54.1,-660.8,-660.8,-660.8,-660.8,-4885.1,-4885.1,-4885.1,-4885.1,-371.1,-371.1,-371.1,-371.1,-736.4,-736.4
Cash And Cash Equivalents Begin of Year,409.7,409.7,409.7,409.7,290.09,290.09,290.09,290.09,545.38,545.38,545.38,545.38,818.0,818.0,818.0,818.0,1852.8,1852.8,1852.8,1852.8,3798.1,3798.1,3798.1,3798.1,4347.7,4347.7,4347.7,4347.7,5664.3,5664.3,5664.3,5664.3,5203.3,5203.3,5203.3,5203.3,6232.7,6232.7,6232.7,6232.7,7800.4,7800.4,7800.4,7800.4,10554.9,10554.9,10554.9,10554.9,14919.8,14919.8,14919.8,14919.8,8343.1,8343.1,8343.1,8343.1,3362.2,3362.2,3362.2,3362.2,1922.2,1922.2,1922.2,1922.2,10389.9,10389.9,10389.9,10389.9,10444.0,10444.0,10444.0,10444.0,9783.2,9783.2,9783.2,9783.2,4898.1,4898.1,4898.1,4898.1,4527.0,4527.0
Cash And Cash Equivalents End Of Year,290.09,290.09,290.09,290.09,536.9,536.9,536.9,536.9,823.0,823.0,823.0,823.0,1849.2,1849.2,1849.2,1849.2,3732.1,3732.1,3732.1,3732.1,4409.2,4409.2,4409.2,4409.2,5664.3,5664.3,5664.3,5664.3,5203.3,5203.3,5203.3,5203.3,6232.8,6232.8,6232.8,6232.8,7800.4,7800.4,7800.4,7800.4,10554.9,10554.9,10554.9,10554.9,14942.5,14942.5,14942.5,14942.5,8343.1,8343.1,8343.1,8343.1,3362.2,3362.2,3362.2,3362.2,1922.2,1922.2,1922.2,1922.2,10389.9,10389.9,10389.9,10389.9,10444.0,10444.0,10444.0,10444.0,9783.2,9783.2,9783.2,9783.2,4898.1,4898.1,4898.1,4898.1,4527.0,4527.0,4527.0,4527.0,3790.6,3790.6
Key Financial Ratios of Wipro (in Rs. Cr.),Mar 04,Mar 04,Mar 04,Mar 04,Mar 05,Mar 05,Mar 05,Mar 05,Mar 06,Mar 06,Mar 06,Mar 06,Mar 07,Mar 07,Mar 07,Mar 07,Mar 08,Mar 08,Mar 08,Mar 08,Mar 09,Mar 09,Mar 09,Mar 09,Mar 10,Mar 10,Mar 10,Mar 10,Mar 11,Mar 11,Mar 11,Mar 11,Mar 12,Mar 12,Mar 12,Mar 12,Mar 13,Mar 13,Mar 13,Mar 13,Mar 14,Mar 14,Mar 14,Mar 14,Mar 15,Mar 15,Mar 15,Mar 15,Mar 16,Mar 16,Mar 16,Mar 16,Mar 17,Mar 17,Mar 17,Mar 17,Mar 18,Mar 18,Mar 18,Mar 18,Mar 19,Mar 19,Mar 19,Mar 19,Mar 20,Mar 20,Mar 20,Mar 20,Mar 21,Mar 21,Mar 21,Mar 21,Mar 22,Mar 22,Mar 22,Mar 22,Mar 23,Mar 23,Mar 23,Mar 23,Mar 24,Mar 24
Per Share Ratios,,,,,,,,,,,,,,,,,,,,,,,,,,,,,,,,,,,,,,,,,,,,,,,,,,,,,,,,,,,,,,,,,,,,,,,,,,,,,,,,,,
Basic EPS (Rs.),39.31,39.31,39.31,39.31,21.25,21.25,21.25,21.25,14.17,14.17,14.17,14.17,19.48,19.48,19.48,19.48,20.96,20.96,20.96,20.96,20.30,20.30,20.30,20.30,33.37,33.37,33.37,33.37,19.88,19.88,19.88,19.88,19.13,19.13,19.13,19.13,23.03,23.03,23.03,23.03,30.09,30.09,30.09,30.09,33.38,33.38,33.38,33.38,33.38,33.38,33.38,33.38,33.61,33.61,33.61,33.61,16.26,16.26,16.26,16.26,12.67,12.67,12.67,12.67,14.88,14.88,14.88,14.88,17.81,17.81,17.81,17.81,22.20,22.20,22.20,22.20,16.75,16.75,16.75,16.75,17.24,17.24
Diluted EPS (Rs.),39.31,39.31,39.31,39.31,21.25,21.25,21.25,21.25,14.17,14.17,14.17,14.17,19.48,19.48,19.48,19.48,20.96,20.96,20.96,20.96,20.30,20.30,20.30,20.30,33.37,33.37,33.37,33.37,19.78,19.78,19.78,19.78,19.09,19.09,19.09,19.09,22.99,22.99,22.99,22.99,30.01,30.01,30.01,30.01,33.28,33.28,33.28,33.28,33.31,33.31,33.31,33.31,33.51,33.51,33.51,33.51,16.23,16.23,16.23,16.23,12.67,12.67,12.67,12.67,14.84,14.84,14.84,14.84,17.77,17.77,17.77,17.77,22.14,22.14,22.14,22.14,16.75,16.75,16.75,16.75,17.19,17.19
Cash EPS (Rs.),45.82,45.82,45.82,45.82,23.89,23.89,23.89,23.89,16.22,16.22,16.22,16.22,21.95,21.95,21.95,21.95,24.08,24.08,24.08,24.08,23.94,23.94,23.94,23.94,37.31,37.31,37.31,37.31,22.18,22.18,22.18,22.18,22.09,22.09,22.09,22.09,25.79,25.79,25.79,25.79,32.94,32.94,32.94,32.94,36.34,36.34,36.34,36.34,36.74,36.74,36.74,36.74,37.89,37.89,37.89,37.89,19.31,19.31,19.31,19.31,14.17,14.17,14.17,14.17,17.19,17.19,17.19,17.19,20.83,20.83,20.83,20.83,24.85,24.85,24.85,24.85,19.62,19.62,19.62,19.62,20.31,20.31
Book Value [ExclRevalReserve]/Share (Rs.),150.70,150.70,150.70,150.70,69.54,69.54,69.54,69.54,45.03,45.03,45.03,45.03,63.86,63.86,63.86,63.86,79.05,79.05,79.05,79.05,85.42,85.42,85.42,85.42,120.51,120.51,120.51,120.51,86.88,86.88,86.88,86.88,99.05,99.05,99.05,99.05,98.37,98.37,98.37,98.37,119.04,119.04,119.04,119.04,140.25,140.25,140.25,140.25,166.87,166.87,166.87,166.87,192.16,192.16,192.16,192.16,93.42,93.42,93.42,93.42,81.86,81.86,81.86,81.86,81.31,81.31,81.31,81.31,82.57,82.57,82.57,82.57,99.14,99.14,99.14,99.14,114.36,114.36,114.36,114.36,110.59,110.59
Book Value [InclRevalReserve]/Share (Rs.),150.70,150.70,150.70,150.70,69.54,69.54,69.54,69.54,45.03,45.03,45.03,45.03,63.86,63.86,63.86,63.86,79.05,79.05,79.05,79.05,85.42,85.42,85.42,85.42,120.51,120.51,120.51,120.51,86.88,86.88,86.88,86.88,99.05,99.05,99.05,99.05,98.37,98.37,98.37,98.37,119.04,119.04,119.04,119.04,140.25,140.25,140.25,140.25,166.87,166.87,166.87,166.87,192.16,192.16,192.16,192.16,93.42,93.42,93.42,93.42,81.86,81.86,81.86,81.86,81.31,81.31,81.31,81.31,82.57,82.57,82.57,82.57,99.14,99.14,99.14,99.14,114.36,114.36,114.36,114.36,110.59,110.59
Dividend / Share(Rs.),29.00,29.00,29.00,29.00,5.00,5.00,5.00,5.00,5.00,5.00,5.00,5.00,6.00,6.00,6.00,6.00,6.00,6.00,6.00,6.00,4.00,4.00,4.00,4.00,6.00,6.00,6.00,6.00,6.00,6.00,6.00,6.00,6.00,6.00,6.00,6.00,7.00,7.00,7.00,7.00,8.00,8.00,8.00,8.00,12.00,12.00,12.00,12.00,6.00,6.00,6.00,6.00,2.00,2.00,2.00,2.00,1.00,1.00,1.00,1.00,1.00,1.00,1.00,1.00,1.00,1.00,1.00,1.00,1.00,1.00,1.00,1.00,6.00,6.00,6.00,6.00,1.00,1.00,1.00,1.00,1.00,1.00
Revenue from Operations/Share (Rs.),220.61,220.61,220.61,220.61,102.81,102.81,102.81,102.81,71.73,71.73,71.73,71.73,93.79,93.79,93.79,93.79,119.69,119.69,119.69,119.69,146.81,146.81,146.81,146.81,156.14,156.14,156.14,156.14,107.17,107.17,107.17,107.17,128.87,128.87,128.87,128.87,134.90,134.90,134.90,134.90,157.17,157.17,157.17,157.17,166.94,166.94,166.94,166.94,180.86,180.86,180.86,180.86,189.46,189.46,189.46,189.46,98.83,98.83,98.83,98.83,79.75,79.75,79.75,79.75,88.22,88.22,88.22,88.22,91.80,91.80,91.80,91.80,108.67,108.67,108.67,108.67,123.46,123.46,123.46,123.46,127.83,127.83
PBDIT/Share (Rs.),53.03,53.03,53.03,53.03,27.70,27.70,27.70,27.70,18.49,18.49,18.49,18.49,24.29,24.29,24.29,24.29,27.66,27.66,27.66,27.66,29.20,29.20,29.20,29.20,43.38,43.38,43.38,43.38,26.25,26.25,26.25,26.25,29.57,29.57,29.57,29.57,33.53,33.53,33.53,33.53,43.47,43.47,43.47,43.47,47.39,47.39,47.39,47.39,48.65,48.65,48.65,48.65,50.21,50.21,50.21,50.21,25.27,25.27,25.27,25.27,18.78,18.78,18.78,18.78,22.20,22.20,22.20,22.20,26.35,26.35,26.35,26.35,31.22,31.22,31.22,31.22,26.40,26.40,26.40,26.40,28.19,28.19
PBIT/Share (Rs.),46.52,46.52,46.52,46.52,25.05,25.05,25.05,25.05,16.44,16.44,16.44,16.44,21.82,21.82,21.82,21.82,24.54,24.54,24.54,24.54,25.56,25.56,25.56,25.56,39.43,39.43,39.43,39.43,23.80,23.80,23.80,23.80,26.54,26.54,26.54,26.54,30.68,30.68,30.68,30.68,40.48,40.48,40.48,40.48,44.24,44.24,44.24,44.24,45.11,45.11,45.11,45.11,45.90,45.90,45.90,45.90,23.03,23.03,23.03,23.03,17.23,17.23,17.23,17.23,20.20,20.20,20.20,20.20,23.89,23.89,23.89,23.89,28.51,28.51,28.51,28.51,23.50,23.50,23.50,23.50,25.33,25.33
PBT/Share (Rs.),46.37,46.37,46.37,46.37,24.97,24.97,24.97,24.97,16.42,16.42,16.42,16.42,21.77,21.77,21.77,21.77,23.74,23.74,23.74,23.74,24.22,24.22,24.22,24.22,38.75,38.75,38.75,38.75,23.25,23.25,23.25,23.25,24.07,24.07,24.07,24.07,29.25,29.25,29.25,29.25,38.96,38.96,38.96,38.96,42.77,42.77,42.77,42.77,42.88,42.88,42.88,42.88,43.97,43.97,43.97,43.97,22.18,22.18,22.18,22.18,16.36,16.36,16.36,16.36,19.27,19.27,19.27,19.27,23.15,23.15,23.15,23.15,27.84,27.84,27.84,27.84,22.36,22.36,22.36,22.36,23.77,23.77
Net Profit/Share (Rs.),39.31,39.31,39.31,39.31,21.25,21.25,21.25,21.25,14.17,14.17,14.17,14.17,19.48,19.48,19.48,19.48,20.96,20.96,20.96,20.96,20.30,20.30,20.30,20.30,33.37,33.37,33.37,33.37,19.74,19.74,19.74,19.74,19.06,19.06,19.06,19.06,22.94,22.94,22.94,22.94,29.96,29.96,29.96,29.96,33.19,33.19,33.19,33.19,33.19,33.19,33.19,33.19,33.58,33.58,33.58,33.58,17.07,17.07,17.07,17.07,12.62,12.62,12.62,12.62,15.19,15.19,15.19,15.19,18.36,18.36,18.36,18.36,22.14,22.14,22.14,22.14,16.72,16.72,16.72,16.72,17.45,17.45
Profitability Ratios,,,,,,,,,,,,,,,,,,,,,,,,,,,,,,,,,,,,,,,,,,,,,,,,,,,,,,,,,,,,,,,,,,,,,,,,,,,,,,,,,,
PBDIT Margin (%),24.03,24.03,24.03,24.03,26.93,26.93,26.93,26.93,25.77,25.77,25.77,25.77,25.89,25.89,25.89,25.89,23.10,23.10,23.10,23.10,19.89,19.89,19.89,19.89,27.78,27.78,27.78,27.78,24.49,24.49,24.49,24.49,22.94,22.94,22.94,22.94,24.85,24.85,24.85,24.85,27.65,27.65,27.65,27.65,28.38,28.38,28.38,28.38,26.90,26.90,26.90,26.90,26.50,26.50,26.50,26.50,25.57,25.57,25.57,25.57,23.54,23.54,23.54,23.54,25.16,25.16,25.16,25.16,28.70,28.70,28.70,28.70,28.73,28.73,28.73,28.73,21.38,21.38,21.38,21.38,22.05,22.05
PBIT Margin (%),21.08,21.08,21.08,21.08,24.36,24.36,24.36,24.36,22.91,22.91,22.91,22.91,23.26,23.26,23.26,23.26,20.50,20.50,20.50,20.50,17.41,17.41,17.41,17.41,25.25,25.25,25.25,25.25,22.21,22.21,22.21,22.21,20.59,20.59,20.59,20.59,22.74,22.74,22.74,22.74,25.75,25.75,25.75,25.75,26.49,26.49,26.49,26.49,24.94,24.94,24.94,24.94,24.22,24.22,24.22,24.22,23.30,23.30,23.30,23.30,21.60,21.60,21.60,21.60,22.89,22.89,22.89,22.89,26.01,26.01,26.01,26.01,26.23,26.23,26.23,26.23,19.03,19.03,19.03,19.03,19.81,19.81
PBT Margin (%),21.01,21.01,21.01,21.01,24.29,24.29,24.29,24.29,22.88,22.88,22.88,22.88,23.21,23.21,23.21,23.21,19.83,19.83,19.83,19.83,16.49,16.49,16.49,16.49,24.81,24.81,24.81,24.81,21.69,21.69,21.69,21.69,18.68,18.68,18.68,18.68,21.68,21.68,21.68,21.68,24.79,24.79,24.79,24.79,25.61,25.61,25.61,25.61,23.71,23.71,23.71,23.71,23.20,23.20,23.20,23.20,22.44,22.44,22.44,22.44,20.51,20.51,20.51,20.51,21.83,21.83,21.83,21.83,25.21,25.21,25.21,25.21,25.62,25.62,25.62,25.62,18.10,18.10,18.10,18.10,18.59,18.59
Net Profit Margin (%),17.81,17.81,17.81,17.81,20.66,20.66,20.66,20.66,19.75,19.75,19.75,19.75,20.76,20.76,20.76,20.76,17.51,17.51,17.51,17.51,13.82,13.82,13.82,13.82,21.36,21.36,21.36,21.36,18.41,18.41,18.41,18.41,14.78,14.78,14.78,14.78,17.00,17.00,17.00,17.00,19.06,19.06,19.06,19.06,19.88,19.88,19.88,19.88,18.35,18.35,18.35,18.35,17.72,17.72,17.72,17.72,17.27,17.27,17.27,17.27,15.82,15.82,15.82,15.82,17.22,17.22,17.22,17.22,20.00,20.00,20.00,20.00,20.36,20.36,20.36,20.36,13.54,13.54,13.54,13.54,13.65,13.65
Return on Networth / Equity (%),26.08,26.08,26.08,26.08,30.55,30.55,30.55,30.55,31.46,31.46,31.46,31.46,30.50,30.50,30.50,30.50,26.51,26.51,26.51,26.51,23.76,23.76,23.76,23.76,27.68,27.68,27.68,27.68,22.71,22.71,22.71,22.71,19.23,19.23,19.23,19.23,23.31,23.31,23.31,23.31,25.16,25.16,25.16,25.16,23.66,23.66,23.66,23.66,19.89,19.89,19.89,19.89,17.47,17.47,17.47,17.47,18.27,18.27,18.27,18.27,15.41,15.41,15.41,15.41,18.68,18.68,18.68,18.68,22.23,22.23,22.23,22.23,22.32,22.32,22.32,22.32,14.62,14.62,14.62,14.62,15.78,15.78
Return on Capital Employed (%),26.03,26.03,26.03,26.03,30.49,30.49,30.49,30.49,31.40,31.40,31.40,31.40,29.73,29.73,29.73,29.73,19.84,19.84,19.84,19.84,23.55,23.55,23.55,23.55,27.54,27.54,27.54,27.54,20.35,20.35,20.35,20.35,17.44,17.44,17.44,17.44,22.98,22.98,22.98,22.98,23.96,23.96,23.96,23.96,22.73,22.73,22.73,22.73,18.75,18.75,18.75,18.75,22.61,22.61,22.61,22.61,23.87,23.87,23.87,23.87,20.44,20.44,20.44,20.44,23.62,23.62,23.62,23.62,27.49,27.49,27.49,27.49,27.32,27.32,27.32,27.32,19.40,19.40,19.40,19.40,20.94,20.94
Return on Assets (%),17.29,17.29,17.29,17.29,22.34,22.34,22.34,22.34,21.80,21.80,21.80,21.80,21.33,21.33,21.33,21.33,15.18,15.18,15.18,15.18,11.94,11.94,11.94,11.94,16.15,16.15,16.15,16.15,14.19,14.19,14.19,14.19,12.13,12.13,12.13,12.13,13.88,13.88,13.88,13.88,16.15,16.15,16.15,16.15,15.34,15.34,15.34,15.34,13.91,13.91,13.91,13.91,12.92,12.92,12.92,12.92,13.16,13.16,13.16,13.16,11.36,11.36,11.36,11.36,13.29,13.29,13.29,13.29,15.30,15.30,15.30,15.30,15.09,15.09,15.09,15.09,10.75,10.75,10.75,10.75,11.16,11.16
Total Debt/Equity (X),0.03,0.03,0.03,0.03,0.01,0.01,0.01,0.01,0.01,0.01,0.01,0.01,0.03,0.03,0.03,0.03,0.33,0.33,0.33,0.33,0.40,0.40,0.40,0.40,0.31,0.31,0.31,0.31,0.22,0.22,0.22,0.22,0.22,0.22,0.22,0.22,0.17,0.17,0.17,0.17,0.15,0.15,0.15,0.15,0.17,0.17,0.17,0.17,0.16,0.16,0.16,0.16,0.13,0.13,0.13,0.13,0.11,0.11,0.11,0.11,0.10,0.10,0.10,0.10,0.11,0.11,0.11,0.11,0.13,0.13,0.13,0.13,0.14,0.14,0.14,0.14,0.08,0.08,0.08,0.08,0.07,0.07
Asset Turnover Ratio (%),97.08,97.08,97.08,97.08,108.10,108.10,108.10,108.10,110.36,110.36,110.36,110.36,102.71,102.71,102.71,102.71,86.70,86.70,86.70,86.70,86.36,86.36,86.36,86.36,75.58,75.58,75.58,75.58,77.08,77.08,77.08,77.08,82.08,82.08,82.08,82.08,81.62,81.62,81.62,81.62,84.73,84.73,84.73,84.73,77.15,77.15,77.15,77.15,75.82,75.82,75.82,75.82,72.91,72.91,72.91,72.91,76.20,76.20,76.20,76.20,71.82,71.82,71.82,71.82,77.18,77.18,77.18,77.18,0.77,0.77,0.77,0.77,0.82,0.82,0.82,0.82,0.82,0.82,0.82,0.82,0.80,0.80
Liquidity Ratios,,,,,,,,,,,,,,,,,,,,,,,,,,,,,,,,,,,,,,,,,,,,,,,,,,,,,,,,,,,,,,,,,,,,,,,,,,,,,,,,,,
Current Ratio (X),1.13,1.13,1.13,1.13,1.48,1.48,1.48,1.48,1.43,1.43,1.43,1.43,1.67,1.67,1.67,1.67,2.53,2.53,2.53,2.53,1.10,1.10,1.10,1.10,1.33,1.33,1.33,1.33,2.10,2.10,2.10,2.10,2.17,2.17,2.17,2.17,1.76,1.76,1.76,1.76,2.19,2.19,2.19,2.19,2.30,2.30,2.30,2.30,2.98,2.98,2.98,2.98,3.52,3.52,3.52,3.52,2.86,2.86,2.86,2.86,2.96,2.96,2.96,2.96,2.78,2.78,2.78,2.78,2.50,2.50,2.50,2.50,2.23,2.23,2.23,2.23,2.86,2.86,2.86,2.86,2.74,2.74
Quick Ratio (X),1.07,1.07,1.07,1.07,1.40,1.40,1.40,1.40,1.37,1.37,1.37,1.37,1.61,1.61,1.61,1.61,2.44,2.44,2.44,2.44,1.06,1.06,1.06,1.06,1.28,1.28,1.28,1.28,2.03,2.03,2.03,2.03,2.10,2.10,2.10,2.10,1.74,1.74,1.74,1.74,2.17,2.17,2.17,2.17,2.27,2.27,2.27,2.27,2.94,2.94,2.94,2.94,3.50,3.50,3.50,3.50,2.84,2.84,2.84,2.84,2.94,2.94,2.94,2.94,2.77,2.77,2.77,2.77,2.50,2.50,2.50,2.50,2.23,2.23,2.23,2.23,2.86,2.86,2.86,2.86,2.74,2.74
Inventory Turnover Ratio (X),50.30,50.30,50.30,50.30,56.79,56.79,56.79,56.79,68.80,68.80,68.80,68.80,56.92,56.92,56.92,56.92,39.04,39.04,39.04,39.04,46.80,46.80,46.80,46.80,37.77,37.77,37.77,37.77,36.28,36.28,36.28,36.28,40.36,40.36,40.36,40.36,103.67,103.67,103.67,103.67,169.76,169.76,169.76,169.76,85.96,85.96,85.96,85.96,84.91,84.91,84.91,84.91,129.38,129.38,129.38,129.38,151.92,151.92,151.92,151.92,141.42,141.42,141.42,141.42,289.53,289.53,289.53,289.53,0.00,0.00,0.00,0.00,0.00,0.00,0.00,0.00,0.00,0.00,0.00,0.00,0.00,0.00
Dividend Payout Ratio (NP) (%),73.78,73.78,73.78,73.78,23.53,23.53,23.53,23.53,35.28,35.28,35.28,35.28,30.74,30.74,30.74,30.74,28.61,28.61,28.61,28.61,19.70,19.70,19.70,19.70,17.98,17.98,17.98,17.98,30.40,30.40,30.40,30.40,31.48,31.48,31.48,31.48,30.52,30.52,30.52,30.52,26.71,26.71,26.71,26.71,36.17,36.17,36.17,36.17,43.49,43.49,43.49,43.49,10.75,10.75,10.75,10.75,7.05,7.05,7.05,7.05,7.16,7.16,7.16,7.16,7.93,7.93,7.93,7.93,5.44,5.44,5.44,5.44,27.10,27.10,27.10,27.10,5.97,5.97,5.97,5.97,5.72,5.72
Dividend Payout Ratio (CP) (%),63.29,63.29,63.29,63.29,20.92,20.92,20.92,20.92,30.82,30.82,30.82,30.82,27.28,27.28,27.28,27.28,24.90,24.90,24.90,24.90,16.70,16.70,16.70,16.70,16.08,16.08,16.08,16.08,27.05,27.05,27.05,27.05,27.16,27.16,27.16,27.16,27.15,27.15,27.15,27.15,24.29,24.29,24.29,24.29,33.03,33.03,33.03,33.03,39.30,39.30,39.30,39.30,9.52,9.52,9.52,9.52,6.23,6.23,6.23,6.23,6.38,6.38,6.38,6.38,7.01,7.01,7.01,7.01,4.80,4.80,4.80,4.80,24.14,24.14,24.14,24.14,5.09,5.09,5.09,5.09,4.92,4.92
Earnings Retention Ratio (%),26.22,26.22,26.22,26.22,76.47,76.47,76.47,76.47,64.72,64.72,64.72,64.72,69.26,69.26,69.26,69.26,71.39,71.39,71.39,71.39,80.30,80.30,80.30,80.30,82.02,82.02,82.02,82.02,69.60,69.60,69.60,69.60,68.52,68.52,68.52,68.52,69.48,69.48,69.48,69.48,73.29,73.29,73.29,73.29,63.83,63.83,63.83,63.83,56.51,56.51,56.51,56.51,89.25,89.25,89.25,89.25,92.95,92.95,92.95,92.95,92.84,92.84,92.84,92.84,92.07,92.07,92.07,92.07,94.56,94.56,94.56,94.56,72.90,72.90,72.90,72.90,94.03,94.03,94.03,94.03,94.28,94.28
Cash Earnings Retention Ratio (%),36.71,36.71,36.71,36.71,79.08,79.08,79.08,79.08,69.18,69.18,69.18,69.18,72.72,72.72,72.72,72.72,75.10,75.10,75.10,75.10,83.30,83.30,83.30,83.30,83.92,83.92,83.92,83.92,72.95,72.95,72.95,72.95,72.84,72.84,72.84,72.84,72.85,72.85,72.85,72.85,75.71,75.71,75.71,75.71,66.97,66.97,66.97,66.97,60.70,60.70,60.70,60.70,90.48,90.48,90.48,90.48,93.77,93.77,93.77,93.77,93.62,93.62,93.62,93.62,92.99,92.99,92.99,92.99,95.20,95.20,95.20,95.20,75.86,75.86,75.86,75.86,94.91,94.91,94.91,94.91,95.08,95.08
Valuation Ratios,,,,,,,,,,,,,,,,,,,,,,,,,,,,,,,,,,,,,,,,,,,,,,,,,,,,,,,,,,,,,,,,,,,,,,,,,,,,,,,,,,
Enterprise Value (Cr.),31450.76,31450.76,31450.76,31450.76,46741.78,46741.78,46741.78,46741.78,78862.70,78862.70,78862.70,78862.70,79852.07,79852.07,79852.07,79852.07,62247.90,62247.90,62247.90,62247.90,36555.80,36555.80,36555.80,36555.80,103624.14,103624.14,103624.14,103624.14,116882.32,116882.32,116882.32,116882.32,106938.55,106938.55,106938.55,106938.55,103915.65,103915.65,103915.65,103915.65,127760.56,127760.56,127760.56,127760.56,145338.53,145338.53,145338.53,145338.53,137462.82,137462.82,137462.82,137462.82,127904.12,127904.12,127904.12,127904.12,129726.08,129726.08,129726.08,129726.08,148400.15,148400.15,148400.15,148400.15,106910.41,106910.41,106910.41,106910.41,222962.28,222962.28,222962.28,222962.28,327315.40,327315.40,327315.40,327315.40,201130.34,201130.34,201130.34,201130.34,251210.53,251210.53
EV/Net Operating Revenue (X),6.12,6.12,6.12,6.12,6.46,6.46,6.46,6.46,7.71,7.71,7.71,7.71,5.84,5.84,5.84,5.84,3.56,3.56,3.56,3.56,1.70,1.70,1.70,1.70,4.52,4.52,4.52,4.52,4.44,4.44,4.44,4.44,3.38,3.38,3.38,3.38,3.13,3.13,3.13,3.13,3.30,3.30,3.30,3.30,3.53,3.53,3.53,3.53,3.08,3.08,3.08,3.08,2.78,2.78,2.78,2.78,2.90,2.90,2.90,2.90,3.08,3.08,3.08,3.08,2.12,2.12,2.12,2.12,4.43,4.43,4.43,4.43,5.49,5.49,5.49,5.49,2.97,2.97,2.97,2.97,3.76,3.76
EV/EBITDA (X),25.48,25.48,25.48,25.48,23.99,23.99,23.99,23.99,29.92,29.92,29.92,29.92,22.54,22.54,22.54,22.54,15.40,15.40,15.40,15.40,8.54,8.54,8.54,8.54,16.27,16.27,16.27,16.27,18.14,18.14,18.14,18.14,14.71,14.71,14.71,14.71,12.58,12.58,12.58,12.58,11.92,11.92,11.92,11.92,12.42,12.42,12.42,12.42,11.44,11.44,11.44,11.44,10.48,10.48,10.48,10.48,11.35,11.35,11.35,11.35,13.10,13.10,13.10,13.10,8.43,8.43,8.43,8.43,15.44,15.44,15.44,15.44,19.12,19.12,19.12,19.12,13.88,13.88,13.88,13.88,17.06,17.06
MarketCap/Net Operating Revenue (X),6.16,6.16,6.16,6.16,6.53,6.53,6.53,6.53,7.79,7.79,7.79,7.79,5.95,5.95,5.95,5.95,3.55,3.55,3.55,3.55,1.67,1.67,1.67,1.67,4.53,4.53,4.53,4.53,4.46,4.46,4.46,4.46,3.41,3.41,3.41,3.41,3.24,3.24,3.24,3.24,3.45,3.45,3.45,3.45,3.76,3.76,3.76,3.76,3.11,3.11,3.11,3.11,2.72,2.72,2.72,2.72,2.85,2.85,2.85,2.85,3.19,3.19,3.19,3.19,2.23,2.23,2.23,2.23,4.51,4.51,4.51,4.51,5.45,5.45,5.45,5.45,2.96,2.96,2.96,2.96,3.76,3.76
Retention Ratios (%),26.21,26.21,26.21,26.21,76.46,76.46,76.46,76.46,64.71,64.71,64.71,64.71,69.25,69.25,69.25,69.25,71.38,71.38,71.38,71.38,80.29,80.29,80.29,80.29,82.01,82.01,82.01,82.01,69.59,69.59,69.59,69.59,68.51,68.51,68.51,68.51,69.47,69.47,69.47,69.47,73.28,73.28,73.28,73.28,63.82,63.82,63.82,63.82,56.50,56.50,56.50,56.50,89.24,89.24,89.24,89.24,92.94,92.94,92.94,92.94,92.83,92.83,92.83,92.83,92.06,92.06,92.06,92.06,94.55,94.55,94.55,94.55,72.89,72.89,72.89,72.89,94.02,94.02,94.02,94.02,94.27,94.27
Price/BV (X),9.02,9.02,9.02,9.02,9.65,9.65,9.65,9.65,12.40,12.40,12.40,12.40,8.74,8.74,8.74,8.74,5.38,5.38,5.38,5.38,2.87,2.87,2.87,2.87,5.87,5.87,5.87,5.87,5.51,5.51,5.51,5.51,4.43,4.43,4.43,4.43,4.44,4.44,4.44,4.44,4.56,4.56,4.56,4.56,4.48,4.48,4.48,4.48,3.38,3.38,3.38,3.38,2.68,2.68,2.68,2.68,3.01,3.01,3.01,3.01,3.11,3.11,3.11,3.11,2.42,2.42,2.42,2.42,5.02,5.02,5.02,5.02,5.97,5.97,5.97,5.97,3.19,3.19,3.19,3.19,4.34,4.34
Price/Net Operating Revenue,6.16,6.16,6.16,6.16,6.53,6.53,6.53,6.53,7.79,7.79,7.79,7.79,5.95,5.95,5.95,5.95,3.55,3.55,3.55,3.55,1.67,1.67,1.67,1.67,4.53,4.53,4.53,4.53,4.46,4.46,4.46,4.46,3.41,3.41,3.41,3.41,3.24,3.24,3.24,3.24,3.45,3.45,3.45,3.45,3.76,3.76,3.76,3.76,3.11,3.11,3.11,3.11,2.72,2.72,2.72,2.72,2.85,2.85,2.85,2.85,3.19,3.19,3.19,3.19,2.23,2.23,2.23,2.23,4.51,4.51,4.51,4.51,5.45,5.45,5.45,5.45,2.96,2.96,2.96,2.96,3.76,3.76
Earnings Yield,0.03,0.03,0.03,0.03,0.03,0.03,0.03,0.03,0.03,0.03,0.03,0.03,0.03,0.03,0.03,0.03,0.05,0.05,0.05,0.05,0.08,0.08,0.08,0.08,0.05,0.05,0.05,0.05,0.04,0.04,0.04,0.04,0.04,0.04,0.04,0.04,0.05,0.05,0.05,0.05,0.06,0.06,0.06,0.06,0.05,0.05,0.05,0.05,0.06,0.06,0.06,0.06,0.07,0.07,0.07,0.07,0.06,0.06,0.06,0.06,0.05,0.05,0.05,0.05,0.08,0.08,0.08,0.08,0.04,0.04,0.04,0.04,0.04,0.04,0.04,0.04,0.05,0.05,0.05,0.05,0.04,0.04
Other Operating Income,--,--,--,--,--,--,--,--,--,--,--,--,--,--,--,--,--,--,--,--,--,--,--,--,--,--,--,--,--,--,--,--,250.60,146.20,66.20,90.90,17.70,9.10,217.00,79.20,63.50,140.70,129.90,120.60,34.00,--,--,--,--,--,--,--,408.20,--,--,--,--,--,--,--,74.50,19.30,--,--,--,--,--,--,--,--,--,--,--,--,--,--,--,--,--,--,--,--
Total Income From Operations,--,--,--,--,--,--,--,--,--,--,--,--,--,--,4150.00,4357.00,5275.10,4704.60,5405.00,5397.00,5298.90,5287.90,5857.80,5892.90,6141.00,5982.20,6556.90,6623.40,7178.40,7311.30,7804.80,8316.50,8621.00,8932.60,9082.00,9362.60,8566.30,8741.40,9806.50,10069.10,10401.80,10104.10,10358.20,10521.20,10651.50,10775.40,11036.90,11206.90,11661.50,11587.50,11453.80,11378.30,11628.20,11152.80,11050.50,11072.70,11434.00,11567.50,12002.30,12138.70,12395.80,12061.30,12522.60,12695.90,13127.20,12192.90,12250.40,12596.10,13260.00,13990.10,14720.00,15278.70,15585.60,16255.60,16941.80,17078.70,17477.30,17202.80,16680.70,16315.70,16593.20,16481.30
EXPENDITURE,,,,,,,,,,,,,,,,,,,,,,,,,,,,,,,,,,,,,,,,,,,,,,,,,,,,,,,,,,,,,,,,,,,,,,,,,,,,,,,,,,
Consumption of Raw Materials,303.80,224.40,248.10,286.60,388.60,276.10,335.30,271.70,430.60,351.00,420.10,523.10,625.70,541.20,255.70,223.20,584.30,355.20,673.70,379.40,327.70,206.20,267.20,191.50,324.30,237.10,288.00,199.30,361.30,331.70,231.50,267.20,617.10,423.20,424.00,373.00,108.50,35.10,-19.70,187.50,2.40,1.90,0.90,0.60,--,0.10,--,--,--,--,--,--,--,--,--,--,--,--,--,--,--,--,--,--,--,--,--,--,--,--,--,--,--,--,--,--,--,--,--,--,--,--
Purchase of Traded Goods,--,--,--,--,--,--,--,--,--,--,--,--,--,--,--,--,--,--,--,--,--,--,--,--,--,--,634.30,711.80,757.40,957.10,844.10,953.60,453.80,747.00,705.00,793.50,561.30,533.70,574.40,453.30,724.40,550.40,547.60,636.30,722.10,709.60,586.10,643.30,716.90,701.80,551.90,556.80,376.40,523.90,206.70,289.10,449.90,379.30,237.80,213.00,311.90,252.70,116.70,184.70,244.20,137.00,153.70,126.50,170.70,124.50,88.90,180.80,94.60,139.60,113.20,110.20,15.20,92.00,74.90,49.60,47.70,55.40
Increase/Decrease in Stocks,--,--,--,--,--,--,12.80,--,--,--,--,--,-31.00,45.70,-11.20,-6.00,-55.70,-46.20,-29.10,42.90,33.60,-7.30,7.00,-76.00,-36.50,-21.70,88.30,-19.10,-79.10,-126.10,124.20,-13.30,60.10,-50.50,-44.80,82.20,13.50,-31.90,23.00,-41.00,51.00,-6.40,-36.10,-166.20,-45.60,10.80,-84.10,-16.40,36.80,-55.90,78.20,-35.30,177.00,52.00,25.70,50.90,-70.90,-37.90,-4.10,7.10,-20.40,-16.70,148.70,17.40,10.50,43.00,20.50,-24.00,-5.00,12.40,5.50,-30.80,6.50,-41.90,-10.80,-14.40,63.60,-13.30,14.60,-1.50,18.10,-3.90
Power & Fuel,--,--,--,--,--,--,--,--,--,--,--,--,--,--,--,--,--,--,--,--,--,--,--,--,--,--,--,--,--,--,--,--,--,--,--,--,--,--,--,--,--,--,--,--,--,--,--,--,--,--,--,--,--,--,--,--,--,--,--,--,--,--,--,--,--,--,--,--,--,--,--,--,--,--,--,--,--,--,--,--,--,--
Employees Cost,257.00,--,671.30,771.60,792.40,902.50,962.90,1048.80,1364.80,1276.90,--,--,1542.60,1648.80,1760.90,1877.00,2122.60,2199.40,2296.20,2419.80,2334.40,2226.20,2237.80,2194.40,2404.50,2535.80,2757.70,2729.10,2914.60,3039.70,3269.70,3502.10,3500.00,3918.60,3987.80,4072.40,4083.80,4301.50,4653.50,4648.20,4653.80,4776.50,4997.40,4974.60,4977.70,5182.90,5327.20,5334.00,5423.20,5527.60,5568.80,5320.50,5427.10,5361.40,5377.00,5399.70,5618.10,5767.10,5933.50,5948.00,6159.90,6253.10,6548.00,6559.30,6811.40,6424.20,6661.30,6597.90,6783.90,7392.40,7755.70,8004.60,8389.70,8684.70,9517.90,9376.90,9622.10,9735.60,9642.70,9317.50,9593.70,9199.80
depreciat,44.3,37.2,42.6,49.8,56.4,56.3,58.5,60.4,117.1,81.1,88.8,92.5,97.4,107.3,109.5,112.4,127.0,124.8,131.1,135.1,142.7,136.4,158.0,145.1,140.3,136.1,139.4,154.1,170.6,174.0,191.2,187.5,193.4,191.5,197.2,186.9,172.3,175.4,177.1,187.3,194.0,187.0,190.1,200.4,200.9,200.4,207.0,230.4,237.6,241.1,259.7,281.7,265.2,251.2,259.3,262.5,241.8,242.7,241.4,228.4,221.8,274.6,263.8,293.7,309.0,321.7,350.9,333.4,343.3,355.0,357.9,377.8,395.0,394.9,405.2,408.1,383.9,376.7,370.8,370.0,374.3,366.3
Excise Duty,--,--,--,--,--,--,--,--,--,--,--,--,--,--,--,--,--,--,--,--,--,--,--,--,--,--,--,--,--,--,--,--,--,--,--,--,--,--,--,--,--,--,--,--,--,--,--,--,--,--,--,--,--,--,--,--,--,--,--,--,--,--,--,--,--,--,--,--,--,--,--,--,--,--,--,--,--,--,--,--,--,--
Admin. And Selling Expenses,208.90,190.60,195.00,207.30,204.20,236.90,255.80,287.20,378.00,331.60,370.40,388.30,437.60,431.00,464.70,481.20,632.20,607.50,621.30,658.20,584.30,567.30,642.60,634.80,679.00,698.70,767.40,796.40,860.50,805.10,858.30,986.60,--,--,--,--,--,--,--,--,--,--,--,--,--,--,--,--,--,--,--,--,--,--,--,--,--,--,--,--,--,--,--,--,--,--,23.70,23.90,25.50,--,--,--,45.40,--,--,--,--,--,--,--,--,--
R & D Expenses,--,--,--,--,--,--,--,--,--,--,--,--,--,--,--,--,--,--,--,--,--,--,--,--,--,--,--,--,--,--,--,--,--,--,--,--,--,--,--,--,--,--,--,--,--,--,--,--,--,--,--,--,--,--,--,--,--,--,--,--,--,--,--,--,--,--,--,--,--,--,--,--,--,--,--,--,--,--,--,--,--,--
Provisions And Contingencies,--,--,--,--,--,--,--,--,--,--,--,--,--,--,--,--,--,--,--,--,--,--,--,--,--,--,--,--,--,--,--,--,--,--,--,--,--,--,--,--,--,--,--,--,--,--,--,--,--,--,--,--,--,--,--,--,--,--,--,--,--,--,--,--,--,--,--,--,--,--,--,--,--,--,--,--,--,--,--,--,--,--
Exp. Capitalised,--,--,--,--,--,--,--,--,--,--,--,--,--,--,--,--,--,--,--,--,--,--,--,--,--,--,--,--,--,--,--,--,--,--,--,--,--,--,--,--,--,--,--,--,--,--,--,--,--,--,--,--,--,--,--,--,--,--,--,--,--,--,--,--,--,--,--,--,--,--,--,--,--,--,--,--,--,--,--,--,--,--
Other Expenses,467.0,749.7,165.2,128.5,154.7,96.1,132.5,243.5,508.2,294.1,1736.4,1813.6,329.1,231.5,787.4,813.5,949.1,818.8,760.2,862.1,849.0,942.6,1235.9,1470.4,1308.4,1141.6,658.3,730.4,792.0,763.4,962.6,1029.7,2221.7,2051.1,2041.9,2082.1,2069.0,2029.7,2240.4,2326.2,2237.9,2339.8,2485.5,2699.5,2554.0,2547.3,2734.2,2981.3,2940.9,3091.6,3033.0,3179.5,2991.8,2892.7,3031.8,3214.8,3333.4,3266.9,3782.3,3321.3,4077.5,3307.7,3133.2,3194.4,3434.3,2994.2,2709.3,2673.4,2705.9,3537.0,3801.5,3976.2,3778.3,4378.6,4276.1,4454.3,4932.4,4127.9,4208.1,4167.2,4040.8,4037.4
"P/L Before Other Inc. , Int., Excpt. Items & Tax",--,--,--,--,--,--,--,--,--,--,--,--,--,--,783.00,855.70,915.60,645.10,951.60,899.50,1027.20,1216.50,1309.30,1332.70,1321.00,1254.60,1223.50,1321.40,1401.10,1366.40,1323.20,1403.10,1574.90,1651.70,1770.90,1772.50,1557.90,1697.90,2157.80,2307.60,2538.30,2254.90,2172.80,2176.00,2242.40,2124.30,2266.50,2034.30,2306.10,2081.30,1962.20,2075.10,2390.70,2071.60,2150.00,1855.70,1861.70,1949.40,1811.40,2420.90,1645.10,1989.90,2312.20,2446.40,2317.80,2272.80,2331.00,2865.00,3235.70,2568.80,2710.50,2770.10,2876.10,2699.70,2640.20,2743.60,2460.10,2883.90,2369.60,2412.90,2518.60,2826.30
Other Income,36.8,26.8,16.9,18.7,28.9,8.3,38.6,35.9,48.9,50.3,54.2,81.8,86.8,97.7,95.0,72.6,93.0,102.8,146.6,137.2,97.7,95.5,121.4,85.7,126.4,128.8,136.8,164.2,210.7,210.4,206.7,199.1,240.5,-5.1,497.1,218.1,322.4,121.2,119.9,441.1,520.2,470.4,467.0,557.6,578.8,648.1,688.0,690.0,373.1,643.5,647.8,639.8,638.8,625.8,714.1,639.5,480.1,589.7,452.4,784.1,742.4,757.6,634.1,521.2,563.7,626.1,624.6,599.0,533.2,381.7,529.2,462.6,3332.6,389.7,450.3,657.6,856.6,742.1,684.4,593.4,1032.3,665.5
"P/L Before Int., Excpt. Items & Tax",--,--,--,--,--,--,--,--,--,--,--,--,--,--,878.00,928.30,1008.60,747.90,1098.20,1036.70,1124.90,1312.00,1430.70,1418.40,1447.40,1383.40,1360.30,1485.60,1611.80,1576.80,1529.90,1602.20,1815.40,1646.60,2268.00,1990.60,1880.30,1819.10,2277.70,2748.70,3058.50,2725.30,2639.80,2733.60,2821.20,2772.40,2954.50,2724.30,2679.20,2724.80,2610.00,2714.90,3029.50,2697.40,2864.10,2495.20,2341.80,2539.10,2263.80,3205.00,2387.50,2747.50,2946.30,2967.60,2881.50,2898.90,2955.60,3464.00,3768.90,2950.50,3239.70,3232.70,6208.70,3089.40,3090.50,3401.20,3316.70,3626.00,3054.00,3006.30,3550.90,3491.80
Interest,1.1,1.0,1.7,1.9,1.0,0.6,0.3,1.9,0.3,0.1,2.6,2.9,1.6,11.0,24.9,47.6,33.2,67.2,99.1,163.9,129.7,-44.2,43.0,-16.9,-62.1,75.5,-1.6,30.7,31.4,78.9,229.8,200.6,96.4,111.1,71.8,80.0,89.5,87.0,101.0,92.4,94.3,81.9,49.4,145.0,86.6,130.6,188.2,129.9,87.4,129.7,95.3,142.7,24.4,89.9,104.0,46.8,123.5,116.7,97.5,106.0,204.7,103.6,177.9,134.9,118.8,100.0,102.6,112.5,87.5,43.2,104.9,100.1,119.2,145.7,134.9,174.1,174.2,204.9,205.9,202.8,206.1,210.9
P/L Before Exceptional Items & Tax,--,--,--,--,--,--,--,--,--,--,--,--,--,--,853.10,880.70,975.40,680.70,999.10,872.80,995.20,1356.20,1387.70,1435.30,1509.50,1307.90,1361.90,1454.90,1580.40,1497.90,1300.10,1401.60,1719.00,1535.50,2196.20,1910.60,1790.80,1732.10,2176.70,2656.30,2964.20,2643.40,2590.40,2588.60,2734.60,2641.80,2766.30,2594.40,2591.80,2595.10,2514.70,2572.20,3005.10,2607.50,2760.10,2448.40,2218.30,2422.40,2166.30,3099.00,2182.80,2643.90,2768.40,2832.70,2762.70,2798.90,2853.00,3351.50,3681.40,2907.30,3134.80,3132.60,6089.50,2943.70,2955.60,3227.10,3142.50,3421.10,2848.10,2803.50,3344.80,3280.90
Exceptional Items,--,--,--,--,--,--,--,--,--,--,--,--,--,--,--,--,--,--,--,--,--,--,--,--,--,--,--,--,--,--,--,--,--,--,--,--,--,--,--,--,--,--,--,--,--,--,--,--,--,--,--,--,--,--,--,--,--,--,--,--,--,--,--,--,--,--,--,--,--,--,--,--,--,--,--,--,--,--,--,--,--,--
P/L Before Tax,--,--,--,--,--,--,--,--,--,--,--,--,--,--,853.10,880.70,975.40,680.70,999.10,872.80,995.20,1356.20,1387.70,1435.30,1509.50,1307.90,1361.90,1454.90,1580.40,1497.90,1300.10,1401.60,1719.00,1535.50,2196.20,1910.60,1790.80,1732.10,2176.70,2656.30,2964.20,2643.40,2590.40,2588.60,2734.60,2641.80,2766.30,2594.40,2591.80,2595.10,2514.70,2572.20,3005.10,2607.50,2760.10,2448.40,2218.30,2422.40,2166.30,3099.00,2182.80,2643.90,2768.40,2832.70,2762.70,2798.90,2853.00,3351.50,3681.40,2907.30,3134.80,3132.60,6089.50,2943.70,2955.60,3227.10,3142.50,3421.10,2848.10,2803.50,3344.80,3280.90
Tax,74.4,59.8,66.7,70.0,65.7,62.1,82.4,85.1,90.4,98.0,91.8,91.8,52.5,88.9,92.8,76.6,148.1,134.7,146.6,139.8,153.1,158.3,155.6,204.1,272.8,197.9,189.8,231.2,242.8,278.6,249.5,337.7,367.7,377.5,476.9,427.6,308.4,426.1,560.3,608.4,611.1,576.2,598.4,596.3,593.0,578.8,613.2,583.3,618.5,587.4,582.6,653.7,701.6,580.7,625.8,643.9,461.1,500.2,558.9,580.6,616.8,629.8,521.4,571.4,604.4,606.3,609.0,740.2,668.4,1103.2,747.4,667.6,610.7,727.1,672.7,814.0,878.4,833.3,786.8,780.6,898.2,906.3
P/L After Tax from Ordinary Activities,--,--,--,--,--,--,--,--,--,--,--,--,--,--,760.30,804.10,827.30,546.00,852.50,733.00,842.10,1197.90,1232.10,1231.20,1236.70,1110.00,1172.10,1223.70,1337.60,1219.30,1050.60,1063.90,1351.30,1158.00,1719.30,1483.00,1482.40,1306.00,1616.40,2047.90,2353.10,2067.20,1992.00,1992.30,2141.60,2063.00,2153.10,2011.10,1973.30,2007.70,1932.10,1918.50,2303.50,2026.80,2134.30,1804.50,1757.20,1922.20,1607.40,2518.40,1566.00,2014.10,2247.00,2261.30,2158.30,2192.60,2244.00,2611.30,3013.00,1804.10,2387.40,2465.00,5478.80,2216.60,2282.90,2413.10,2264.10,2587.80,2061.30,2022.90,2446.60,2374.60
Prior Year Adjustments,--,--,--,--,--,--,--,--,--,--,--,--,--,--,--,--,--,--,--,--,--,--,--,--,--,--,--,--,--,--,--,--,--,--,--,--,--,--,--,--,--,--,--,--,--,--,--,--,--,--,--,--,--,--,--,--,--,--,--,--,--,--,--,--,--,--,--,--,--,--,--,--,--,--,--,--,--,--,--,--,--,--
Extra Ordinary Items,--,--,--,--,--,--,--,--,--,--,--,--,--,--,--,--,--,--,--,--,--,--,--,--,--,--,--,--,--,--,--,--,--,--,--,--,--,--,--,--,--,--,--,--,--,--,--,--,--,--,--,--,--,--,--,--,--,--,--,--,--,--,--,--,--,--,--,--,--,--,--,--,--,--,--,--,--,--,--,--,--,--
Net Profit/(Loss) For the Period,259.0,326.8,370.1,376.5,421.4,404.9,453.0,505.1,657.5,619.1,665.2,738.9,818.9,671.4,760.3,804.1,827.3,546.0,852.5,733.0,842.1,1197.9,1232.1,1231.2,1236.7,1110.0,1172.1,1223.7,1337.6,1219.3,1050.6,1063.9,1351.3,1158.0,1719.3,1483.0,1482.4,1306.0,1616.4,2047.9,2353.1,2067.2,1992.0,1992.3,2141.6,2063.0,2153.1,2011.1,1973.3,2007.7,1932.1,1918.5,2303.5,2026.8,2134.3,1804.5,1757.2,1922.2,1607.4,2518.4,1566.0,2014.1,2247.0,2261.3,2158.3,2192.6,2244.0,2611.3,3013.0,1804.1,2387.4,2465.0,5478.8,2216.6,2282.9,2413.1,2264.1,2587.8,2061.3,2022.9,2446.6,2374.6
Equity Share Capital,46.6,139.7,139.8,140.4,140.7,141.0,283.0,284.1,285.2,286.4,286.9,288.0,291.8,291.8,291.9,292.1,292.3,292.4,292.6,292.7,293.0,293.1,293.3,293.5,293.6,489.9,490.4,490.7,490.9,491.1,491.5,491.6,491.7,492.0,492.3,492.5,492.6,492.8,493.0,493.1,493.2,493.4,493.5,493.7,493.7,493.8,494.0,494.1,494.1,494.1,486.1,486.1,486.1,973.2,973.3,904.7,904.8,904.8,904.8,905.0,1206.8,1207.1,1142.6,1142.6,1142.7,1142.9,1143.0,1143.1,1095.8,1095.8,1096.2,1096.2,1096.4,1096.5,1097.1,1097.4,1097.6,1097.8,1044.4,1044.8,1045.0,1046.0
Reserves Excluding Revaluation Reserves,3461.00,3702.20,4094.80,4311.70,4751.70,5235.70,5683.70,6336.90,6135.30,6956.00,7743.40,8651.00,9025.00,9774.20,--,--,--,--,--,--,--,--,--,--,--,--,--,--,--,--,--,--,--,--,--,--,--,--,--,--,--,--,--,28862.70,--,--,--,34127.90,--,--,--,--,--,--,--,--,--,--,--,--,--,--,--,--,--,--,--,--,--,--,--,--,--,--,--,--,--,--,--,--,--,--
Equity Dividend Rate (%),--,--,--,--,--,--,--,--,--,--,--,--,--,--,--,--,--,--,--,--,--,--,--,--,--,--,--,--,--,--,--,--,--,--,--,--,--,--,--,--,--,--,--,--,--,--,--,--,--,--,--,--,--,--,--,--,--,--,--,--,--,--,--,--,--,--,--,--,--,--,--,--,--,--,--,--,--,--,--,--,--,--
EPS Before Extra Ordinary,,,,,,,,,,,,,,,,,,,,,,,,,,,,,,,,,,,,,,,,,,,,,,,,,,,,,,,,,,,,,,,,,,,,,,,,,,,,,,,,,,
Basic EPS,--,--,--,--,--,--,--,--,--,--,--,--,--,--,--,--,--,--,--,--,--,--,--,--,--,--,4.81,5.02,5.48,5.00,4.30,4.34,5.52,4.73,7.01,6.04,6.04,5.32,6.58,8.34,9.58,8.42,8.11,8.11,8.72,8.40,8.77,8.19,8.03,8.17,7.98,7.94,9.53,4.18,4.40,3.76,3.90,4.27,3.57,5.59,2.61,3.35,3.79,3.95,3.79,3.85,3.94,4.58,5.47,3.30,4.37,4.51,10.02,4.05,4.17,4.40,4.13,4.72,3.94,3.88,4.68,4.54
Diluted EPS,--,--,--,--,--,--,--,--,--,--,--,--,--,--,--,--,--,--,--,--,--,--,--,--,--,--,4.80,5.00,5.46,4.97,4.29,4.34,5.51,4.72,7.00,6.04,6.03,5.31,6.57,8.32,9.56,8.40,8.08,8.07,8.69,8.38,8.75,8.17,8.01,8.15,7.96,7.92,9.50,4.18,4.40,3.75,3.89,4.26,3.56,5.58,2.60,3.34,3.78,3.95,3.77,3.84,3.93,4.55,5.45,3.29,4.36,4.50,9.99,4.04,4.16,4.40,4.12,4.62,3.93,3.87,4.67,4.53
EPS After Extra Ordinary,,,,,,,,,,,,,,,,,,,,,,,,,,,,,,,,,,,,,,,,,,,,,,,,,,,,,,,,,,,,,,,,,,,,,,,,,,,,,,,,,,
Basic EPS.,--,--,--,--,--,--,--,--,--,--,--,--,--,--,--,--,--,--,--,--,--,--,--,--,--,--,4.81,5.02,5.48,5.00,4.30,4.34,5.52,4.73,7.01,6.04,6.04,5.32,6.58,8.34,9.58,8.42,8.11,8.11,8.72,8.40,8.77,8.19,8.03,8.17,7.98,7.94,9.53,4.18,4.40,3.76,3.90,4.27,3.57,5.59,2.61,3.35,3.79,3.95,3.79,3.84,3.93,4.58,5.50,3.30,4.37,4.51,10.02,4.05,4.17,4.40,4.13,4.72,3.94,3.88,4.68,4.54
Diluted EPS.,--,--,--,--,--,--,--,--,--,--,--,--,--,--,--,--,--,--,--,--,--,--,--,--,--,--,4.80,5.00,5.46,4.97,4.29,4.34,5.51,4.72,7.00,6.04,6.03,5.31,6.57,8.32,9.56,8.40,8.08,8.07,8.69,8.38,8.75,8.17,8.01,8.15,7.96,7.92,9.50,4.18,4.40,3.75,3.89,4.26,3.56,5.58,2.60,3.34,3.78,3.95,3.77,3.84,3.93,4.55,5.45,3.29,4.36,4.50,9.99,4.04,4.16,4.40,4.12,4.62,3.93,3.87,4.67,4.53
Public Share Holding,,,,,,,,,,,,,,,,,,,,,,,,,,,,,,,,,,,,,,,,,,,,,,,,,,,,,,,,,,,,,,,,,,,,,,,,,,,,,,,,,,
No Of Shares (Crores),3.78,11.37,11.42,11.74,11.88,12.43,25.38,25.96,26.46,27.09,25.15,25.64,27.53,27.54,27.55,27.66,27.71,27.76,27.84,27.89,27.92,28.07,27.40,27.51,27.65,46.29,46.50,46.65,46.72,46.86,47.01,47.06,48.89,49.01,49.16,49.20,49.23,60.46,60.54,60.57,60.65,60.74,60.78,60.84,60.86,60.89,--,--,--,--,--,--,--,--,--,--,--,--,--,--,--,--,--,--,--,--,--,--,--,--,--,--,--,--,--,--,--,--,--,--,--,--
Share Holding (%),16.26,16.28,16.34,16.72,16.89,17.63,17.94,18.27,18.55,18.91,17.53,17.80,18.87,18.87,18.88,18.94,18.96,18.99,19.03,19.06,19.06,19.15,18.69,18.74,18.83,18.90,18.96,19.01,19.03,19.08,19.13,19.15,19.88,19.92,19.97,19.98,19.99,25.02,25.04,25.05,25.08,25.11,25.12,25.14,25.14,25.15,--,--,--,--,--,--,--,--,--,--,--,--,--,--,--,--,--,--,--,--,--,--,--,--,--,--,--,--,--,--,--,--,--,--,--,--
Promoters and Promoter Group Shareholding,,,,,,,,,,,,,,,,,,,,,,,,,,,,,,,,,,,,,,,,,,,,,,,,,,,,,,,,,,,,,,,,,,,,,,,,,,,,,,,,,,
a) Pledged/Encumbered,,,,,,,,,,,,,,,,,,,,,,,,,,,,,,,,,,,,,,,,,,,,,,,,,,,,,,,,,,,,,,,,,,,,,,,,,,,,,,,,,,
- Number of shares (Crores),--,--,--,--,--,--,--,--,--,--,--,--,--,--,--,--,--,--,--,--,--,--,--,--,--,--,--,--,--,--,--,--,--,--,--,--,--,--,--,--,--,--,--,--,--,--,--,--,--,--,--,--,--,--,--,--,--,--,--,--,--,--,--,--,--,--,--,--,--,--,--,--,--,--,--,--,--,--,--,--,--,--
- Per. of shares (as a % of the total sh. of prom. and promoter group),--,--,--,--,--,--,--,--,--,--,--,--,--,--,--,--,--,--,--,--,--,--,--,--,--,--,--,--,--,--,--,--,--,--,--,--,--,--,--,--,--,--,--,--,--,--,--,--,--,--,--,--,--,--,--,--,--,--,--,--,--,--,--,--,--,--,--,--,--,--,--,--,--,--,--,--,--,--,--,--,--,--
- Per. of shares (as a % of the total Share Cap. of the company),--,--,--,--,--,--,--,--,--,--,--,--,--,--,--,--,--,--,--,--,--,--,--,--,--,--,--,--,--,--,--,--,--,--,--,--,--,--,--,--,--,--,--,--,--,--,--,--,--,--,--,--,--,--,--,--,--,--,--,--,--,--,--,--,--,--,--,--,--,--,--,--,--,--,--,--,--,--,--,--,--,--
b) Non-encumbered,,,,,,,,,,,,,,,,,,,,,,,,,,,,,,,,,,,,,,,,,,,,,,,,,,,,,,,,,,,,,,,,,,,,,,,,,,,,,,,,,,
- Number of shares (Crores).,--,--,--,--,--,--,--,--,--,--,--,--,--,--,--,--,--,--,--,--,--,--,--,--,--,--,194.60,194.57,194.60,194.57,194.57,194.57,192.79,192.79,192.79,192.79,192.79,181.20,181.20,181.20,181.20,181.20,181.20,181.20,181.20,181.20,--,--,--,--,--,--,--,--,--,--,--,--,--,--,--,--,--,--,--,--,--,--,--,--,--,--,--,--,--,--,--,--,--,--,--,--
- Per. of shares (as a % of the total sh. of prom. and promoter group).,--,--,--,--,--,--,--,--,--,--,--,--,--,--,--,--,--,--,--,--,--,--,--,--,--,--,100.00,100.00,100.00,100.00,100.00,100.00,100.00,100.00,100.00,100.00,100.00,100.00,100.00,100.00,100.00,100.00,100.00,100.00,100.00,100.00,--,--,--,--,--,--,--,--,--,--,--,--,--,--,--,--,--,--,--,--,--,--,--,--,--,--,--,--,--,--,--,--,--,--,--,--
- Per. of shares (as a % of the total Share Cap. of the company).,--,--,--,--,--,--,--,--,--,--,--,--,--,--,--,--,--,--,--,--,--,--,--,--,--,--,79.36,79.31,79.28,79.23,79.17,79.15,78.41,78.37,78.31,78.29,78.28,74.98,74.96,74.95,74.92,74.89,74.88,74.86,74.86,74.85,--,--,--,--,--,--,--,--,--,--,--,--,--,--,--,--,--,--,--,--,--,--,--,--,--,--,--,--,--,--,--,--,--,--,--,--
