Year,Adjustments On Amalgamation Merger Demerger Others,Asset Turnover Ratio (%),Basic EPS (Rs.),Bonus Equity Share Capital,Book Value [ExclRevalReserve]/Share (Rs.),Book Value [InclRevalReserve]/Share (Rs.),Capital Goods,Capital Work-In-Progress,Cash And Cash Equivalents,Cash And Cash Equivalents Begin of Year,Cash And Cash Equivalents End Of Year,Cash EPS (Rs.),Cash Earnings Retention Ratio (%),Close,Contingent Liabilities,Current Investments,Current Ratio (X),Deferred Tax Assets [Net],Deferred Tax Liabilities [Net],Diluted EPS (Rs.),Dividend / Share(Rs.),Dividend Payout Ratio (CP) (%),Dividend Payout Ratio (NP) (%),Dividend Remittance In Foreign Currency,EV/EBITDA (X),EV/Net Operating Revenue (X),Earnings Retention Ratio (%),Earnings Yield,Employees Cost,Enterprise Value (Cr.),Equity Share Capital,Expenditure In Foreign Currency,Fixed Assets,Foreign Exchange Gains / Losses,Intangible Assets,Interest,Inventories,Inventory Turnover Ratio (X),Long Term Borrowings,Long Term Loans And Advances,Long Term Provisions,MarketCap/Net Operating Revenue (X),Net Cash Used From Financing Activities,Net Cash Used In Investing Activities,Net CashFlow From Operating Activities,Net Inc/Dec In Cash And Cash Equivalents,Net Profit Margin (%),Net Profit/(Loss) For the Period,Net Profit/Loss Before Extraordinary Items And Tax,Net Profit/Share (Rs.),Non-Current Investments,Non-Current Investments Unquoted Book Value,Other Assets,Other Current Liabilities,Other Expenses,Other Income,Other Long Term Liabilities,Other Non-Current Assets,OtherCurrentAssets,P/L After Tax from Ordinary Activities,P/L Before Exceptional Items & Tax,"P/L Before Int., Excpt. Items & Tax","P/L Before Other Inc. , Int., Excpt. Items & Tax",P/L Before Tax,PBDIT Margin (%),PBDIT/Share (Rs.),PBIT Margin (%),PBIT/Share (Rs.),PBT Margin (%),PBT/Share (Rs.),Price/BV (X),Price/Net Operating Revenue,Quick Ratio (X),Raw Materials,Reserves and Surplus,Retention Ratios (%),Return on Assets (%),Return on Capital Employed (%),Return on Networth / Equity (%),Revenue from Operations/Share (Rs.),Short Term Borrowings,Short Term Loans And Advances,Short Term Provisions,"Stores, Spares And Loose Tools",Tangible Assets,Tax,Total Assets,Total Capital And Liabilities,Total Current Assets,Total Current Liabilities,Total Debt/Equity (X),Total Income From Operations,Total Non-Current Assets,Total Non-Current Liabilities,Total Reserves and Surplus,Total Share Capital,Total Shareholders Funds,Trade Payables,Trade Receivables,Trade/Other Goods,depreciat
Mar-04,0,37.97,11,16.6,77.38,77.38,15.44,118.63,72.78,37.12,72.78,13.01,23.18,30.96249962,205.15,0,0.67,7.28,0,11,10,76.82,90.82,50.74,22.07,7.85,9.18,0.04,91.07,8855.15,59.18,371.14,323.91,0.2,51.63,1.01,0,0,98.23,0,0,7.83,-171.35,-391.35,598.16,35.26,28.87,97.48,339.53,11,2250.36,2154.54,0,205.82,84.62,42.06,0,0,20,1556.875,1960.728485,1983.762273,1816.820455,1962.145758,35.57,13.55,30.52,11.63,30.1,11.47,3.85,7.83,0.67,0,2231.96,9.17,10.96,13.63,14.21,38.09,0,127.08,154.27,0,153.65,0.02,2970,2970,388.45,580.56,0.04,5605.158182,2581.55,98.23,2231.96,59.22,2291.18,220.47,168.59,0,13.89
Jun-04,0,37.97,11,16.6,77.38,77.38,15.44,118.63,72.78,37.12,72.78,13.01,23.18,37.3125,205.15,0,0.67,7.28,0,11,10,76.82,90.82,50.74,22.07,7.85,9.18,0.04,95.26,8855.15,59.22,371.14,323.91,0.2,51.63,2.25,0,0,98.23,0,0,7.83,-171.35,-391.35,598.16,35.26,28.87,57.71,339.53,11,2250.36,2154.54,0,205.82,103.41,36.88,0,0,20,1556.875,1960.728485,1983.762273,1816.820455,1962.145758,35.57,13.55,30.52,11.63,30.1,11.47,3.85,7.83,0.67,0,2231.96,9.17,10.96,13.63,14.21,38.09,0,127.08,154.27,0,153.65,6.34,2970,2970,388.45,580.56,0.04,5605.158182,2581.55,98.23,2231.96,59.22,2291.18,220.47,168.59,0,14.73
Sep-04,0,37.97,11,16.6,77.38,77.38,15.44,118.63,72.78,37.12,72.78,13.01,23.18,44.52500153,205.15,0,0.67,7.28,0,11,10,76.82,90.82,50.74,22.07,7.85,9.18,0.04,114.43,8855.15,59.3,371.14,323.91,0.2,51.63,0.82,0,0,98.23,0,0,7.83,-171.35,-391.35,598.16,35.26,28.87,90.75,339.53,11,2250.36,2154.54,0,205.82,94.2,42.73,0,0,20,1556.875,1960.728485,1983.762273,1816.820455,1962.145758,35.57,13.55,30.52,11.63,30.1,11.47,3.85,7.83,0.67,0,2231.96,9.17,10.96,13.63,14.21,38.09,0,127.08,154.27,0,153.65,4.46,2970,2970,388.45,580.56,0.04,5605.158182,2581.55,98.23,2231.96,59.22,2291.18,220.47,168.59,0,15.35
Dec-04,0,37.97,11,16.6,77.38,77.38,15.44,118.63,72.78,37.12,72.78,13.01,23.18,42.99499893,205.15,0,0.67,7.28,0,11,10,76.82,90.82,50.74,22.07,7.85,9.18,0.04,118.09,8855.15,63.44,371.14,323.91,0.2,51.63,1.36,0,0,98.23,0,0,7.83,-171.35,-391.35,598.16,35.26,28.87,76.54,339.53,11,2250.36,2154.54,0,205.82,98.7,10.4,0,0,20,1556.875,1960.728485,1983.762273,1816.820455,1962.145758,35.57,13.55,30.52,11.63,30.1,11.47,3.85,7.83,0.67,0,2231.96,9.17,10.96,13.63,14.21,38.09,0,127.08,154.27,0,153.65,2.52,2970,2970,388.45,580.56,0.04,5605.158182,2581.55,98.23,2231.96,59.22,2291.18,220.47,168.59,0,16.44
Mar-05,0,39.71,10.32,16.6,89.6,89.6,29.08,71.78,84.53,72.99,84.53,12.43,-26.43,46.5625,511.56,0,0.8,7.5,0,10.32,16,126.43,152.38,98.65,30.19,8.59,-52.38,0.03,126.24,12425.85,63.63,427.22,431.73,0,59.8,1.68,0,0,96.69,0,0,8.58,-493.71,239.51,265.74,11.54,22.75,76.76,338.93,10.32,2654.66,2622.08,0,171.19,99.45,15.26,0,0,0,1556.875,1960.728485,1983.762273,1816.820455,1962.145758,28.44,12.9,23.77,10.78,23.42,10.62,4.34,8.58,0.8,0,2796.14,-52.38,9.03,11.13,11.51,45.33,0,158.52,173.93,0,300.15,2.93,3643.35,3643.35,549.46,685.04,0.03,5605.158182,3093.89,96.69,2796.14,63.84,2859.98,339.92,306.41,0,17.47
Jun-05,0,39.71,10.32,16.6,89.6,89.6,29.08,71.78,84.53,72.99,84.53,12.43,-26.43,48.6875,511.56,0,0.8,7.5,0,10.32,16,126.43,152.38,98.65,30.19,8.59,-52.38,0.03,132.27,12425.85,63.84,427.22,431.73,0,59.8,1.76,0,0,96.69,0,0,8.58,-493.71,239.51,265.74,11.54,22.75,85.22,338.93,10.32,2654.66,2622.08,0,171.19,186.79,21.49,0,0,0,1556.875,1960.728485,1983.762273,1816.820455,1962.145758,28.44,12.9,23.77,10.78,23.42,10.62,4.34,8.58,0.8,0,2796.14,-52.38,9.03,11.13,11.51,45.33,0,158.52,173.93,0,300.15,-0.25,3643.35,3643.35,549.46,685.04,0.03,5605.158182,3093.89,96.69,2796.14,63.84,2859.98,339.92,306.41,0,18.3
Sep-05,0,39.71,10.32,16.6,89.6,89.6,29.08,71.78,84.53,72.99,84.53,12.43,-26.43,56.90750122,511.56,0,0.8,7.5,0,10.32,16,126.43,152.38,98.65,30.19,8.59,-52.38,0.03,157.84,12425.85,64,427.22,431.73,0,59.8,1.42,0,0,96.69,0,0,8.58,-493.71,239.51,265.74,11.54,22.75,89.39,338.93,10.32,2654.66,2622.08,0,171.19,127.15,11.97,0,0,0,1556.875,1960.728485,1983.762273,1816.820455,1962.145758,28.44,12.9,23.77,10.78,23.42,10.62,4.34,8.58,0.8,0,2796.14,-52.38,9.03,11.13,11.51,45.33,0,158.52,173.93,0,300.15,3.14,3643.35,3643.35,549.46,685.04,0.03,5605.158182,3093.89,96.69,2796.14,63.84,2859.98,339.92,306.41,0,18.96
Dec-05,0,39.71,10.32,16.6,89.6,89.6,29.08,71.78,84.53,72.99,84.53,12.43,-26.43,67.38749695,511.56,0,0.8,7.5,0,10.32,16,126.43,152.38,98.65,30.19,8.59,-52.38,0.03,429.42,12425.85,64.33,427.22,431.73,0,59.8,4,0,0,96.69,0,0,8.58,-493.71,239.51,265.74,11.54,22.75,277.79,338.93,10.32,2654.66,2622.08,0,171.19,183.96,31.71,0,0,0,1556.875,1960.728485,1983.762273,1816.820455,1962.145758,28.44,12.9,23.77,10.78,23.42,10.62,4.34,8.58,0.8,0,2796.14,-52.38,9.03,11.13,11.51,45.33,0,158.52,173.93,0,300.15,6.93,3643.35,3643.35,549.46,685.04,0.03,5605.158182,3093.89,96.69,2796.14,63.84,2859.98,339.92,306.41,0,50.84
Mar-06,0,81.4,19.74,16.6,79.64,79.64,64.88,163.63,106.22,107.3,106.22,24.03,33.6,81.77500153,331.01,0,0.98,17.83,0,19.74,16,66.4,80.84,98.39,20.1,5.32,19.16,0.04,288.35,16147.58,64.56,758,689.31,0,97.84,1.59,0,0,13.38,0,0,5.35,-641.79,-133.33,774.04,-1.08,21.04,134.76,653.83,19.74,1907.76,1323.33,0,235.13,176.14,21.22,0,0,0,1556.875,1960.728485,1983.762273,1816.820455,1962.145758,26.49,24.84,21.91,20.55,21.55,20.21,6.3,5.35,0.98,0,2511.18,19.15,17.13,24.64,24.78,93.77,0,358.58,200.08,0,427.84,-1,3725.68,3725.68,1110.78,1135.1,0.01,5605.158182,2614.9,13.38,2511.18,64.69,2575.87,699.89,645.98,0,34.29
Jun-06,0,81.4,19.74,16.6,79.64,79.64,64.88,163.63,106.22,107.3,106.22,24.03,33.6,63.08250046,331.01,0,0.98,17.83,0,19.74,16,66.4,80.84,98.39,20.1,5.32,19.16,0.04,296.29,16147.58,64.69,758,689.31,0,97.84,5.73,0,0,13.38,0,0,5.35,-641.79,-133.33,774.04,-1.08,21.04,136.45,653.83,19.74,1907.76,1323.33,0,235.13,333.63,18.45,0,0,0,1556.875,1960.728485,1983.762273,1816.820455,1962.145758,26.49,24.84,21.91,20.55,21.55,20.21,6.3,5.35,0.98,0,2511.18,19.15,17.13,24.64,24.78,93.77,0,358.58,200.08,0,427.84,6.38,3725.68,3725.68,1110.78,1135.1,0.01,5605.158182,2614.9,13.38,2511.18,64.69,2575.87,699.89,645.98,0,34.7
Sep-06,0,81.4,19.74,16.6,79.64,79.64,64.88,163.63,106.22,107.3,106.22,24.03,33.6,68.77500153,331.01,0,0.98,17.83,0,19.74,16,66.4,80.84,98.39,20.1,5.32,19.16,0.04,334.13,16147.58,64.83,758,689.31,0,97.84,2.91,0,0,13.38,0,0,5.35,-641.79,-133.33,774.04,-1.08,21.04,205.83,653.83,19.74,1907.76,1323.33,0,235.13,336.17,30.88,0,0,0,1556.875,1960.728485,1983.762273,1816.820455,1962.145758,26.49,24.84,21.91,20.55,21.55,20.21,6.3,5.35,0.98,0,2511.18,19.15,17.13,24.64,24.78,93.77,0,358.58,200.08,0,427.84,5.44,3725.68,3725.68,1110.78,1135.1,0.01,5605.158182,2614.9,13.38,2511.18,64.69,2575.87,699.89,645.98,0,38.04
Dec-06,0,81.4,19.74,16.6,79.64,79.64,64.88,163.63,106.22,107.3,106.22,24.03,33.6,80.1875,331.01,0,0.98,17.83,0,19.74,16,66.4,80.84,98.39,20.1,5.32,19.16,0.04,363.7,16147.58,64.95,758,689.31,0,97.84,4.15,0,0,13.38,0,0,5.35,-641.79,-133.33,774.04,-1.08,21.04,266.14,653.83,19.74,1907.76,1323.33,0,235.13,218.39,46.55,0,0,0,1556.875,1960.728485,1983.762273,1816.820455,1962.145758,26.49,24.84,21.91,20.55,21.55,20.21,6.3,5.35,0.98,0,2511.18,19.15,17.13,24.64,24.78,93.77,0,358.58,200.08,0,427.84,4.91,3725.68,3725.68,1110.78,1135.1,0.01,5605.158182,2614.9,13.38,2511.18,64.69,2575.87,699.89,645.98,0,44.04
Mar-07,0,76.91,16.6,81.69,51.6,51.6,50.84,212.86,380.94,106.22,380.94,19.29,58.94,72.84999847,418.65,0,1.39,29.84,0,16.6,8,41.06,47.7,98.4,16.45,5.97,52.3,0.05,380.68,22491.23,132.74,913.58,882.95,0.18,128.28,2.55,0,0,40.89,0,0,6.06,-381.57,-341.46,997.93,274.9,29.23,238.59,1177.69,16.6,1988.86,1988.86,0,144.52,226.64,64.4,0,0,275.5,1556.875,1960.728485,1983.762273,1816.820455,1962.145758,36.27,20.6,31.54,17.91,31.24,17.74,6.67,6.06,1.39,0,3292.28,52.29,22.48,31.79,32.16,56.78,0,629.1,430.74,0,541.81,8.9,4899.67,4899.67,1998.02,1433.76,0.01,5605.158182,2901.65,40.89,3292.28,132.74,3425.02,858.5,712.48,0,46.37
Jun-07,0,76.91,16.6,81.69,51.6,51.6,50.84,212.86,380.94,106.22,380.94,19.29,58.94,85.98750305,418.65,0,1.39,29.84,0,16.6,8,41.06,47.7,98.4,16.45,5.97,52.3,0.05,370.08,22491.23,132.74,913.58,882.95,0.18,128.28,3.36,0,0,40.89,0,0,6.06,-381.57,-341.46,997.93,274.9,29.23,391.23,1177.69,16.6,1988.86,1988.86,0,144.52,214.83,297.59,0,0,275.5,1556.875,1960.728485,1983.762273,1816.820455,1962.145758,36.27,20.6,31.54,17.91,31.24,17.74,6.67,6.06,1.39,0,3292.28,52.29,22.48,31.79,32.16,56.78,0,629.1,430.74,0,541.81,56.62,4899.67,4899.67,1998.02,1433.76,0.01,5605.158182,2901.65,40.89,3292.28,132.74,3425.02,858.5,712.48,0,49.76
Sep-07,0,76.91,16.6,81.69,51.6,51.6,50.84,212.86,380.94,106.22,380.94,19.29,58.94,75.13749695,418.65,0,1.39,29.84,0,16.6,8,41.06,47.7,98.4,16.45,5.97,52.3,0.05,416.85,22491.23,132.76,913.58,882.95,0.18,128.28,3.8,0,0,40.89,0,0,6.06,-381.57,-341.46,997.93,274.9,29.23,264.17,1177.69,16.6,1988.86,1988.86,0,144.52,243.2,43.25,0,0,275.5,1556.875,1960.728485,1983.762273,1816.820455,1962.145758,36.27,20.6,31.54,17.91,31.24,17.74,6.67,6.06,1.39,0,3292.28,52.29,22.48,31.79,32.16,56.78,0,629.1,430.74,0,541.81,11.78,4899.67,4899.67,1998.02,1433.76,0.01,5605.158182,2901.65,40.89,3292.28,132.74,3425.02,858.5,712.48,0,50.04
Dec-07,0,76.91,16.6,81.69,51.6,51.6,50.84,212.86,380.94,106.22,380.94,19.29,58.94,82.41249847,418.65,0,1.39,29.84,0,16.6,8,41.06,47.7,98.4,16.45,5.97,52.3,0.05,437.9,22491.23,132.76,913.58,882.95,0.18,128.28,5.76,0,0,40.89,0,0,6.06,-381.57,-341.46,997.93,274.9,29.23,266.95,1177.69,16.6,1988.86,1988.86,0,144.52,257.43,56.1,0,0,275.5,1556.875,1960.728485,1983.762273,1816.820455,1962.145758,36.27,20.6,31.54,17.91,31.24,17.74,6.67,6.06,1.39,0,3292.28,52.29,22.48,31.79,32.16,56.78,0,629.1,430.74,0,541.81,12.75,4899.67,4899.67,1998.02,1433.76,0.01,5605.158182,2901.65,40.89,3292.28,132.74,3425.02,858.5,712.48,0,52.73
Mar-08,0,79.67,11.72,81.69,48.22,48.22,67.78,419.03,686.88,380.94,686.88,14.98,40.06,63.3125,469.36,0,1.06,140.6,0,11.72,9,59.94,76.67,98.36,14.45,3.48,23.33,0.05,430.5,16043.84,133.03,1043.99,1144.32,0.11,189.37,6.15,0,0,25.33,0,0,3.62,-602.26,-148.53,1056.84,305.94,16.91,263.08,875.25,11.72,1797.34,1797.34,0,778.79,309.72,36.25,0,0,63.05,263.08,285.64,291.79,255.54,285.64,24.05,16.66,19.33,13.39,18.96,13.13,5.2,3.62,1.06,0,3079.85,23.32,13.47,24.09,24.29,69.26,0,980.34,723.54,0,535.92,22.56,5792.55,5792.55,2710.29,2552.39,0.01,1275.58,3082.26,25.33,3079.85,133.27,3213.12,1050.06,980.02,0,55.73
Jun-08,0,79.67,11.72,81.69,48.22,48.22,67.78,419.03,686.88,380.94,686.88,14.98,40.06,63.13750076,469.36,0,1.06,140.6,0,11.72,9,59.94,76.67,98.36,14.45,3.48,23.33,0.05,441.13,16043.84,133.27,1043.99,1144.32,0.11,189.37,3.36,0,0,25.33,0,0,3.62,-602.26,-148.53,1056.84,305.94,16.91,-13.54,875.25,11.72,1797.34,1797.34,0,778.79,477.52,34.81,0,0,63.05,-13.54,33.98,37.34,2.53,33.98,24.05,16.66,19.33,13.39,18.96,13.13,5.2,3.62,1.06,0,3079.85,23.32,13.47,24.09,24.29,69.26,0,980.34,723.54,0,535.92,47.52,5792.55,5792.55,2710.29,2552.39,0.01,1107.75,3082.26,25.33,3079.85,133.27,3213.12,1050.06,980.02,0,59.37
Sep-08,0,79.67,11.72,81.69,48.22,48.22,67.78,419.03,686.88,380.94,686.88,14.98,40.06,48.61249924,469.36,0,1.06,140.6,0,11.72,9,59.94,76.67,98.36,14.45,3.48,23.33,0.05,488.71,16043.84,133.74,1043.99,1144.32,0.11,189.37,2.56,0,0,25.33,0,0,3.62,-602.26,-148.53,1056.84,305.94,16.91,253.79,875.25,11.72,1797.34,1797.34,0,778.79,244.7,49.86,0,0,63.05,253.79,274.31,276.87,227.01,274.31,24.05,16.66,19.33,13.39,18.96,13.13,5.2,3.62,1.06,0,3079.85,23.32,13.47,24.09,24.29,69.26,0,980.34,723.54,0,535.92,20.52,5792.55,5792.55,2710.29,2552.39,0.01,1175.8,3082.26,25.33,3079.85,133.27,3213.12,1050.06,980.02,0,62.42
Dec-08,0,79.67,11.72,81.69,48.22,48.22,67.78,419.03,686.88,380.94,686.88,14.98,40.06,28.82500076,469.36,0,1.06,140.6,0,11.72,9,59.94,76.67,98.36,14.45,3.48,23.33,0.05,509.12,16043.84,133.93,1043.99,1144.32,0.11,189.37,3.3,0,0,25.33,0,0,3.62,-602.26,-148.53,1056.84,305.94,16.91,398.01,875.25,11.72,1797.34,1797.34,0,778.79,236.35,125.61,0,0,63.05,398.01,478.7,482,356.39,478.7,24.05,16.66,19.33,13.39,18.96,13.13,5.2,3.62,1.06,0,3079.85,23.32,13.47,24.09,24.29,69.26,0,980.34,723.54,0,535.92,80.69,5792.55,5792.55,2710.29,2552.39,0.01,1304.85,3082.26,25.33,3079.85,133.27,3213.12,1050.06,980.02,0,60.65
Mar-09,0,70.86,14.88,81.69,52.04,52.04,108.03,417.56,1365.83,686.88,1365.83,18.64,62.41,25.51250076,3317.46,0,1.47,227.45,1.45,14.88,7,37.59,47.08,110.65,7.88,2.48,52.92,0.08,459.66,11594.44,133.95,702.29,1274.54,0,248.12,1.9,87.01,53.73,26.89,0,0,2.66,-215.82,306.83,587.94,678.95,21.33,152.57,1193.92,14.88,562.75,562.75,0,854.83,225.02,44.17,0,0,143.1,152.57,184.14,186.04,141.87,184.14,31.46,21.95,26.08,18.19,25.53,17.81,3.57,2.66,1.44,0,3353.72,52.91,15.11,28.36,28.59,69.75,486.84,1447.42,377.95,0,608.86,31.57,6597.36,6597.36,4532.62,3080.78,0.15,1048.9,2064.74,28.34,3353.72,134.05,3487.77,1361.16,1489.26,0,62.4
Jun-09,0,70.86,14.88,81.69,52.04,52.04,108.03,417.56,1365.83,686.88,1365.83,18.64,62.41,46.48749924,3317.46,0,1.47,227.45,1.45,14.88,7,37.59,47.08,110.65,7.88,2.48,52.92,0.08,472.73,11594.44,134.05,702.29,1274.54,0,248.12,20.33,87.01,53.73,26.89,0,0,2.66,-215.82,306.83,587.94,678.95,21.33,192.94,1193.92,14.88,562.75,562.75,0,854.83,375.46,46.17,0,0,143.1,192.94,256.77,277.1,230.93,256.77,31.46,21.95,26.08,18.19,25.53,17.81,3.57,2.66,1.44,0,3353.72,52.91,15.11,28.36,28.59,69.75,486.84,1447.42,377.95,0,608.86,63.83,6597.36,6597.36,4532.62,3080.78,0.15,1145.54,2064.74,28.34,3353.72,134.05,3487.77,1361.16,1489.26,0,66.42
Sep-09,0,70.86,14.88,81.69,52.04,52.04,108.03,417.56,1365.83,686.88,1365.83,18.64,62.41,85.19999695,3317.46,0,1.47,227.45,1.45,14.88,7,37.59,47.08,110.65,7.88,2.48,52.92,0.08,496.72,11594.44,134.25,702.29,1274.54,0,248.12,15.23,87.01,53.73,26.89,0,0,2.66,-215.82,306.83,587.94,678.95,21.33,300.75,1193.92,14.88,562.75,562.75,0,854.83,369.69,47.87,0,0,143.1,300.75,345.1,360.33,312.46,345.1,31.46,21.95,26.08,18.19,25.53,17.81,3.57,2.66,1.44,0,3353.72,52.91,15.11,28.36,28.59,69.75,486.84,1447.42,377.95,0,608.86,44.35,6597.36,6597.36,4532.62,3080.78,0.15,1247.32,2064.74,28.34,3353.72,134.05,3487.77,1361.16,1489.26,0,68.45
Dec-09,0,70.86,14.88,81.69,52.04,52.04,108.03,417.56,1365.83,686.88,1365.83,18.64,62.41,92.82499695,3317.46,0,1.47,227.45,1.45,14.88,7,37.59,47.08,110.65,7.88,2.48,52.92,0.08,478.92,11594.44,134.7,702.29,1274.54,0,248.12,36.07,87.01,53.73,26.89,0,0,2.66,-215.82,306.83,587.94,678.95,21.33,255.44,1193.92,14.88,562.75,562.75,0,854.83,407.54,45.51,0,0,143.1,255.44,269.29,305.36,259.85,269.29,31.46,21.95,26.08,18.19,25.53,17.81,3.57,2.66,1.44,0,3353.72,52.91,15.11,28.36,28.59,69.75,486.84,1447.42,377.95,0,608.86,13.85,6597.36,6597.36,4532.62,3080.78,0.15,1213.71,2064.74,28.34,3353.72,134.05,3487.77,1361.16,1489.26,0,67.4
Mar-10,0,59.81,15.56,81.69,72.68,72.68,114.91,477.2,989.43,144,64.84,19.6,79.69,89.59999847,2505.21,0,1.87,107.69,1.53,15.56,4,20.31,25.58,48.58,16.51,4.96,74.42,0.04,592.13,25177.37,135.22,688.5,1421.03,-2.69,311.55,24.61,12.04,421.82,1030.51,0,0,4.88,583.38,-1399.11,739.26,-79.16,20.79,262.57,1152.82,15.56,2233.2,2233.2,0,531.93,218.21,34.06,0,0,190.9,262.57,288.73,313.34,279.28,288.73,30.01,22.46,24.62,18.42,22.69,16.98,5.02,4.88,1.87,0,4798.09,74.41,12.43,17.69,21.4,74.82,366.88,1451.87,433.6,0,632.28,26.16,8490.86,8490.86,4728.94,2522.96,0.28,1287.11,3761.92,1032.04,4798.09,135.76,4933.85,1190.55,2084.7,0,64.73
Jun-10,0,59.81,15.56,81.69,72.68,72.68,114.91,477.2,989.43,144,64.84,19.6,79.69,91.03749847,2505.21,0,1.87,107.69,1.53,15.56,4,20.31,25.58,48.58,16.51,4.96,74.42,0.04,619.88,25177.37,135.76,688.5,1421.03,-2.69,311.55,25.45,12.04,421.82,1030.51,0,0,4.88,583.38,-1399.11,739.26,-79.16,20.79,237.82,1152.82,15.56,2233.2,2233.2,0,531.93,397.76,35.61,0,0,190.9,237.82,249.7,275.15,239.54,249.7,30.01,22.46,24.62,18.42,22.69,16.98,5.02,4.88,1.87,0,4798.09,74.41,12.43,17.69,21.4,74.82,366.88,1451.87,433.6,0,632.28,11.88,8490.86,8490.86,4728.94,2522.96,0.28,1330.61,3761.92,1032.04,4798.09,135.76,4933.85,1190.55,2084.7,0,73.43
Sep-10,0,59.81,15.56,81.69,72.68,72.68,114.91,477.2,989.43,144,64.84,19.6,79.69,105.1875,2505.21,0,1.87,107.69,1.53,15.56,4,20.31,25.58,48.58,16.51,4.96,74.42,0.04,766.82,25177.37,136,688.5,1421.03,-2.69,311.55,26.29,12.04,421.82,1030.51,0,0,4.88,583.38,-1399.11,739.26,-79.16,20.79,194.88,1152.82,15.56,2233.2,2233.2,0,531.93,453.18,42.02,0,0,190.9,194.88,220.62,246.91,204.89,220.62,30.01,22.46,24.62,18.42,22.69,16.98,5.02,4.88,1.87,0,4798.09,74.41,12.43,17.69,21.4,74.82,366.88,1451.87,433.6,0,632.28,25.74,8490.86,8490.86,4728.94,2522.96,0.28,1498.32,3761.92,1032.04,4798.09,135.76,4933.85,1190.55,2084.7,0,73.43
Dec-10,0,59.81,15.56,81.69,72.68,72.68,114.91,477.2,989.43,144,64.84,19.6,79.69,114.0625,2505.21,0,1.87,107.69,1.53,15.56,4,20.31,25.58,48.58,16.51,4.96,74.42,0.04,830.23,25177.37,136.81,688.5,1421.03,-2.69,311.55,25.41,12.04,421.82,1030.51,0,0,4.88,583.38,-1399.11,739.26,-79.16,20.79,285.97,1152.82,15.56,2233.2,2233.2,0,531.93,451.11,38.53,0,0,190.9,285.97,308.69,334.1,295.57,308.69,30.01,22.46,24.62,18.42,22.69,16.98,5.02,4.88,1.87,0,4798.09,74.41,12.43,17.69,21.4,74.82,366.88,1451.87,433.6,0,632.28,22.72,8490.86,8490.86,4728.94,2522.96,0.28,1649.06,3761.92,1032.04,4798.09,135.76,4933.85,1190.55,2084.7,0,72.15
Mar-11,0,74.95,17.53,81.69,85.06,85.06,193.06,518.69,953.7,64.84,167.7,21.63,65.47,119.4875031,2701.38,412.63,1.91,133.06,0,17.18,7.5,34.53,42.93,78.51,20.13,4.99,57.07,0.04,830.92,33877.6,137.15,579.73,1814.62,1.08,107.4,24.51,124.97,54.37,847.11,538.89,100.72,5,-882.58,-535.03,1519.39,102.86,17.63,331.81,1289.88,17.4,2240.65,2145.72,0,1323.2,498.58,37.86,92.05,205.01,553.21,260.02,312.04,336.55,298.69,312.04,24.76,24.43,20.47,20.2,18.98,18.73,5.8,5,1.85,0,5720.41,57.06,13.21,17.36,20.45,98.66,0.29,430.8,502.12,0,1188.53,52.02,9064.8,9064.8,4132.57,2165.77,0.14,1697.73,4932.23,1039.88,5720.41,137.74,5858.15,340.16,1657.26,0,69.54
Jun-11,0,74.95,17.53,81.69,85.06,85.06,193.06,518.69,953.7,64.84,167.7,21.63,65.47,123.6875,2701.38,412.63,1.91,133.06,0,17.18,7.5,34.53,42.93,78.51,20.13,4.99,57.07,0.04,831.12,33877.6,137.74,579.73,1814.62,1.08,107.4,25.19,124.97,54.37,847.11,538.89,100.72,5,-882.58,-535.03,1519.39,102.86,17.63,385.59,1289.88,17.4,2240.65,2145.72,0,1323.2,615.41,47.12,92.05,205.01,553.21,385.59,448.51,473.7,426.58,448.51,24.76,24.43,20.47,20.2,18.98,18.73,5.8,5,1.85,0,5720.41,57.06,13.21,17.36,20.45,98.66,0.29,430.8,502.12,0,1188.53,62.92,9064.8,9064.8,4132.57,2165.77,0.14,1949.36,4932.23,1039.88,5720.41,137.74,5858.15,340.16,1657.26,0,76.25
Sep-11,0,74.95,17.53,81.69,85.06,85.06,193.06,518.69,953.7,64.84,167.7,21.63,65.47,102.2874985,2701.38,412.63,1.91,133.06,0,17.18,7.5,34.53,42.93,78.51,20.13,4.99,57.07,0.04,931.22,33877.6,137.96,579.73,1814.62,1.08,107.4,22.29,124.97,54.37,847.11,538.89,100.72,5,-882.58,-535.03,1519.39,102.86,17.63,397.55,1289.88,17.4,2240.65,2145.72,0,1323.2,516.95,49.55,92.05,205.01,553.21,397.55,476.23,498.52,448.97,476.23,24.76,24.43,20.47,20.2,18.98,18.73,5.8,5,1.85,0,5720.41,57.06,13.21,17.36,20.45,98.66,0.29,430.8,502.12,0,1188.53,78.68,9064.8,9064.8,4132.57,2165.77,0.14,1979.22,4932.23,1039.88,5720.41,137.74,5858.15,340.16,1657.26,0,82.08
Dec-11,0,74.95,17.53,81.69,85.06,85.06,193.06,518.69,953.7,64.84,167.7,21.63,65.47,96.98750305,2701.38,412.63,1.91,133.06,0,17.18,7.5,34.53,42.93,78.51,20.13,4.99,57.07,0.04,991.59,33877.6,138.15,579.73,1814.62,1.08,107.4,22.14,124.97,54.37,847.11,538.89,100.72,5,-882.58,-535.03,1519.39,102.86,17.63,493.97,1289.88,17.4,2240.65,2145.72,0,1323.2,516,25.35,92.05,205.01,553.21,493.97,600.54,622.68,597.33,600.54,24.76,24.43,20.47,20.2,18.98,18.73,5.8,5,1.85,0,5720.41,57.06,13.21,17.36,20.45,98.66,0.29,430.8,502.12,0,1188.53,106.57,9064.8,9064.8,4132.57,2165.77,0.14,2191.18,4932.23,1039.88,5720.41,137.74,5858.15,340.16,1657.26,0,86.26
Mar-12,0,81.89,28.23,81.69,95.25,95.25,200.28,549.55,1041.2,167.7,134.69,33.23,63.95,120.8125,3644.36,364.28,1.45,237.15,0,27.72,12,36.05,42.58,120.66,11.62,3.67,57.42,0.06,989.06,32672.62,138.47,884.04,2163.26,-13.23,61.32,28.92,99.99,89.08,525.65,621.67,163.18,3.71,-837.12,-1342.76,2160.1,-33.01,21.89,400.15,2360.74,28.13,2933.67,2839.03,0,1883.84,595.87,31.55,349.63,242.57,752.11,400.15,492.58,521.5,489.95,492.58,31.55,40.55,27.59,35.45,26.5,34.05,5,3.71,1.42,0,6465.15,57.41,17.93,25.51,29.53,128.48,173.22,428.71,794.61,0,1552.39,92.43,10877.03,10877.03,4678.71,3231.99,0.11,2164.72,6198.32,1038.46,6465.15,138.66,6603.81,380.32,1992.42,0,89.84
Jun-12,0,81.89,28.23,81.69,95.25,95.25,200.28,549.55,1041.2,167.7,134.69,33.23,63.95,119.1125031,3644.36,364.28,1.45,237.15,0,27.72,12,36.05,42.58,120.66,11.62,3.67,57.42,0.06,1011.19,32672.62,138.66,884.04,2163.26,-13.23,61.32,23.92,99.99,89.08,525.65,621.67,163.18,3.71,-837.12,-1342.76,2160.1,-33.01,21.89,658.75,2360.74,28.13,2933.67,2839.03,0,1883.84,688.92,38.21,349.63,242.57,752.11,658.75,791.39,815.31,777.1,791.39,31.55,40.55,27.59,35.45,26.5,34.05,5,3.71,1.42,0,6465.15,57.41,17.93,25.51,29.53,128.48,173.22,428.71,794.61,0,1552.39,132.64,10877.03,10877.03,4678.71,3231.99,0.11,2572.1,6198.32,1038.46,6465.15,138.66,6603.81,380.32,1992.42,0,94.89
Sep-12,0,81.89,28.23,81.69,95.25,95.25,200.28,549.55,1041.2,167.7,134.69,33.23,63.95,144.3625031,3644.36,364.28,1.45,237.15,0,27.72,12,36.05,42.58,120.66,11.62,3.67,57.42,0.06,1113.4,32672.62,138.81,884.04,2163.26,-13.23,61.32,22.84,99.99,89.08,525.65,621.67,163.18,3.71,-837.12,-1342.76,2160.1,-33.01,21.89,699.84,2360.74,28.13,2933.67,2839.03,0,1883.84,637.96,43.7,349.63,242.57,752.11,699.84,865.66,888.5,844.8,865.66,31.55,40.55,27.59,35.45,26.5,34.05,5,3.71,1.42,0,6465.15,57.41,17.93,25.51,29.53,128.48,173.22,428.71,794.61,0,1552.39,165.82,10877.03,10877.03,4678.71,3231.99,0.11,2696.72,6198.32,1038.46,6465.15,138.66,6603.81,380.32,1992.42,0,100.56
Dec-12,0,81.89,28.23,81.69,95.25,95.25,200.28,549.55,1041.2,167.7,134.69,33.23,63.95,154.6750031,3644.36,364.28,1.45,237.15,0,27.72,12,36.05,42.58,120.66,11.62,3.67,57.42,0.06,1096.06,32672.62,138.91,884.04,2163.26,-13.23,61.32,19.66,99.99,89.08,525.65,621.67,163.18,3.71,-837.12,-1342.76,2160.1,-33.01,21.89,724.72,2360.74,28.13,2933.67,2839.03,0,1883.84,644.13,39.92,349.63,242.57,752.11,724.72,942.45,962.11,922.19,942.45,31.55,40.55,27.59,35.45,26.5,34.05,5,3.71,1.42,0,6465.15,57.41,17.93,25.51,29.53,128.48,173.22,428.71,794.61,0,1552.39,217.73,10877.03,10877.03,4678.71,3231.99,0.11,2766.22,6198.32,1038.46,6465.15,138.66,6603.81,380.32,1992.42,0,103.84
Mar-13,21.6,78.43,53.32,81.69,146.84,146.84,133.95,488.19,2808.83,134.69,155.81,59.51,79.86,198.75,4186.27,445.98,1.88,376.69,0,52.45,12,20.14,22.54,120.06,10.44,4.15,77.46,0.07,1143.56,51888.84,139.22,1131.64,2442.37,-9.78,57.23,19.96,81.84,152.95,532.66,764.09,165.98,4.32,-1175.37,-2985.48,4170.15,21.12,29.59,832.96,4451.2,53.16,3609.72,3559.72,0,2978.45,760.24,60.37,436.92,132.7,1076.39,832.96,977.46,997.42,937.05,977.46,39.69,71.31,36.16,64.97,36.3,65.22,5.29,4.32,1.86,0,10093.36,77.45,23.21,32.57,36.2,179.63,82.48,1511.51,1191.81,0,1896.95,144.5,15959.33,15959.33,8633.76,4586.03,0.06,2943.69,7325.57,1135.56,10093.36,139.37,10232.73,333.29,2709.21,0,102.84
Jun-13,21.6,78.43,53.32,81.69,146.84,146.84,133.95,488.19,2808.83,134.69,155.81,59.51,79.86,194,4186.27,445.98,1.88,376.69,0,52.45,12,20.14,22.54,120.06,10.44,4.15,77.46,0.07,1275.59,51888.84,139.37,1131.64,2442.37,-9.78,57.23,14,81.84,152.95,532.66,764.09,165.98,4.32,-1175.37,-2985.48,4170.15,21.12,29.59,1447.21,4451.2,53.16,3609.72,3559.72,0,2978.45,1195.82,174.51,436.92,132.7,1076.39,1447.21,1665.63,1679.63,1505.12,1759.17,39.69,71.31,36.16,64.97,36.3,65.22,5.29,4.32,1.86,0,10093.36,77.45,23.21,32.57,36.2,179.63,82.48,1511.51,1191.81,0,1896.95,311.96,15959.33,15959.33,8633.76,4586.03,0.06,4111.19,7325.57,1135.56,10093.36,139.37,10232.73,333.29,2709.21,0,134.66
Sep-13,21.6,78.43,53.32,81.69,146.84,146.84,133.95,488.19,2808.83,134.69,155.81,59.51,79.86,271.7999878,4186.27,445.98,1.88,376.69,0,52.45,12,20.14,22.54,120.06,10.44,4.15,77.46,0.07,1286.78,51888.84,139.56,1131.64,2442.37,-9.78,57.23,18.47,81.84,152.95,532.66,764.09,165.98,4.32,-1175.37,-2985.48,4170.15,21.12,29.59,1290.97,4451.2,53.16,3609.72,3559.72,0,2978.45,934.01,114.27,436.92,132.7,1076.39,1290.97,1594.51,1612.98,1498.71,1594.51,39.69,71.31,36.16,64.97,36.3,65.22,5.29,4.32,1.86,0,10093.36,77.45,23.21,32.57,36.2,179.63,82.48,1511.51,1191.81,0,1896.95,303.54,15959.33,15959.33,8633.76,4586.03,0.06,3843.81,7325.57,1135.56,10093.36,139.37,10232.73,333.29,2709.21,0,124.31
Dec-13,21.6,78.43,53.32,81.69,146.84,146.84,133.95,488.19,2808.83,134.69,155.81,59.51,79.86,315.6375122,4186.27,445.98,1.88,376.69,0,52.45,12,20.14,22.54,120.06,10.44,4.15,77.46,0.07,1261.07,51888.84,139.77,1131.64,2442.37,-9.78,57.23,21.54,81.84,152.95,532.66,764.09,165.98,4.32,-1175.37,-2985.48,4170.15,21.12,29.59,1297.87,4451.2,53.16,3609.72,3559.72,0,2978.45,1012.66,139.65,436.92,132.7,1076.39,1297.87,1560.48,1582.02,1442.37,1560.48,39.69,71.31,36.16,64.97,36.3,65.22,5.29,4.32,1.86,0,10093.36,77.45,23.21,32.57,36.2,179.63,82.48,1511.51,1191.81,0,1896.95,262.61,15959.33,15959.33,8633.76,4586.03,0.06,3836.21,7325.57,1135.56,10093.36,139.37,10232.73,333.29,2709.21,0,120.11
Mar-14,0,75.62,85.66,81.69,224.94,224.94,138.25,518.5,7911.08,155.81,240.73,92.5,89.19,347.6749878,3519.61,556.29,2.62,311.79,0,84.51,10,10.81,11.7,191.95,12.16,5.87,88.3,0.06,1269.09,96904.12,139.88,1419.4,2967.07,-9.09,44.27,19.18,15.54,1061.61,27.45,836.78,175.28,6.35,-1397.67,-4655.54,6147.22,84.92,36.27,1412.54,7397.66,85.49,3559.72,3559.72,0,4006.16,1065.65,169.93,515.43,132.62,1315.1,1412.54,1742.88,1762.06,1592.13,1742.88,48.31,113.86,45.33,106.85,44.84,105.68,6.65,6.35,2.62,0,15605.61,88.29,27.43,36.33,38,235.68,29.25,984.32,915.2,0,2404.3,330.34,21814.5,21814.5,14006.52,5343.08,0,4045.91,7807.98,718.16,15605.61,140,15745.61,392.47,3224.19,0,119.04
Jun-14,0,75.62,85.66,81.69,224.94,224.94,138.25,518.5,7911.08,155.81,240.73,92.5,89.19,375.0375061,3519.61,556.29,2.62,311.79,0,84.51,10,10.81,11.7,191.95,12.16,5.87,88.3,0.06,1307.01,96904.12,140,1419.4,2967.07,-9.09,44.27,22.46,15.54,1061.61,27.45,836.78,175.28,6.35,-1397.67,-4655.54,6147.22,84.92,36.27,1983.24,7397.66,85.49,3559.72,3559.72,0,4006.16,1050.21,235.27,515.43,132.62,1315.1,1983.24,2499.79,2522.25,2286.98,2499.79,48.31,113.86,45.33,106.85,44.84,105.68,6.65,6.35,2.62,0,15605.61,88.29,27.43,36.33,38,235.68,29.25,984.32,915.2,0,2404.3,516.55,21814.5,21814.5,14006.52,5343.08,0,4771.44,7807.98,718.16,15605.61,140,15745.61,392.47,3224.19,0,127.24
Sep-14,0,75.62,85.66,81.69,224.94,224.94,138.25,518.5,7911.08,155.81,240.73,92.5,89.19,428.6875,3519.61,556.29,2.62,311.79,0,84.51,10,10.81,11.7,191.95,12.16,5.87,88.3,0.06,1368.13,96904.12,140.26,1419.4,2967.07,-9.09,44.27,21.49,15.54,1061.61,27.45,836.78,175.28,6.35,-1397.67,-4655.54,6147.22,84.92,36.27,1682.56,7397.66,85.49,3559.72,3559.72,0,4006.16,888.87,365.08,515.43,132.62,1315.1,1682.56,2071.64,2093.13,1728.05,2071.64,48.31,113.86,45.33,106.85,44.84,105.68,6.65,6.35,2.62,0,15605.61,88.29,27.43,36.33,38,235.68,29.25,984.32,915.2,0,2404.3,389.08,21814.5,21814.5,14006.52,5343.08,0,4054.4,7807.98,718.16,15605.61,140,15745.61,392.47,3224.19,0,69.35
Dec-14,0,75.62,85.66,81.69,224.94,224.94,138.25,518.5,7911.08,155.81,240.73,92.5,89.19,399.2250061,3519.61,556.29,2.62,311.79,0,84.51,10,10.81,11.7,191.95,12.16,5.87,88.3,0.06,1457.59,96904.12,140.47,1419.4,2967.07,-9.09,44.27,12.47,15.54,1061.61,27.45,836.78,175.28,6.35,-1397.67,-4655.54,6147.22,84.92,36.27,1663.47,7397.66,85.49,3559.72,3559.72,0,4006.16,924.99,253.08,515.43,132.62,1315.1,1663.47,2033.34,2045.81,1792.73,2033.34,48.31,113.86,45.33,106.85,44.84,105.68,6.65,6.35,2.62,0,15605.61,88.29,27.43,36.33,38,235.68,29.25,984.32,915.2,0,2404.3,369.87,21814.5,21814.5,14006.52,5343.08,0,4247.59,7807.98,718.16,15605.61,140,15745.61,392.47,3224.19,0,72.28
Mar-15,0,68.84,45.17,222.26,138.02,138.02,142.75,543.95,8829.41,240.73,432.73,47.27,64.11,490.2000122,1222.24,624.73,3.23,217.88,0,44.91,30,35.89,37.59,407.78,14.98,7.04,62.41,0.05,1535.66,120697.44,281.14,1535.76,3608.18,-20.42,39.25,12.21,83.65,205.06,27.22,1106.39,198.77,7.55,-3360.21,-1763.04,5335.67,192,36.99,1564.74,7698.54,45.13,3500.23,3500.23,0,3643.67,1101.37,251.97,282.94,308.1,1400.51,1564.74,1914.16,1926.37,1674.4,1914.16,46.98,57.32,45.23,55.19,44.88,54.75,6.67,7.55,3.22,0,19124.53,62.4,25.47,31.86,32.7,122,0,1657.7,888.13,58.28,3024.98,349.42,24915.06,24915.06,16174.28,5000.38,0,4385.95,8740.78,508.93,19124.53,281.2,19405.73,468.58,3578.28,58.28,74.52
Jun-15,0,68.84,45.17,222.26,138.02,138.02,142.75,543.95,8829.41,240.73,432.73,47.27,64.11,459.875,1222.24,624.73,3.23,217.88,0,44.91,30,35.89,37.59,407.78,14.98,7.04,62.41,0.05,1563.24,120697.44,281.2,1535.76,3608.18,-20.42,39.25,14.47,83.65,205.06,27.22,1106.39,198.77,7.55,-3360.21,-1763.04,5335.67,192,36.99,1435.17,7698.54,45.13,3500.23,3500.23,0,3643.67,1243.3,204.61,282.94,308.1,1400.51,1435.17,1679.39,1693.86,1489.25,1679.39,46.98,57.32,45.23,55.19,44.88,54.75,6.67,7.55,3.22,0,19124.53,62.4,25.47,31.86,32.7,122,0,1657.7,888.13,58.28,3024.98,244.22,24915.06,24915.06,16174.28,5000.38,0,4465.5,8740.78,508.93,19124.53,281.2,19405.73,468.58,3578.28,58.28,83.77
Sep-15,0,68.84,45.17,222.26,138.02,138.02,142.75,543.95,8829.41,240.73,432.73,47.27,64.11,491.0750122,1222.24,624.73,3.23,217.88,0,44.91,30,35.89,37.59,407.78,14.98,7.04,62.41,0.05,1635.14,120697.44,281.25,1535.76,3608.18,-20.42,39.25,16.65,83.65,205.06,27.22,1106.39,198.77,7.55,-3360.21,-1763.04,5335.67,192,36.99,1399.29,7698.54,45.13,3500.23,3500.23,0,3643.67,1115.68,268.11,282.94,308.1,1400.51,1399.29,1742.9,1759.55,1491.44,1742.9,46.98,57.32,45.23,55.19,44.88,54.75,6.67,7.55,3.22,0,19124.53,62.4,25.47,31.86,32.7,122,0,1657.7,888.13,58.28,3024.98,343.61,24915.06,24915.06,16174.28,5000.38,0,4350.15,8740.78,508.93,19124.53,281.2,19405.73,468.58,3578.28,58.28,88.38
Dec-15,0,68.84,45.17,222.26,138.02,138.02,142.75,543.95,8829.41,240.73,432.73,47.27,64.11,427.5499878,1222.24,624.73,3.23,217.88,0,44.91,30,35.89,37.59,407.78,14.98,7.04,62.41,0.05,1651.37,120697.44,281.86,1535.76,3608.18,-20.42,39.25,14.74,83.65,205.06,27.22,1106.39,198.77,7.55,-3360.21,-1763.04,5335.67,192,36.99,1649.66,7698.54,45.13,3500.23,3500.23,0,3643.67,1010.95,361.13,282.94,308.1,1400.51,1649.66,2039.11,2053.85,1692.72,2039.11,46.98,57.32,45.23,55.19,44.88,54.75,6.67,7.55,3.22,0,19124.53,62.4,25.47,31.86,32.7,122,0,1657.7,888.13,58.28,3024.98,389.45,24915.06,24915.06,16174.28,5000.38,0,4471.85,8740.78,508.93,19124.53,281.2,19405.73,468.58,3578.28,58.28,95.71
Mar-16,0,50.52,33.52,222.26,152.41,152.41,95.14,582.12,8662.96,432.73,125.17,35.42,46.01,407.0499878,259.91,471.72,3.91,1179.72,0,33.43,16,53.99,57.16,383.82,17.4,7.9,42.84,0.04,1580.41,106192.95,282.08,1236.42,3398.36,7.64,53.34,14.43,128.56,104.5,28.16,15,344.08,8.55,-2698.98,-770.52,3154.3,-307.56,35.12,1671.51,5781.55,33.46,3502.58,3502.58,0,3962.7,1131.49,283.4,206.24,852.2,2278.04,1671.51,2001.65,2016.08,1732.68,2001.65,45.43,43.28,43.37,41.32,43.03,40.99,5.34,8.55,3.88,0,21214.49,42.83,17.74,21.37,21.95,95.25,0.03,2014.37,96.34,70.67,2762.9,330.14,26588.04,26588.04,17640.18,4512.99,0,4612.64,8947.86,578.48,21214.49,282.08,21496.57,453.92,4084.53,70.67,92.8
Jun-16,0,50.52,33.52,222.26,152.41,152.41,95.14,582.12,8662.96,432.73,125.17,35.42,46.01,365.2250061,259.91,471.72,3.91,1179.72,0,33.43,16,53.99,57.16,383.82,17.4,7.9,42.84,0.04,1569.51,106192.95,282.15,1236.42,3398.36,7.64,53.34,10.27,128.56,104.5,28.16,15,344.08,8.55,-2698.98,-770.52,3154.3,-307.56,35.12,1799.29,5781.55,33.46,3502.58,3502.58,0,3962.7,904.06,220.01,206.24,852.2,2278.04,1799.29,2225.44,2235.71,2015.7,2225.44,45.43,43.28,43.37,41.32,43.03,40.99,5.34,8.55,3.88,0,21214.49,42.83,17.74,21.37,21.95,95.25,0.03,2014.37,96.34,70.67,2762.9,426.15,26588.04,26588.04,17640.18,4512.99,0,4608.8,8947.86,578.48,21214.49,282.08,21496.57,453.92,4084.53,70.67,93.36
Sep-16,0,50.52,33.52,222.26,152.41,152.41,95.14,582.12,8662.96,432.73,125.17,35.42,46.01,399.9500122,259.91,471.72,3.91,1179.72,0,33.43,16,53.99,57.16,383.82,17.4,7.9,42.84,0.04,1639.67,106192.95,282.18,1236.42,3398.36,7.64,53.34,2.49,128.56,104.5,28.16,15,344.08,8.55,-2698.98,-770.52,3154.3,-307.56,35.12,1690.72,5781.55,33.46,3502.58,3502.58,0,3962.7,1080.12,237.87,206.24,852.2,2278.04,1690.72,2095.58,2098.07,1860.2,2095.58,45.43,43.28,43.37,41.32,43.03,40.99,5.34,8.55,3.88,0,21214.49,42.83,17.74,21.37,21.95,95.25,0.03,2014.37,96.34,70.67,2762.9,404.86,26588.04,26588.04,17640.18,4512.99,0,4705.77,8947.86,578.48,21214.49,282.08,21496.57,453.92,4084.53,70.67,102.27
Dec-16,0,50.52,33.52,222.26,152.41,152.41,95.14,582.12,8662.96,432.73,125.17,35.42,46.01,413.9750061,259.91,471.72,3.91,1179.72,0,33.43,16,53.99,57.16,383.82,17.4,7.9,42.84,0.04,1694.91,106192.95,282.24,1236.42,3398.36,7.64,53.34,9.43,128.56,104.5,28.16,15,344.08,8.55,-2698.98,-770.52,3154.3,-307.56,35.12,1661.54,5781.55,33.46,3502.58,3502.58,0,3962.7,1153.58,187.53,206.24,852.2,2278.04,1661.54,2080.42,2089.85,1902.32,2080.42,45.43,43.28,43.37,41.32,43.03,40.99,5.34,8.55,3.88,0,21214.49,42.83,17.74,21.37,21.95,95.25,0.03,2014.37,96.34,70.67,2762.9,418.88,26588.04,26588.04,17640.18,4512.99,0,4889.26,8947.86,578.48,21214.49,282.08,21496.57,453.92,4084.53,70.67,123.42
Mar-17,0,59.67,48.18,222.26,182.27,182.27,209,411,7962,125,352,51.59,53.94,437.375,408,914,3.06,1211,0,48.13,24,46.06,49.26,576,13.22,6.03,50.74,0.06,1939.29,116478.63,285.36,2164,8400,-13,4863,33.84,90,214.64,31,0,411,6.44,-4112,-2643,6995,227,35.57,1721.14,8276,48.23,3810,3810,0,5319,1240.29,230.64,41,834,2189,1721.14,1874.63,1908.47,1677.83,1874.63,45.59,61.82,43.12,58.46,42.84,58.08,4.79,6.44,3.05,0,25688,50.73,21.23,31.49,26.46,135.56,0,2543,111,19,3126,153.49,32371,32371,18116,5915,0,5114.48,14255,483,25688,285,25973,485,4418,19,159.84
Jun-17,0,59.67,48.18,222.26,182.27,182.27,209,411,7962,125,352,51.59,53.94,425.4500122,408,914,3.06,1211,0,48.13,24,46.06,49.26,576,13.22,6.03,50.74,0.06,1761,116478.63,285.36,2164,8400,-13,4863,6,90,214.64,31,0,411,6.44,-4112,-2643,6995,227,35.57,1762,8276,48.23,3810,3810,0,5319,1234,199,41,834,2189,1762,2174,2180,1981,2174,45.59,61.82,43.12,58.46,42.84,58.08,4.79,6.44,3.05,0,25688,50.73,21.23,31.49,26.46,135.56,0,2543,111,19,3126,412,32371,32371,18116,5915,0,5179,14255,483,25688,285,25973,485,4418,19,131
Sep-17,0,59.67,48.18,222.26,182.27,182.27,209,411,7962,125,352,51.59,53.94,437.3999939,408,914,3.06,1211,0,48.13,24,46.06,49.26,576,13.22,6.03,50.74,0.06,1890,116478.63,278.41,2164,8400,-13,4863,5,90,214.64,31,0,411,6.44,-4112,-2643,6995,227,35.57,1790,8276,48.23,3810,3810,0,5319,1243,162,41,834,2189,1790,2272,2277,2115,2272,45.59,61.82,43.12,58.46,42.84,58.08,4.79,6.44,3.05,0,25688,50.73,21.23,31.49,26.46,135.56,0,2543,111,19,3126,482,32371,32371,18116,5915,0,5460,14255,483,25688,285,25973,485,4418,19,184
Dec-17,0,59.67,48.18,222.26,182.27,182.27,209,411,7962,125,352,51.59,53.94,445.25,408,914,3.06,1211,0,48.13,24,46.06,49.26,576,13.22,6.03,50.74,0.06,1878,116478.63,278.41,2164,8400,-13,4863,6,90,214.64,31,0,411,6.44,-4112,-2643,6995,227,35.57,1969,8276,48.23,3810,3810,0,5319,1271,143,41,834,2189,1969,2384,2390,2247,2384,45.59,61.82,43.12,58.46,42.84,58.08,4.79,6.44,3.05,0,25688,50.73,21.23,31.49,26.46,135.56,0,2543,111,19,3126,415,32371,32371,18116,5915,0,5723,14255,483,25688,285,25973,485,4418,19,294
Mar-18,0,67.25,52.54,216.8,198.29,198.29,2952,298,2325,352,210,59.39,79.51,484.2999878,202,2130,3.29,1506,0,52.5,12,20.49,22.98,285,13.19,6,77.02,0.05,1836,132468.5,278.45,2012,10726,39,7135,6,40,551.83,33,235,471,6.11,-5547,-973,6339,-142,33.35,1841,9125,52.96,4068,3808,0,4020,1433,198,58,835,2088,1841,2295,2301,2103,2295,45.48,72.24,41.44,65.81,41.34,65.65,4.89,6.11,3.28,0,27285,77.01,22.43,32.52,26.7,158.8,0,3438,129,203,3293,454,32818,32818,15448,4693,0,5711,17370,562,27285,278,27563,544,5427,203,284
Jun-18,0,67.25,52.54,216.8,198.29,198.29,2952,298,2325,352,210,59.39,79.51,463.125,202,2130,3.29,1506,0,52.5,12,20.49,22.98,285,13.19,6,77.02,0.05,1861,132468.5,278.45,2012,10726,39,7135,5,40,551.83,33,235,471,6.11,-5547,-973,6339,-142,33.35,1986,9125,52.96,4068,3808,0,4020,1626,211,58,835,2088,1986,2373,2378,2167,2373,45.48,72.24,41.44,65.81,41.34,65.65,4.89,6.11,3.28,0,27285,77.01,22.43,32.52,26.7,158.8,0,3438,129,203,3293,387,32818,32818,15448,4693,0,6013,17370,562,27285,278,27563,544,5427,203,318
Sep-18,0,67.25,52.54,216.8,198.29,198.29,2952,298,2325,352,210,59.39,79.51,543.9000244,202,2130,3.29,1506,0,52.5,12,20.49,22.98,285,13.19,6,77.02,0.05,2008,132468.5,279,2012,10726,39,7135,4,40,551.83,33,235,471,6.11,-5547,-973,6339,-142,33.35,2154,9125,52.96,4068,3808,0,4020,1773,264,58,835,2088,2154,2637,2641,2377,2637,45.48,72.24,41.44,65.81,41.34,65.65,4.89,6.11,3.28,0,27285,77.01,22.43,32.52,26.7,158.8,0,3438,129,203,3293,483,32818,32818,15448,4693,0,6485,17370,562,27285,278,27563,544,5427,203,312
Dec-18,0,67.25,52.54,216.8,198.29,198.29,2952,298,2325,352,210,59.39,79.51,482.1749878,202,2130,3.29,1506,0,52.5,12,20.49,22.98,285,13.19,6,77.02,0.05,2064,132468.5,271.25,2012,10726,39,7135,5,40,551.83,33,235,471,6.11,-5547,-973,6339,-142,33.35,2014,9125,52.96,4068,3808,0,4020,1825,116,58,835,2088,2014,2381,2386,2270,2381,45.48,72.24,41.44,65.81,41.34,65.65,4.89,6.11,3.28,0,27285,77.01,22.43,32.52,26.7,158.8,0,3438,129,203,3293,367,32818,32818,15448,4693,0,6556,17370,562,27285,278,27563,544,5427,203,328
Mar-19,0,69.44,59.69,211.34,224.64,224.64,1561,212,6273,210,4523,69.82,88.39,543.7249756,263,2002,2.93,2107,0,59.66,8,11.61,13.42,183,12.58,5.43,86.58,0.06,2146,141183,271.25,4470,11447,-23,7728,2,18,1445.11,32,355,553,5.67,-5335,995,8676,4313,31.46,2031,9931,60.41,3808,3808,0,3871,2127,214,53,1032,2925,2031,2540,2542,2328,2540,43.14,82.83,38.24,73.41,38.17,73.29,4.84,5.67,2.93,0,30168,86.57,21.85,32,26.88,191.97,0,1244,141,325,3507,509,37456,37456,18707,6379,0,6958,18749,638,30168,271,30439,2367,6245,325,318
Jun-19,0,69.44,59.69,211.34,224.64,224.64,1561,212,6273,210,4523,69.82,88.39,532.3250122,263,2002,2.93,2107,0,59.66,8,11.61,13.42,183,12.58,5.43,86.58,0.06,2329,141183,271.25,4470,11447,-23,7728,27,18,1445.11,32,355,553,5.67,-5335,995,8676,4313,31.46,1793,9931,60.41,3808,3808,0,3871,1891,209,53,1032,2925,1793,2317,2344,2135,2317,43.14,82.83,38.24,73.41,38.17,73.29,4.84,5.67,2.93,0,30168,86.57,21.85,32,26.88,191.97,0,1244,141,325,3507,524,37456,37456,18707,6379,0,6765,18749,638,30168,271,30439,2367,6245,325,393
Sep-19,0,69.44,59.69,211.34,224.64,224.64,1561,212,6273,210,4523,69.82,88.39,540.2999878,263,2002,2.93,2107,0,59.66,8,11.61,13.42,183,12.58,5.43,86.58,0.06,2444,141183,271,4470,11447,-23,7728,72,18,1445.11,32,355,553,5.67,-5335,995,8676,4313,31.46,2232,9931,60.41,3808,3808,0,3871,2486,93,53,1032,2925,2232,2799,2871,2778,2799,43.14,82.83,38.24,73.41,38.17,73.29,4.84,5.67,2.93,0,30168,86.57,21.85,32,26.88,191.97,0,1244,141,325,3507,567,37456,37456,18707,6379,0,8130,18749,638,30168,271,30439,2367,6245,325,393
Dec-19,0,69.44,59.69,211.34,224.64,224.64,1561,212,6273,210,4523,69.82,88.39,568.0999756,263,2002,2.93,2107,0,59.66,8,11.61,13.42,183,12.58,5.43,86.58,0.06,2521,141183,542.73,4470,11447,-23,7728,72,18,1445.11,32,355,553,5.67,-5335,995,8676,4313,31.46,2444,9931,60.41,3808,3808,0,3871,2580,127,53,1032,2925,2444,2991,3063,2936,2991,43.14,82.83,38.24,73.41,38.17,73.29,4.84,5.67,2.93,0,30168,86.57,21.85,32,26.88,191.97,0,1244,141,325,3507,547,37456,37456,18707,6379,0,8654,18749,638,30168,271,30439,2367,6245,325,566
Mar-20,0,60.92,33.06,482.74,137.37,137.37,163,311,1291,4523,1291,40.22,87.58,436.3999939,318,6668,1.69,1997,0,33.05,10,12.42,15.12,224,8.79,3.6,84.88,0.08,2622,117446.63,543,6913,22932,-8,18050,67,14,2329,160,0,775,3.64,-1988,-11091,9855,-3232,27.5,2500,11177,33.03,4207,4207,0,11499,2805,158,1343,849,4662,2500,3070,3137,2979,3070,40.99,49.23,35,42.04,34.27,41.17,3.18,3.64,1.69,0,36753,84.87,16.75,28.84,24.04,120.1,0,3391,169,344,4571,570,53515,53515,23530,13941,0,9057,29985,2278,36753,543,37296,2273,7504,344,600
Jun-20,0,60.92,33.06,482.74,137.37,137.37,163,311,1291,4523,1291,40.22,87.58,556.8499756,318,6668,1.69,1997,0,33.05,10,12.42,15.12,224,8.79,3.6,84.88,0.08,2650,117446.63,542.73,6913,22932,-8,18050,66,14,2329,160,0,775,3.64,-1988,-11091,9855,-3232,27.5,2360,11177,33.03,4207,4207,0,11499,2212,316,1343,849,4662,2360,3075,3141,2825,3075,40.99,49.23,35,42.04,34.27,41.17,3.18,3.64,1.69,0,36753,84.87,16.75,28.84,24.04,120.1,0,3391,169,344,4571,715,53515,53515,23530,13941,0,8362,29985,2278,36753,543,37296,2273,7504,344,651
Sep-20,0,60.92,33.06,482.74,137.37,137.37,163,311,1291,4523,1291,40.22,87.58,811.5999756,318,6668,1.69,1997,0,33.05,10,12.42,15.12,224,8.79,3.6,84.88,0.08,2835,117446.63,543,6913,22932,-8,18050,27,14,2329,160,0,775,3.64,-1988,-11091,9855,-3232,27.5,2530,11177,33.03,4207,4207,0,11499,2054,181,1343,849,4662,2530,3234,3261,3080,3234,40.99,49.23,35,42.04,34.27,41.17,3.18,3.64,1.69,0,36753,84.87,16.75,28.84,24.04,120.1,0,3391,169,344,4571,704,53515,53515,23530,13941,0,8658,29985,2278,36753,543,37296,2273,7504,344,659
Dec-20,0,60.92,33.06,482.74,137.37,137.37,163,311,1291,4523,1291,40.22,87.58,946.1500244,318,6668,1.69,1997,0,33.05,10,12.42,15.12,224,8.79,3.6,84.88,0.08,2886,117446.63,542.73,6913,22932,-8,18050,64,14,2329,160,0,775,3.64,-1988,-11091,9855,-3232,27.5,3397,11177,33.03,4207,4207,0,11499,2250,218,1343,849,4662,3397,3642,3706,3488,3642,40.99,49.23,35,42.04,34.27,41.17,3.18,3.64,1.69,0,36753,84.87,16.75,28.84,24.04,120.1,0,3391,169,344,4571,245,53515,53515,23530,13941,0,9404,29985,2278,36753,543,37296,2273,7504,344,719
Mar-21,0,64.43,32.22,482.74,160.42,160.42,175,245,5056,1294,2876,42.56,71.82,982.6500244,200,6605,2.77,668,0,32.22,10,28.18,37.25,510,17.02,7.35,62.75,0.03,3378,262157.68,543,6922,21150,14,16403,20,18,1981.83,207,0,866,7.48,-9649,-4548,15765,1582,24.5,456,12410,32.2,5041,5041,0,7085,2834,250,716,788,5977,456,2459,2479,2229,2459,43.16,56.72,35.28,46.36,34.78,45.71,6.13,7.48,2.76,0,43010,62.74,15.79,27.76,20.07,131.39,0,4841,227,348,4502,2003,55361,55361,27714,10019,0,9249,27647,1789,43010,543,43553,2707,5217,348,784
Jun-21,0,64.43,32.22,482.74,160.42,160.42,175,245,5056,1294,2876,42.56,71.82,983.5,200,6605,2.77,668,0,32.22,10,28.18,37.25,510,17.02,7.35,62.75,0.03,3440,262157.68,543,6922,21150,14,16403,30,18,1981.83,207,0,866,7.48,-9649,-4548,15765,1582,24.5,2672,12410,32.2,5041,5041,0,7085,2358,261,716,788,5977,2672,3313,3343,3082,3313,43.16,56.72,35.28,46.36,34.78,45.71,6.13,7.48,2.76,0,43010,62.74,15.79,27.76,20.07,131.39,0,4841,227,348,4502,641,55361,55361,27714,10019,0,9556,27647,1789,43010,543,43553,2707,5217,348,660
Sep-21,0,64.43,32.22,482.74,160.42,160.42,175,245,5056,1294,2876,42.56,71.82,1279.550049,200,6605,2.77,668,0,32.22,10,28.18,37.25,510,17.02,7.35,62.75,0.03,3751,262157.68,543,6922,21150,14,16403,25,18,1981.83,207,0,866,7.48,-9649,-4548,15765,1582,24.5,2562,12410,32.2,5041,5041,0,7085,2351,177,716,788,5977,2562,3152,3177,3000,3152,43.16,56.72,35.28,46.36,34.78,45.71,6.13,7.48,2.76,0,43010,62.74,15.79,27.76,20.07,131.39,0,4841,227,348,4502,590,55361,55361,27714,10019,0,9786,27647,1789,43010,543,43553,2707,5217,348,644
Dec-21,0,64.43,32.22,482.74,160.42,160.42,175,245,5056,1294,2876,42.56,71.82,1319.099976,200,6605,2.77,668,0,32.22,10,28.18,37.25,510,17.02,7.35,62.75,0.03,4200,262157.68,543,6922,21150,14,16403,28,18,1981.83,207,0,866,7.48,-9649,-4548,15765,1582,24.5,2637,12410,32.2,5041,5041,0,7085,2510,187,716,788,5977,2637,3331,3359,3172,3331,43.16,56.72,35.28,46.36,34.78,45.71,6.13,7.48,2.76,0,43010,62.74,15.79,27.76,20.07,131.39,0,4841,227,348,4502,694,55361,55361,27714,10019,0,10662,27647,1789,43010,543,43553,2707,5217,348,728
Mar-22,0,0.75,40.1,482.74,156.87,156.87,107,79,4849,2876,2907,49.68,15.56,1163.75,305,6039,2.97,736,0,40.09,42,84.44,104.75,1786,19.46,7.66,-4.75,0.03,4481,311226.53,543,6702,19603,-17,14755,26,23,0,164,200,958,7.77,-12775,2232,10591,31,26.75,3003,13268,40.05,5057,5057,0,5958,2285,255,667,940,1821,3003,3472,3498,3243,3472,39.35,58.9,32.91,49.27,32.64,48.87,7.42,7.77,2.97,0,42048,-4.75,20.35,30.14,25.53,149.68,62,3008,240,413,4769,469,53423,53423,26887,9043,0.01,10634,26536,1789,42048,543,42591,2783,11147,413,583
Jun-22,0,0.75,40.1,482.74,156.87,156.87,107,79,4849,2876,2907,49.68,15.56,973.25,305,6039,2.97,736,0,40.09,42,84.44,104.75,1786,19.46,7.66,-4.75,0.03,4661,311226.53,543,6702,19603,-17,14755,27,23,0,164,200,958,7.77,-12775,2232,10591,31,26.75,2678,13268,40.05,5057,5057,0,5958,2363,334,667,940,1821,2678,3488,3515,3181,3488,39.35,58.9,32.91,49.27,32.64,48.87,7.42,7.77,2.97,0,42048,-4.75,20.35,30.14,25.53,149.68,62,3008,240,413,4769,810,53423,53423,26887,9043,0.01,10817,26536,1789,42048,543,42591,2783,11147,413,586
Sep-22,0,0.75,40.1,482.74,156.87,156.87,107,79,4849,2876,2907,49.68,15.56,932.3499756,305,6039,2.97,736,0,40.09,42,84.44,104.75,1786,19.46,7.66,-4.75,0.03,4899,311226.53,543,6702,19603,-17,14755,33,23,0,164,200,958,7.77,-12775,2232,10591,31,26.75,2741,13268,40.05,5057,5057,0,5958,2546,184,667,940,1821,2741,3544,3577,3393,3544,39.35,58.9,32.91,49.27,32.64,48.87,7.42,7.77,2.97,0,42048,-4.75,20.35,30.14,25.53,149.68,62,3008,240,413,4769,803,53423,53423,26887,9043,0.01,11424,26536,1789,42048,543,42591,2783,11147,413,560
Dec-22,0,0.75,40.1,482.74,156.87,156.87,107,79,4849,2876,2907,49.68,15.56,1039.300049,305,6039,2.97,736,0,40.09,42,84.44,104.75,1786,19.46,7.66,-4.75,0.03,5100,311226.53,543,6702,19603,-17,14755,33,23,0,164,200,958,7.77,-12775,2232,10591,31,26.75,3196,13268,40.05,5057,5057,0,5958,2666,288,667,940,1821,3196,4125,4158,3870,4125,39.35,58.9,32.91,49.27,32.64,48.87,7.42,7.77,2.97,0,42048,-4.75,20.35,30.14,25.53,149.68,62,3008,240,413,4769,929,53423,53423,26887,9043,0.01,12398,26536,1789,42048,543,42591,2783,11147,413,686
Mar-23,0,0.87,42.32,482.74,151.4,151.4,0,21,6231,2907,2374,51.16,6.45,1085.25,93,5102,2.68,543,0,42.27,48,93.55,113.4,2041,16.72,6.24,-13.4,0.04,5139,288863.3,543,6451,17956,-6,13384,34,35,0,51,0,879,6.37,-13267,-798,13538,-533,24.76,2844,14716,42.21,5057,5057,0,5594,2503,225,659,1233,1688,2844,3559,3593,3368,3559,37.32,63.62,32.07,54.67,31.8,54.2,7.17,6.37,2.68,0,40561,-13.4,21.47,34.76,27.87,170.45,140,2602,283,366,4551,715,53360,53360,28571,10667,0,11637,24789,1589,40561,543,41104,4650,12913,366,599
Jun-23,0,0.87,42.32,482.74,151.4,151.4,0,21,6231,2907,2374,51.16,6.45,1187.949951,93,5102,2.68,543,0,42.27,48,93.55,113.4,2041,16.72,6.24,-13.4,0.04,5185,288863.3,543,6451,17956,-6,13384,29,35,0,51,0,879,6.37,-13267,-798,13538,-533,24.76,2596,14716,42.21,5057,5057,0,5594,2547,262,659,1233,1688,2596,3409,3438,3176,3409,37.32,63.62,32.07,54.67,31.8,54.2,7.17,6.37,2.68,0,40561,-13.4,21.47,34.76,27.87,170.45,140,2602,283,366,4551,813,53360,53360,28571,10667,0,11451,24789,1589,40561,543,41104,4650,12913,366,506
Sep-23,0,0.87,42.32,482.74,151.4,151.4,0,21,6231,2907,2374,51.16,6.45,1234.800049,93,5102,2.68,543,0,42.27,48,93.55,113.4,2041,16.72,6.24,-13.4,0.04,5305,288863.3,543,6451,17956,-6,13384,33,35,0,51,0,879,6.37,-13267,-798,13538,-533,24.76,2966,14716,42.21,5057,5057,0,5594,2402,252,659,1233,1688,2966,3950,3983,3731,3950,37.32,63.62,32.07,54.67,31.8,54.2,7.17,6.37,2.68,0,40561,-13.4,21.47,34.76,27.87,170.45,140,2602,283,366,4551,984,53360,53360,28571,10667,0,12059,24789,1589,40561,543,41104,4650,12913,366,583
Dec-23,0,0.87,42.32,482.74,151.4,151.4,0,21,6231,2907,2374,51.16,6.45,1466.099976,93,5102,2.68,543,0,42.27,48,93.55,113.4,2041,16.72,6.24,-13.4,0.04,5173,288863.3,543,6451,17956,-6,13384,29,35,0,51,0,879,6.37,-13267,-798,13538,-533,24.76,3349,14716,42.21,5057,5057,0,5594,2506,261,659,1233,1688,3349,4391,4420,4159,4391,37.32,63.62,32.07,54.67,31.8,54.2,7.17,6.37,2.68,0,40561,-13.4,21.47,34.76,27.87,170.45,140,2602,283,366,4551,1042,53360,53360,28571,10667,0,12531,24789,1589,40561,543,41104,4650,12913,366,678
