,Unnamed: 0,4-Mar,4-Jun,4-Sep,4-Dec,5-Mar,5-Jun,5-Sep,5-Dec,6-Mar,6-Jun,6-Sep,6-Dec,7-Mar,7-Jun,7-Sep,7-Dec,8-Mar,8-Jun,8-Sep,8-Dec,9-Mar,9-Jun,9-Sep,9-Dec,10-Mar,10-Jun,10-Sep,10-Dec,11-Mar,11-Jun,11-Sep,11-Dec,12-Mar,12-Jun,12-Sep,12-Dec,13-Mar,13-Jun,13-Sep,13-Dec,14-Mar,14-Jun,14-Sep,14-Dec,15-Mar,15-Jun,15-Sep,15-Dec,16-Mar,16-Jun,16-Sep,16-Dec,17-Mar,17-Jun,17-Sep,17-Dec,18-Mar,18-Jun,18-Sep,18-Dec,19-Mar,19-Jun,19-Sep,19-Dec,20-Mar,20-Jun,20-Sep,20-Dec,21-Mar,21-Jun,21-Sep,21-Dec,22-Mar,22-Jun,22-Sep,22-Dec,23-Mar,23-Jun,23-Sep,23-Dec,24-Mar,24-Jun
0,Close,77.15937805,86.31406403,105.96875,130.7312469,141.0749969,147.390625,157.2062531,187.3031311,186.3374939,192.4343719,231.2062531,280.2250061,252.3312531,241.1312561,236.59375,221.2375031,179.9875031,217.1000061,174.7562561,139.4312439,165.4875031,222.0625,288.2999878,325.1375122,326.9937439,348.875,381.3125,430.34375,405.1625061,363.8062439,316.6312561,345.9562378,358.2875061,313.6499939,316.8687439,289.8374939,361.1687622,312.3562622,376.625,435.7062378,410.3500061,406.9437561,468.46875,493.1375122,554.5875244,492.1749878,580.9749756,552.7000122,609.1500244,585.4000244,518.0250244,505.2999878,511.125,467.7749939,449.9500122,521.0250244,565.9000244,653.5999756,730.0499878,658.9500122,743.8499756,732,805.6500244,731.1500244,641.5,735.9500122,1008.25,1255.800049,1368.050049,1580.800049,1675.199951,1887.75,1906.849976,1461.900024,1413.449951,1508.199951,1427.949951,1335.5,1435.449951,1542.900024,1498.050049,1566.75
1,Equity Share Capital,33.32,33.32,33.32,33.32,135.29,135.29,135.29,135.29,138,138,138,138,286,286,286,286,286,286,286,286,286,286,286,286,287,287,287,287,287,287,287,287,287,287,287,287,287,287,287,287,286,286,286,286,574,574,574,574,1148,1148,1148,1148,1148,1148,1148,1148,1092,1092,1092,1092,2178,2178,2178,2178,2129,2129,2129,2129,2130,2130,2130,2130,2103,2103,2103,2103,2074,2074,2074,2074,2075,2075
2,Total Share Capital,33.32,33.32,33.32,33.32,135.29,135.29,135.29,135.29,138,138,138,138,286,286,286,286,286,286,286,286,286,286,286,286,287,287,287,287,287,287,287,287,287,287,287,287,287,287,287,287,286,286,286,286,574,574,574,574,1148,1148,1148,1148,1148,1148,1148,1148,1092,1092,1092,1092,2178,2178,2178,2178,2129,2129,2129,2129,2130,2130,2130,2130,2103,2103,2103,2103,2074,2074,2074,2074,2075,2075
3,Reserves and Surplus,3220.11,3220.11,3220.11,3220.11,5106.44,5106.44,5106.44,5106.44,6759,6759,6759,6759,10876,10876,10876,10876,13204,13204,13204,13204,17523,17523,17523,17523,21749,21749,21749,21749,24214,24214,24214,24214,29470,29470,29470,29470,35772,35772,35772,35772,41806,41806,41806,41806,47494,47494,47494,47494,59934,59934,59934,59934,66869,66869,66869,66869,62410,62410,62410,62410,60533,60533,60533,60533,59808,59808,59808,59808,69029,69029,69029,69029,66597,66597,66597,66597,64793,64793,64793,64793,79101,79101
4,Total Reserves and Surplus,3220.11,3220.11,3220.11,3220.11,5106.44,5106.44,5106.44,5106.44,6759,6759,6759,6759,10876,10876,10876,10876,13204,13204,13204,13204,17523,17523,17523,17523,21749,21749,21749,21749,24214,24214,24214,24214,29470,29470,29470,29470,35772,35772,35772,35772,41806,41806,41806,41806,47494,47494,47494,47494,59934,59934,59934,59934,66869,66869,66869,66869,62410,62410,62410,62410,60533,60533,60533,60533,59808,59808,59808,59808,69029,69029,69029,69029,66597,66597,66597,66597,64793,64793,64793,64793,79101,79101
5,Total Shareholders Funds,3,3,3,3,5241.73,5241.73,5241.73,5241.73,6897,6897,6897,6897,11162,11162,11162,11162,13490,13490,13490,13490,17809,17809,17809,17809,22036,22036,22036,22036,24501,24501,24501,24501,29757,29757,29757,29757,36059,36059,36059,36059,42092,42092,42092,42092,48068,48068,48068,48068,61082,61082,61082,61082,68017,68017,68017,68017,63502,63502,63502,63502,62711,62711,62711,62711,62234,62234,62234,62234,71531,71531,71531,71531,69306,69306,69306,69306,67745,67745,67745,67745,81176,81176
6,Long Term Borrowings,0,0,0,0,0,0,0,0,0,0,0,0,0,0,0,0,0,0,0,0,0,0,0,0,0,0,0,0,0,0,0,0,0,0,0,0,0,0,0,0,0,0,0,0,0,0,0,0,0,0,0,0,0,0,0,0,0,0,0,0,0,0,0,0,0,0,0,0,0,0,0,0,0,0,0,0,0,0,0,0,0,0
7,Deferred Tax Liabilities [Net],0,0,0,0,0,0,0,0,0,0,0,0,0,0,0,0,0,0,0,0,37,37,37,37,232,232,232,232,0,0,0,0,0,0,0,0,56,56,56,56,0,0,0,0,0,0,0,0,0,0,0,0,0,0,0,0,505,505,505,505,541,541,541,541,556,556,556,556,511,511,511,511,841,841,841,841,866,866,866,866,1509,1509
8,Other Long Term Liabilities,0,0,0,0,0,0,0,0,0,0,0,0,0,0,0,0,0,0,0,0,0,0,0,0,0,0,0,0,0,0,0,0,0,0,0,0,120,120,120,120,364,364,364,364,30,30,30,30,62,62,62,62,82,82,82,82,208,208,208,208,248,248,248,248,3031,3031,3031,3031,4275,4275,4275,4275,4264,4264,4264,4264,5284,5284,5284,5284,5179,5179
9,Long Term Provisions,0,0,0,0,0,0,0,0,0,0,0,0,0,0,0,0,0,0,0,0,0,0,0,0,0,0,0,0,0,0,0,0,0,0,0,0,0,0,0,0,0,0,0,0,0,0,0,0,0,0,0,0,0,0,0,0,0,0,0,0,0,0,0,0,0,0,0,0,0,0,0,0,0,0,0,0,0,0,0,0,0,0
10,Total Non-Current Liabilities,0,0,0,0,0,0,0,0,0,0,0,0,0,0,0,0,0,0,0,0,37,37,37,37,232,232,232,232,0,0,0,0,0,0,0,0,176,176,176,176,364,364,364,364,30,30,30,30,62,62,62,62,82,82,82,82,713,713,713,713,789,789,789,789,3587,3587,3587,3587,4786,4786,4786,4786,5105,5105,5105,5105,6150,6150,6150,6150,6688,6688
11,Short Term Borrowings,0,0,0,0,0,0,0,0,0,0,0,0,0,0,0,0,0,0,0,0,0,0,0,0,0,0,0,0,0,0,0,0,0,0,0,0,0,0,0,0,0,0,0,0,0,0,0,0,0,0,0,0,0,0,0,0,0,0,0,0,0,0,0,0,0,0,0,0,0,0,0,0,0,0,0,0,0,0,0,0,0,0
12,Trade Payables,0,0,0,0,0.96,0.96,0.96,0.96,6,6,6,6,23,23,23,23,36,36,36,36,35,35,35,35,96,96,96,96,0,0,0,0,0,0,0,0,178,178,178,178,68,68,68,68,124,124,124,124,623,623,623,623,269,269,269,269,738,738,738,738,1604,1604,1604,1604,1529,1529,1529,1529,1562,1562,1562,1562,2669,2669,2669,2669,2426,2426,2426,2426,2493,2493
13,Other Current Liabilities,11.36,11.36,11.36,11.36,577.6,577.6,577.6,577.6,802,802,802,802,1139,1139,1139,1139,1447,1447,1447,1447,1472,1472,1472,1472,1667,1667,1667,1667,1880,1880,1880,1880,2454,2454,2454,2454,2827,2827,2827,2827,4071,4071,4071,4071,5546,5546,5546,5546,10529,10529,10529,10529,11167,11167,11167,11167,10488,10488,10488,10488,13321,13321,13321,13321,13185,13185,13185,13185,15399,15399,15399,15399,21387,21387,21387,21387,23853,23853,23853,23853,23129,23129
14,Short Term Provisions,549.08,549.08,549.08,549.08,767.48,767.48,767.48,767.48,1409,1409,1409,1409,662,662,662,662,2248,2248,2248,2248,1798,1798,1798,1798,2035,2035,2035,2035,2473,2473,2473,2473,3604,3604,3604,3604,3788,3788,3788,3788,6117,6117,6117,6117,8045,8045,8045,8045,436,436,436,436,350,350,350,350,436,436,436,436,505,505,505,505,506,506,506,506,661,661,661,661,920,920,920,920,1163,1163,1163,1163,1464,1464
15,Total Current Liabilities,1323.08,1323.08,1323.08,1323.08,1346.04,1346.04,1346.04,1346.04,2217,2217,2217,2217,1824,1824,1824,1824,3731,3731,3731,3731,3305,3305,3305,3305,3798,3798,3798,3798,4353,4353,4353,4353,6058,6058,6058,6058,6793,6793,6793,6793,10256,10256,10256,10256,13715,13715,13715,13715,11588,11588,11588,11588,11786,11786,11786,11786,11662,11662,11662,11662,15430,15430,15430,15430,15220,15220,15220,15220,17622,17622,17622,17622,24976,24976,24976,24976,27442,27442,27442,27442,27086,27086
16,Total Capital And Liabilities,1883.52,1883.52,1883.52,1883.52,6587.77,6587.77,6587.77,6587.77,9114,9114,9114,9114,12986,12986,12986,12986,17221,17221,17221,17221,21151,21151,21151,21151,26066,26066,26066,26066,28854,28854,28854,28854,35815,35815,35815,35815,43028,43028,43028,43028,52712,52712,52712,52712,61813,61813,61813,61813,72732,72732,72732,72732,79885,79885,79885,79885,75877,75877,75877,75877,78930,78930,78930,78930,81041,81041,81041,81041,93939,93939,93939,93939,99387,99387,99387,99387,101337,101337,101337,101337,114950,114950
17,Tangible Assets,7291.577436,7291.577436,7291.577436,7291.577436,1134.76,1134.76,1134.76,1134.76,1562,1562,1562,1562,2150,2150,2150,2150,2671,2671,2671,2671,3787,3787,3787,3787,3767,3767,3767,3767,4056,4056,4056,4056,4061,4061,4061,4061,4425,4425,4425,4425,5719,5719,5719,5719,7347,7347,7347,7347,8248,8248,8248,8248,8605,8605,8605,8605,9027,9027,9027,9027,10394,10394,10394,10394,13897,13897,13897,13897,14365,14365,14365,14365,14695,14695,14695,14695,15217,15217,15217,15217,14116,14116
18,Intangible Assets,724.68,724.68,724.68,724.68,42.14,42.14,42.14,42.14,0,0,0,0,0,0,0,0,0,0,0,0,12,12,12,12,12,12,12,12,0,0,0,0,0,0,0,0,28,28,28,28,13,13,13,13,0,0,0,0,0,0,0,0,0,0,0,0,130,130,130,130,103,103,103,103,77,77,77,77,234,234,234,234,243,243,243,243,214,214,214,214,211,211
19,Capital Work-In-Progress,42.14,42.14,42.14,42.14,317.52,317.52,317.52,317.52,571,571,571,571,957,957,957,957,1260,1260,1260,1260,615,615,615,615,409,409,409,409,249,249,249,249,588,588,588,588,1135,1135,1135,1135,954,954,954,954,769,769,769,769,934,934,934,934,1247,1247,1247,1247,1442,1442,1442,1442,1212,1212,1212,1212,945,945,945,945,906,906,906,906,411,411,411,411,275,275,275,275,277,277
20,Other Assets,203.48,203.48,203.48,203.48,0,0,0,0,0,0,0,0,0,0,0,0,0,0,0,0,0,0,0,0,0,0,0,0,0,0,0,0,0,0,0,0,0,0,0,0,0,0,0,0,0,0,0,0,0,0,0,0,0,0,0,0,0,0,0,0,0,0,0,0,0,0,0,0,0,0,0,0,0,0,0,0,0,0,0,0,0,0
21,Fixed Assets,0,0,0,0,1494.42,1494.42,1494.42,1494.42,2133,2133,2133,2133,3107,3107,3107,3107,3931,3931,3931,3931,4414,4414,4414,4414,4188,4188,4188,4188,4305,4305,4305,4305,4649,4649,4649,4649,5588,5588,5588,5588,6686,6686,6686,6686,8116,8116,8116,8116,9182,9182,9182,9182,9852,9852,9852,9852,10599,10599,10599,10599,11709,11709,11709,11709,14919,14919,14919,14919,15505,15505,15505,15505,15349,15349,15349,15349,15706,15706,15706,15706,14604,14604
22,Non-Current Investments,1027.38,1027.38,1027.38,1027.38,1328.7,1328.7,1328.7,1328.7,876,876,876,876,839,839,839,839,964,964,964,964,1005,1005,1005,1005,4636,4636,4636,4636,1325,1325,1325,1325,1409,1409,1409,1409,2764,2764,2764,2764,3968,3968,3968,3968,6108,6108,6108,6108,11076,11076,11076,11076,15334,15334,15334,15334,11993,11993,11993,11993,12062,12062,12062,12062,13916,13916,13916,13916,22118,22118,22118,22118,22869,22869,22869,22869,23686,23686,23686,23686,23352,23352
23,Deferred Tax Assets [Net],35.63,35.63,35.63,35.63,34.03,34.03,34.03,34.03,56,56,56,56,79,79,79,79,99,99,99,99,139,139,139,139,313,313,313,313,230,230,230,230,189,189,189,189,378,378,378,378,542,542,542,542,433,433,433,433,405,405,405,405,346,346,346,346,1128,1128,1128,1128,1114,1114,1114,1114,1429,1429,1429,1429,955,955,955,955,970,970,970,970,779,779,779,779,0,0
24,Long Term Loans And Advances,0,0,0,0,0,0,0,0,0,0,0,0,0,0,0,0,0,0,0,0,0,0,0,0,0,0,0,0,0,0,0,0,0,0,0,0,1529,1529,1529,1529,2227,2227,2227,2227,4378,4378,4378,4378,5,5,5,5,5,5,5,5,19,19,19,19,16,16,16,16,298,298,298,298,30,30,30,30,34,34,34,34,39,39,39,39,34,34
25,Other Non-Current Assets,0,0,0,0,0,0,0,0,0,0,0,0,0,0,0,0,0,0,0,0,0,0,0,0,0,0,0,0,0,0,0,0,0,0,0,0,31,31,31,31,52,52,52,52,26,26,26,26,5967,5967,5967,5967,6666,6666,6666,6666,8048,8048,8048,8048,7806,7806,7806,7806,6659,6659,6659,6659,7049,7049,7049,7049,7728,7728,7728,7728,9045,9045,9045,9045,6008,6008
26,Total Non-Current Assets,2033.31,2033.31,2033.31,2033.31,2857.15,2857.15,2857.15,2857.15,3065,3065,3065,3065,4025,4025,4025,4025,4994,4994,4994,4994,5558,5558,5558,5558,9137,9137,9137,9137,5860,5860,5860,5860,6247,6247,6247,6247,10290,10290,10290,10290,13475,13475,13475,13475,19061,19061,19061,19061,26635,26635,26635,26635,32203,32203,32203,32203,31787,31787,31787,31787,32707,32707,32707,32707,37221,37221,37221,37221,45657,45657,45657,45657,46950,46950,46950,46950,49255,49255,49255,49255,43998,43998
27,Current Investments,0,0,0,0,0,0,0,0,0,0,0,0,0,0,0,0,0,0,0,0,0,0,0,0,0,0,0,0,0,0,0,0,0,0,0,0,1580,1580,1580,1580,2749,2749,2749,2749,749,749,749,749,2,2,2,2,9643,9643,9643,9643,5906,5906,5906,5906,6077,6077,6077,6077,4006,4006,4006,4006,2037,2037,2037,2037,5467,5467,5467,5467,4476,4476,4476,4476,11307,11307
28,Inventories,0,0,0,0,0,0,0,0,0,0,0,0,0,0,0,0,0,0,0,0,0,0,0,0,0,0,0,0,0,0,0,0,0,0,0,0,0,0,0,0,0,0,0,0,0,0,0,0,0,0,0,0,0,0,0,0,0,0,0,0,0,0,0,0,0,0,0,0,0,0,0,0,0,0,0,0,0,0,0,0,0,0
29,Trade Receivables,632.51,632.51,632.51,632.51,1252.82,1252.82,1252.82,1252.82,1518,1518,1518,1518,2292,2292,2292,2292,3093,3093,3093,3093,3390,3390,3390,3390,3244,3244,3244,3244,4212,4212,4212,4212,5404,5404,5404,5404,6365,6365,6365,6365,7336,7336,7336,7336,8627,8627,8627,8627,9798,9798,9798,9798,10960,10960,10960,10960,12151,12151,12151,12151,13370,13370,13370,13370,15459,15459,15459,15459,16394,16394,16394,16394,18966,18966,18966,18966,20773,20773,20773,20773,25152,25152
30,Cash And Cash Equivalents,1638.01,1638.01,1638.01,1638.01,1481.54,1481.54,1481.54,1481.54,3279,3279,3279,3279,5507,5507,5507,5507,6429,6429,6429,6429,9039,9039,9039,9039,9797,9797,9797,9797,13665,13665,13665,13665,18057,18057,18057,18057,20401,20401,20401,20401,24100,24100,24100,24100,27722,27722,27722,27722,29176,29176,29176,29176,19153,19153,19153,19153,16770,16770,16770,16770,15551,15551,15551,15551,13562,13562,13562,13562,17612,17612,17612,17612,12270,12270,12270,12270,6534,6534,6534,6534,8191,8191
31,Short Term Loans And Advances,832.68,832.68,832.68,832.68,984.96,984.96,984.96,984.96,1252,1252,1252,1252,1162,1162,1162,1162,2705,2705,2705,2705,3164,3164,3164,3164,3888,3888,3888,3888,3617,3617,3617,3617,4594,4594,4594,4594,2175,2175,2175,2175,2660,2660,2660,2660,3231,3231,3231,3231,355,355,355,355,310,310,310,310,393,393,393,393,1048,1048,1048,1048,307,307,307,307,229,229,229,229,219,219,219,219,291,291,291,291,208,208
32,OtherCurrentAssets,0.44,0.44,0.44,0.44,11.3,11.3,11.3,11.3,0,0,0,0,0,0,0,0,0,0,0,0,0,0,0,0,0,0,0,0,1500,1500,1500,1500,1513,1513,1513,1513,2217,2217,2217,2217,2392,2392,2392,2392,2423,2423,2423,2423,6766,6766,6766,6766,7616,7616,7616,7616,8870,8870,8870,8870,10177,10177,10177,10177,10486,10486,10486,10486,12010,12010,12010,12010,15515,15515,15515,15515,20008,20008,20008,20008,26094,26094
33,Total Current Assets,3103.64,3103.64,3103.64,3103.64,3730.62,3730.62,3730.62,3730.62,6049,6049,6049,6049,8961,8961,8961,8961,12227,12227,12227,12227,15593,15593,15593,15593,16929,16929,16929,16929,22994,22994,22994,22994,29568,29568,29568,29568,32738,32738,32738,32738,39237,39237,39237,39237,42752,42752,42752,42752,46097,46097,46097,46097,47682,47682,47682,47682,44090,44090,44090,44090,46223,46223,46223,46223,43820,43820,43820,43820,48282,48282,48282,48282,52437,52437,52437,52437,52082,52082,52082,52082,70952,70952
34,Total Assets,5136.95,5136.95,5136.95,5136.95,6587.77,6587.77,6587.77,6587.77,9114,9114,9114,9114,12986,12986,12986,12986,17221,17221,17221,17221,21151,21151,21151,21151,26066,26066,26066,26066,28854,28854,28854,28854,35815,35815,35815,35815,43028,43028,43028,43028,52712,52712,52712,52712,61813,61813,61813,61813,72732,72732,72732,72732,79885,79885,79885,79885,75877,75877,75877,75877,78930,78930,78930,78930,81041,81041,81041,81041,93939,93939,93939,93939,99387,99387,99387,99387,101337,101337,101337,101337,114950,114950
35,Contingent Liabilities,197.02,197.02,197.02,197.02,289.87,289.87,289.87,289.87,523,523,523,523,670,670,670,670,603,603,603,603,347,347,347,347,295,295,295,295,1016,1016,1016,1016,1024,1024,1024,1024,1693,1693,1693,1693,1020,1020,1020,1020,1461,1461,1461,1461,1483,1483,1483,1483,7727,7727,7727,7727,6068,6068,6068,6068,4617,4617,4617,4617,4730,4730,4730,4730,4372,4372,4372,4372,5348,5348,5348,5348,5148,5148,5148,5148,3342,3342
36,Raw Materials,10.26,10.26,10.26,10.26,9.18,9.18,9.18,9.18,8,8,8,8,8,8,8,8,8,8,8,8,8,8,8,8,10,10,10,10,0,0,0,0,0,0,0,0,0,0,0,0,0,0,0,0,0,0,0,0,0,0,0,0,0,0,0,0,0,0,0,0,0,0,0,0,0,0,0,0,0,0,0,0,0,0,0,0,0,0,0,0,0,0
37,"Stores, Spares And Loose Tools",0,0,0,0,0,0,0,0,0,0,0,0,0,0,0,0,0,0,0,0,0,0,0,0,0,0,0,0,0,0,0,0,0,0,0,0,3,3,3,3,3,3,3,3,3,3,3,3,0,0,0,0,0,0,0,0,0,0,0,0,0,0,0,0,0,0,0,0,0,0,0,0,0,0,0,0,0,0,0,0,0,0
38,Trade/Other Goods,0,0,0,0,0,0,0,0,0,0,0,0,0,0,0,0,0,0,0,0,0,0,0,0,0,0,0,0,0,0,0,0,0,0,0,0,3,3,3,3,3,3,3,3,3,3,3,3,0,0,0,0,0,0,0,0,0,0,0,0,0,0,0,0,0,0,0,0,0,0,0,0,0,0,0,0,0,0,0,0,0,0
39,Capital Goods,10.64,10.64,10.64,10.64,130.87,130.87,130.87,130.87,211,211,211,211,258,258,258,258,296,296,296,296,207,207,207,207,91,91,91,91,0,0,0,0,0,0,0,0,307,307,307,307,374,374,374,374,415,415,415,415,0,0,0,0,0,0,0,0,0,0,0,0,0,0,0,0,0,0,0,0,0,0,0,0,0,0,0,0,0,0,0,0,0,0
40,Expenditure In Foreign Currency,4531.54,4531.54,4531.54,4531.54,2762.96,2762.96,2762.96,2762.96,3327,3327,3327,3327,5387,5387,5387,5387,6484,6484,6484,6484,8043,8043,8043,8043,8389,8389,8389,8389,10765,10765,10765,10765,13532,13532,13532,13532,16834,16834,16834,16834,21400,21400,21400,21400,21627,21627,21627,21627,26529,26529,26529,26529,29088,29088,29088,29088,31358,31358,31358,31358,39467,39467,39467,39467,44254,44254,44254,44254,46433,46433,46433,46433,57224,57224,57224,57224,70534,70534,70534,70534,72639,72639
42,FOB Value Of Goods,48920.36,48920.36,48920.36,48920.36,6103.02,6103.02,6103.02,6103.02,8649,8649,8649,8649,12143,12143,12143,12143,14468,14468,14468,14468,19812,19812,19812,19812,21072,21072,21072,21072,23960,23960,23960,23960,31187,31187,31187,31187,36020,36020,36020,36020,43150,43150,43150,43150,46153,46153,46153,46153,52866,52866,52866,52866,57734,57734,57734,57734,60329,60329,60329,60329,71719,71719,71719,71719,77974,77974,77974,77974,84252,84252,84252,84252,101854,101854,101854,101854,121605,121605,121605,121605,125794,125794
43,Bonus Equity Share Capital,907.0220513,907.0220513,907.0220513,907.0220513,129.25,129.25,129.25,129.25,129.25,129.25,129.25,129.25,267.66,267.66,267.66,267.66,267.66,267.66,267.66,267.66,267.66,267.66,267.66,267.66,267.66,267.66,267.66,267.66,267.66,267.66,267.66,267.66,267.66,267.66,267.66,267.66,267.66,267.66,267.66,267.66,267.66,267.66,267.66,267.66,554.66,554.66,554.66,554.66,1128.89,1128.89,1128.89,1128.89,1128.89,1128.89,1128.89,1128.89,1073.82,1073.82,1073.82,1073.82,2165.82,2165.82,2165.82,2165.82,2117.09,2117.09,2117.09,2117.09,2117.09,2117.09,2117.09,2117.09,2017.09,2017.09,2017.09,2017.09,1989.2,1989.2,1989.2,1989.2,1989.2,1989.2
44,Non-Current Investments Unquoted Book Value,5749.47027,5749.47027,5749.47027,5749.47027,1328.7,1328.7,1328.7,1328.7,876,876,876,876,839,839,839,839,964,964,964,964,1005,1005,1005,1005,4636,4636,4636,4636,1325,1325,1325,1325,1409,1409,1409,1409,2456,2456,2456,2456,2668,2668,2668,2668,4874,4874,4874,4874,9543,9543,9543,9543,9569,9569,9569,9569,6917,6917,6917,6917,5749.47027,5749.47027,5749.47027,5749.47027,9490,9490,9490,9490,11003,11003,11003,11003,15134,15134,15134,15134,16034,16034,16034,16034,12589,12589
46,Net Profit/Loss Before Extraordinary Items And Tax,1470.47,1470.47,1470.47,1470.47,2184.49,2184.49,2184.49,2184.49,2724,2724,2724,2724,4129,4129,4129,4129,5100,5100,5100,5100,6714,6714,6714,6714,7472,7472,7472,7472,8821,8821,8821,8821,11096,11096,11096,11096,12274,12274,12274,12274,14002,14002,14002,14002,16798,16798,16798,16798,12693,12693,12693,12693,13818,13818,13818,13818,16155,16155,16155,16155,14702,14702,14702,14702,15543,15543,15543,15543,18048,18048,18048,18048,21235,21235,21235,21235,23268,23268,23268,23268,27234,27234
47,Net CashFlow From Operating Activities,1633.97,1633.97,1633.97,1633.97,1359.7,1359.7,1359.7,1359.7,2237,2237,2237,2237,3256,3256,3256,3256,3816,3816,3816,3816,5152,5152,5152,5152,5876,5876,5876,5876,4270,4270,4270,4270,5955,5955,5955,5955,6942,6942,6942,6942,9148,9148,9148,9148,7955,7955,7955,7955,9578,9578,9578,9578,10478,10478,10478,10478,12475,12475,12475,12475,13989,13989,13989,13989,15572,15572,15572,15572,19902,19902,19902,19902,22096,22096,22096,22096,19169,19169,19169,19169,20787,20787
48,Net Cash Used In Investing Activities,-1332.01,-1332.01,-1332.01,-1332.01,-939.88,-939.88,-939.88,-939.88,-392,-392,-392,-392,-1065,-1065,-1065,-1065,-978,-978,-978,-978,-195,-195,-195,-195,-3314,-3314,-3314,-3314,3235,3235,3235,3235,565,565,565,565,-2824,-2824,-2824,-2824,-2307,-2307,-2307,-2307,665,665,665,665,-1207,-1207,-1207,-1207,-13494,-13494,-13494,-13494,5684,5684,5684,5684,-587,-587,-587,-587,-116,-116,-116,-116,-6309,-6309,-6309,-6309,-3150,-3150,-3150,-3150,821,821,821,821,-3261,-3261
49,Net Cash Used From Financing Activities,-94.48,-94.48,-94.48,-94.48,-580.1,-580.1,-580.1,-580.1,244,244,244,244,-316,-316,-316,-316,-777,-777,-777,-777,-2430,-2430,-2430,-2430,-1486,-1486,-1486,-1486,-3642,-3642,-3642,-3642,-2298,-2298,-2298,-2298,-3319,-3319,-3319,-3319,-3177,-3177,-3177,-3177,-4961,-4961,-4961,-4961,-6908,-6908,-6908,-6908,-6968,-6968,-6968,-6968,-20536,-20536,-20536,-20536,-14571,-14571,-14571,-14571,-17391,-17391,-17391,-17391,-9566,-9566,-9566,-9566,-24275,-24275,-24275,-24275,-25857,-25857,-25857,-25857,-15825,-15825
50,Foreign Exchange Gains / Losses,-6.59,-6.59,-6.59,-6.59,3.96,3.96,3.96,3.96,7,7,7,7,-0.04,-0.04,-0.04,-0.04,18,18,18,18,0.73,0.73,0.73,0.73,-68,-68,-68,-68,5,5,5,5,60,60,60,60,45,45,45,45,34,34,34,34,-37,-37,-37,-37,-9,-9,-9,-9,-39,-39,-39,-39,-6,-6,-6,-6,-50,-50,-50,-50,-54,-54,-54,-54,23,23,23,23,-13,-13,-13,-13,131,131,131,131,-44,-44
51,Adjustments On Amalgamation Merger Demerger Others,0,0,0,0,0,0,0,0,0,0,0,0,0,0,0,0,0,0,0,0,0,0,0,0,0,0,0,0,0,0,0,0,110,110,110,110,0,0,0,0,0,0,0,0,0,0,0,0,0,0,0,0,0,0,0,0,0,0,0,0,0,0,0,0,0,0,0,0,0,0,0,0,0,0,0,0,0,0,0,0,0,0
52,Net Inc/Dec In Cash And Cash Equivalents,200.89,200.89,200.89,200.89,-156.32,-156.32,-156.32,-156.32,2096,2096,2096,2096,1871,1871,1871,1871,2079,2079,2079,2079,2600,2600,2600,2600,1008,1008,1008,1008,3868,3868,3868,3868,4392,4392,4392,4392,844,844,844,844,3698,3698,3698,3698,3622,3622,3622,3622,1454,1454,1454,1454,-10023,-10023,-10023,-10023,-2383,-2383,-2383,-2383,-1219,-1219,-1219,-1219,-1989,-1989,-1989,-1989,4050,4050,4050,4050,-5342,-5342,-5342,-5342,-5736,-5736,-5736,-5736,1657,1657
53,Cash And Cash Equivalents Begin of Year,1638.51,1638.51,1638.51,1638.51,1839.4,1839.4,1839.4,1839.4,1683,1683,1683,1683,3779,3779,3779,3779,5610,5610,5610,5610,7689,7689,7689,7689,10289,10289,10289,10289,11297,11297,11297,11297,15165,15165,15165,15165,19557,19557,19557,19557,20402,20402,20402,20402,24100,24100,24100,24100,27722,27722,27722,27722,29176,29176,29176,29176,19153,19153,19153,19153,16770,16770,16770,16770,15551,15551,15551,15551,13562,13562,13562,13562,17612,17612,17612,17612,12270,12270,12270,12270,6534,6534
54,Cash And Cash Equivalents End Of Year,1839.4,1839.4,1839.4,1839.4,1683.08,1683.08,1683.08,1683.08,3779,3779,3779,3779,5650,5650,5650,5650,7689,7689,7689,7689,10289,10289,10289,10289,11297,11297,11297,11297,15165,15165,15165,15165,19557,19557,19557,19557,20401,20401,20401,20401,24100,24100,24100,24100,27722,27722,27722,27722,29176,29176,29176,29176,19153,19153,19153,19153,16770,16770,16770,16770,15551,15551,15551,15551,13562,13562,13562,13562,17612,17612,17612,17612,12270,12270,12270,12270,6534,6534,6534,6534,8191,8191
56,Basic EPS (Rs.),186.6,186.6,186.6,186.6,70.21,70.21,70.21,70.21,87.72,87.72,87.72,87.72,66.05,66.05,66.05,66.05,78.15,78.15,78.15,78.15,101.71,101.71,101.71,101.71,101.1,101.1,101.1,101.1,112.26,112.26,112.26,112.26,147.51,147.51,147.51,147.51,158.76,158.76,158.76,158.76,178.39,178.39,178.39,178.39,105.91,105.91,105.91,105.91,55.26,55.26,55.26,55.26,60.16,60.16,60.16,60.16,71.28,71.28,71.28,71.28,33.66,33.66,33.66,33.66,36.34,36.34,36.34,36.34,42.37,42.37,42.37,42.37,50.27,50.27,50.27,50.27,55.48,55.48,55.48,55.48,65.62,65.62
57,Diluted EPS (Rs.),186.6,186.6,186.6,186.6,70.21,70.21,70.21,70.21,87.72,87.72,87.72,87.72,66.05,66.05,66.05,66.05,78.15,78.15,78.15,78.15,101.71,101.71,101.71,101.71,101.1,101.1,101.1,101.1,122.22,122.22,122.22,122.22,147.5,147.5,147.5,147.5,158.76,158.76,158.76,158.76,178.39,178.39,178.39,178.39,105.91,105.91,105.91,105.91,55.26,55.26,55.26,55.26,60.15,60.15,60.15,60.15,71.25,71.25,71.25,71.25,33.64,33.64,33.64,33.64,36.32,36.32,36.32,36.32,42.33,42.33,42.33,42.33,50.21,50.21,50.21,50.21,55.42,55.42,55.42,55.42,65.56,65.56
58,Cash EPS (Rs.),221.24,221.24,221.24,221.24,80.12,80.12,80.12,80.12,102.54,102.54,102.54,102.54,74.25,74.25,74.25,74.25,87.69,87.69,87.69,87.69,113.85,113.85,113.85,113.85,115.16,115.16,115.16,115.16,125.14,125.14,125.14,125.14,161.39,161.39,161.39,161.39,175.47,175.47,175.47,175.47,197.47,197.47,197.47,197.47,113.91,113.91,113.91,113.91,60.14,60.14,60.14,60.14,65.98,65.98,65.98,65.98,80.42,80.42,80.42,80.42,37.42,37.42,37.42,37.42,41.54,41.54,41.54,41.54,47.81,47.81,47.81,47.81,56.26,56.26,56.26,56.26,62.73,62.73,62.73,62.73,72.72,72.72
59,Book Value [ExclRevalReserve]/Share (Rs.),488.21,488.21,488.21,488.21,193.72,193.72,193.72,193.72,249.89,249.89,249.89,249.89,195.14,195.14,195.14,195.14,235.84,235.84,235.84,235.84,311.35,311.35,311.35,311.35,383.9,383.9,383.9,383.9,426.85,426.85,426.85,426.85,518.41,518.41,518.41,518.41,628.21,628.21,628.21,628.21,735.87,735.87,735.87,735.87,418.71,418.71,418.71,418.71,266.04,266.04,266.04,266.04,296.24,296.24,296.24,296.24,290.76,290.76,290.76,290.76,143.96,143.96,143.96,143.96,146.16,146.16,146.16,146.16,167.91,167.91,167.91,167.91,164.78,164.78,164.78,164.78,163.32,163.32,163.32,163.32,195.6,195.6
60,Book Value [InclRevalReserve]/Share (Rs.),488.21,488.21,488.21,488.21,193.72,193.72,193.72,193.72,249.89,249.89,249.89,249.89,195.14,195.14,195.14,195.14,235.84,235.84,235.84,235.84,311.35,311.35,311.35,311.35,383.9,383.9,383.9,383.9,426.85,426.85,426.85,426.85,518.41,518.41,518.41,518.41,628.21,628.21,628.21,628.21,735.87,735.87,735.87,735.87,418.71,418.71,418.71,418.71,266.04,266.04,266.04,266.04,296.24,296.24,296.24,296.24,290.76,290.76,290.76,290.76,143.96,143.96,143.96,143.96,146.16,146.16,146.16,146.16,167.91,167.91,167.91,167.91,164.78,164.78,164.78,164.78,163.32,163.32,163.32,163.32,195.6,195.6
61,Dividend / Share(Rs.),129.5,129.5,129.5,129.5,11.5,11.5,11.5,11.5,45,45,45,45,11.5,11.5,11.5,11.5,33.25,33.25,33.25,33.25,23.5,23.5,23.5,23.5,25,25,25,25,60,60,60,60,47,47,47,47,42,42,42,42,63,63,63,63,59.5,59.5,59.5,59.5,24.25,24.25,24.25,24.25,25.75,25.75,25.75,25.75,43.5,43.5,43.5,43.5,21.5,21.5,21.5,21.5,17.5,17.5,17.5,17.5,27,27,27,27,31,31,31,31,34,34,34,34,46,46
62,Revenue from Operations/Share (Rs.),714.42,714.42,714.42,714.42,253.52,253.52,253.52,253.52,327.1,327.1,327.1,327.1,229.88,229.88,229.88,229.88,273.57,273.57,273.57,273.57,354.27,354.27,354.27,354.27,368.29,368.29,368.29,368.29,442.25,442.25,442.25,442.25,544.49,544.49,544.49,544.49,640.51,640.51,640.51,640.51,775.19,775.19,775.19,775.19,412.02,412.02,412.02,412.02,235.12,235.12,235.12,235.12,258.23,258.23,258.23,258.23,283.61,283.61,283.61,283.61,167.83,167.83,167.83,167.83,185.64,185.64,185.64,185.64,201.67,201.67,201.67,201.67,247.12,247.12,247.12,247.12,298.97,298.97,298.97,298.97,310.68,310.68
63,PBDIT/Share (Rs.),255.31,255.31,255.31,255.31,90.65,90.65,90.65,90.65,113.51,113.51,113.51,113.51,80.49,80.49,80.49,80.49,98.71,98.71,98.71,98.71,129.51,129.51,129.51,129.51,145.07,145.07,145.07,145.07,166.57,166.57,166.57,166.57,207.14,207.14,207.14,207.14,230.49,230.49,230.49,230.49,264.04,264.04,264.04,264.04,150.69,150.69,150.69,150.69,81.51,81.51,81.51,81.51,88.28,88.28,88.28,88.28,97.6,97.6,97.6,97.6,49.42,49.42,49.42,49.42,53.39,53.39,53.39,53.39,63.2,63.2,63.2,63.2,73.83,73.83,73.83,73.83,83.3,83.3,83.3,83.3,94.4,94.4
64,PBIT/Share (Rs.),220.66,220.66,220.66,220.66,80.73,80.73,80.73,80.73,98.7,98.7,98.7,98.7,72.29,72.29,72.29,72.29,89.16,89.16,89.16,89.16,117.38,117.38,117.38,117.38,131.01,131.01,131.01,131.01,153.68,153.68,153.68,153.68,193.31,193.31,193.31,193.31,213.83,213.83,213.83,213.83,244.79,244.79,244.79,244.79,142.74,142.74,142.74,142.74,76.66,76.66,76.66,76.66,82.48,82.48,82.48,82.48,91.15,91.15,91.15,91.15,45.75,45.75,45.75,45.75,48.36,48.36,48.36,48.36,57.75,57.75,57.75,57.75,68.05,68.05,68.05,68.05,76.66,76.66,76.66,76.66,87.3,87.3
65,PBT/Share (Rs.),220.66,220.66,220.66,220.66,80.73,80.73,80.73,80.73,98.7,98.7,98.7,98.7,72.29,72.29,72.29,72.29,89.16,89.16,89.16,89.16,117.38,117.38,117.38,117.38,131.01,131.01,131.01,131.01,153.68,153.68,153.68,153.68,201.74,201.74,201.74,201.74,215.28,215.28,215.28,215.28,244.79,244.79,244.79,244.79,146.32,146.32,146.32,146.32,76.66,76.66,76.66,76.66,82.48,82.48,82.48,82.48,91.15,91.15,91.15,91.15,45.75,45.75,45.75,45.75,48.09,48.09,48.09,48.09,57.46,57.46,57.46,57.46,67.75,67.75,67.75,67.75,76.28,76.28,76.28,76.28,86.63,86.63
66,Net Profit/Share (Rs.),186.6,186.6,186.6,186.6,70.21,70.21,70.21,70.21,87.72,87.72,87.72,87.72,66.05,66.05,66.05,66.05,78.15,78.15,78.15,78.15,101.71,101.71,101.71,101.71,101.1,101.1,101.1,101.1,112.25,112.25,112.25,112.25,147.56,147.56,147.56,147.56,158.82,158.82,158.82,158.82,178.22,178.22,178.22,178.22,105.96,105.96,105.96,105.96,55.28,55.28,55.28,55.28,60.18,60.18,60.18,60.18,73.97,73.97,73.97,73.97,33.75,33.75,33.75,33.75,36.5,36.5,36.5,36.5,42.37,42.37,42.37,42.37,50.49,50.49,50.49,50.49,56.09,56.09,56.09,56.09,65.62,65.62
67,PBDIT Margin (%),35.73,35.73,35.73,35.73,35.75,35.75,35.75,35.75,34.7,34.7,34.7,34.7,35.01,35.01,35.01,35.01,36.08,36.08,36.08,36.08,36.55,36.55,36.55,36.55,39.38,39.38,39.38,39.38,37.66,37.66,37.66,37.66,38.04,38.04,38.04,38.04,35.98,35.98,35.98,35.98,34.06,34.06,34.06,34.06,36.57,36.57,36.57,36.57,34.66,34.66,34.66,34.66,34.18,34.18,34.18,34.18,34.41,34.41,34.41,34.41,29.44,29.44,29.44,29.44,28.76,28.76,28.76,28.76,31.33,31.33,31.33,31.33,29.87,29.87,29.87,29.87,27.86,27.86,27.86,27.86,30.38,30.38
68,PBIT Margin (%),30.88,30.88,30.88,30.88,31.84,31.84,31.84,31.84,30.17,30.17,30.17,30.17,31.44,31.44,31.44,31.44,32.59,32.59,32.59,32.59,33.13,33.13,33.13,33.13,35.57,35.57,35.57,35.57,34.74,34.74,34.74,34.74,35.5,35.5,35.5,35.5,33.38,33.38,33.38,33.38,31.57,31.57,31.57,31.57,34.64,34.64,34.64,34.64,32.6,32.6,32.6,32.6,31.94,31.94,31.94,31.94,32.14,32.14,32.14,32.14,27.25,27.25,27.25,27.25,26.04,26.04,26.04,26.04,28.63,28.63,28.63,28.63,27.53,27.53,27.53,27.53,25.64,25.64,25.64,25.64,28.09,28.09
69,PBT Margin (%),30.88,30.88,30.88,30.88,31.84,31.84,31.84,31.84,30.17,30.17,30.17,30.17,31.44,31.44,31.44,31.44,32.59,32.59,32.59,32.59,33.13,33.13,33.13,33.13,35.57,35.57,35.57,35.57,34.74,34.74,34.74,34.74,37.05,37.05,37.05,37.05,33.61,33.61,33.61,33.61,31.57,31.57,31.57,31.57,35.51,35.51,35.51,35.51,32.6,32.6,32.6,32.6,31.94,31.94,31.94,31.94,32.14,32.14,32.14,32.14,27.25,27.25,27.25,27.25,25.9,25.9,25.9,25.9,28.49,28.49,28.49,28.49,27.41,27.41,27.41,27.41,25.51,25.51,25.51,25.51,27.88,27.88
70,Net Profit Margin (%),26.11,26.11,26.11,26.11,27.69,27.69,27.69,27.69,26.81,26.81,26.81,26.81,28.73,28.73,28.73,28.73,28.56,28.56,28.56,28.56,28.71,28.71,28.71,28.71,27.45,27.45,27.45,27.45,25.38,25.38,25.38,25.38,27.1,27.1,27.1,27.1,24.79,24.79,24.79,24.79,22.99,22.99,22.99,22.99,25.71,25.71,25.71,25.71,23.51,23.51,23.51,23.51,23.3,23.3,23.3,23.3,26.08,26.08,26.08,26.08,20.11,20.11,20.11,20.11,19.66,19.66,19.66,19.66,21,21,21,21,20.43,20.43,20.43,20.43,18.76,18.76,18.76,18.76,21.12,21.12
71,Return on Networth / Equity (%),38.22,38.22,38.22,38.22,36.24,36.24,36.24,36.24,35.1,35.1,35.1,35.1,33.84,33.84,33.84,33.84,33.13,33.13,33.13,33.13,32.66,32.66,32.66,32.66,26.33,26.33,26.33,26.33,26.29,26.29,26.29,26.29,28.46,28.46,28.46,28.46,25.28,25.28,25.28,25.28,24.21,24.21,24.21,24.21,25.3,25.3,25.3,25.3,20.78,20.78,20.78,20.78,20.31,20.31,20.31,20.31,25.44,25.44,25.44,25.44,23.44,23.44,23.44,23.44,24.97,24.97,24.97,24.97,25.23,25.23,25.23,25.23,30.63,30.63,30.63,30.63,34.34,34.34,34.34,34.34,33.54,33.54
72,Return on Capital Employed (%),38.22,38.22,38.22,38.22,36.24,36.24,36.24,36.24,35.1,35.1,35.1,35.1,33.84,33.84,33.84,33.84,33.13,33.13,33.13,33.13,32.6,32.6,32.6,32.6,26.05,26.05,26.05,26.05,26.29,26.29,26.29,26.29,28.46,28.46,28.46,28.46,25.15,25.15,25.15,25.15,24.01,24.01,24.01,24.01,25.29,25.29,25.29,25.29,20.75,20.75,20.75,20.75,27.8,27.8,27.8,27.8,31,31,31,31,31.38,31.38,31.38,31.38,31.28,31.28,31.28,31.28,32.23,32.23,32.23,32.23,38.46,38.46,38.46,38.46,43.03,43.03,43.03,43.03,41.23,41.23
73,Return on Assets (%),24.2,24.2,24.2,24.2,28.83,28.83,28.83,28.83,26.56,26.56,26.56,26.56,29.09,29.09,29.09,29.09,25.95,25.95,25.95,25.95,27.5,27.5,27.5,27.5,22.26,22.26,22.26,22.26,22.32,22.32,22.32,22.32,23.64,23.64,23.64,23.64,21.18,21.18,21.18,21.18,19.33,19.33,19.33,19.33,19.67,19.67,19.67,19.67,17.45,17.45,17.45,17.45,17.29,17.29,17.29,17.29,21.29,21.29,21.29,21.29,18.62,18.62,18.62,18.62,19.17,19.17,19.17,19.17,19.21,19.21,19.21,19.21,21.36,21.36,21.36,21.36,22.96,22.96,22.96,22.96,23.69,23.69
74,Total Debt/Equity (X),0,0,0,0,0,0,0,0,0,0,0,0,0,0,0,0,0,0,0,0,0,0,0,0,0,0,0,0,0,0,0,0,0,0,0,0,0,0,0,0,0,0,0,0,0,0,0,0,0,0,0,0,0,0,0,0,0,0,0,0,0,0,0,0,0,0,0,0,0,0,0,0,0,0,0,0,0,0,0,0,0,0
75,Asset Turnover Ratio (%),92.67,92.67,92.67,92.67,104.12,104.12,104.12,104.12,99.05,99.05,99.05,99.05,101.25,101.25,101.25,101.25,90.86,90.86,90.86,90.86,95.8,95.8,95.8,95.8,81.1,81.1,81.1,81.1,87.97,87.97,87.97,87.97,87.26,87.26,87.26,87.26,85.44,85.44,85.44,85.44,84.11,84.11,84.11,84.11,76.52,76.52,76.52,76.52,74.22,74.22,74.22,74.22,74.21,74.21,74.21,74.21,81.63,81.63,81.63,81.63,92.62,92.62,92.62,92.62,97.53,97.53,97.53,97.53,91.45,91.45,91.45,91.45,1.08,1.08,1.08,1.08,1.24,1.24,1.24,1.24,1.19,1.19
76,Current Ratio (X),1.65,1.65,1.65,1.65,2.77,2.77,2.77,2.77,2.73,2.73,2.73,2.73,4.91,4.91,4.91,4.91,3.28,3.28,3.28,3.28,4.72,4.72,4.72,4.72,4.46,4.46,4.46,4.46,5.28,5.28,5.28,5.28,4.88,4.88,4.88,4.88,4.82,4.82,4.82,4.82,3.83,3.83,3.83,3.83,3.12,3.12,3.12,3.12,3.98,3.98,3.98,3.98,4.05,4.05,4.05,4.05,3.78,3.78,3.78,3.78,3,3,3,3,2.88,2.88,2.88,2.88,2.74,2.74,2.74,2.74,2.1,2.1,2.1,2.1,1.9,1.9,1.9,1.9,2.62,2.62
77,Quick Ratio (X),1.65,1.65,1.65,1.65,2.77,2.77,2.77,2.77,2.73,2.73,2.73,2.73,4.91,4.91,4.91,4.91,3.28,3.28,3.28,3.28,4.72,4.72,4.72,4.72,4.46,4.46,4.46,4.46,5.28,5.28,5.28,5.28,4.88,4.88,4.88,4.88,4.82,4.82,4.82,4.82,3.83,3.83,3.83,3.83,3.12,3.12,3.12,3.12,3.98,3.98,3.98,3.98,4.05,4.05,4.05,4.05,3.78,3.78,3.78,3.78,3,3,3,3,2.88,2.88,2.88,2.88,2.74,2.74,2.74,2.74,2.1,2.1,2.1,2.1,1.9,1.9,1.9,1.9,2.62,2.62
78,Inventory Turnover Ratio (X),0,0,0,0,0,0,0,0,0,0,0,0,0,0,0,0,0,0,0,0,0,0,0,0,0,0,0,0,0,0,0,0,0,0,0,0,0,0,0,0,0,0,0,0,0,0,0,0,0,0,0,0,0,0,0,0,0,0,0,0,0,0,0,0,0,0,0,0,0,0,0,0,0,0,0,0,0,0,0,0,0,0
79,Dividend Payout Ratio (NP) (%),69.35,69.35,69.35,69.35,16.3,16.3,16.3,16.3,51.13,51.13,51.13,51.13,17.17,17.17,17.17,17.17,42.55,42.55,42.55,42.55,23.11,23.11,23.11,23.11,24.71,24.71,24.71,24.71,53.46,53.46,53.46,53.46,31.86,31.86,31.86,31.86,26.45,26.45,26.45,26.45,35.49,35.49,35.49,35.49,42.01,42.01,42.01,42.01,43.88,43.88,43.88,43.88,50.51,50.51,50.51,50.51,46.42,46.42,46.42,46.42,93.64,93.64,93.64,93.64,61.46,61.46,61.46,61.46,50.74,50.74,50.74,50.74,59.8,59.8,59.8,59.8,58.77,58.77,58.77,58.77,54.09,54.09
80,Dividend Payout Ratio (CP) (%),58.49,58.49,58.49,58.49,14.28,14.28,14.28,14.28,43.74,43.74,43.74,43.74,15.28,15.28,15.28,15.28,37.91,37.91,37.91,37.91,20.65,20.65,20.65,20.65,21.69,21.69,21.69,21.69,47.96,47.96,47.96,47.96,29.13,29.13,29.13,29.13,23.94,23.94,23.94,23.94,32.03,32.03,32.03,32.03,39.08,39.08,39.08,39.08,40.33,40.33,40.33,40.33,46.07,46.07,46.07,46.07,42.7,42.7,42.7,42.7,84.46,84.46,84.46,84.46,54.01,54.01,54.01,54.01,44.96,44.96,44.96,44.96,53.66,53.66,53.66,53.66,52.55,52.55,52.55,52.55,48.82,48.82
81,Earnings Retention Ratio (%),30.65,30.65,30.65,30.65,83.7,83.7,83.7,83.7,48.87,48.87,48.87,48.87,82.83,82.83,82.83,82.83,57.45,57.45,57.45,57.45,76.89,76.89,76.89,76.89,75.29,75.29,75.29,75.29,46.54,46.54,46.54,46.54,68.14,68.14,68.14,68.14,73.55,73.55,73.55,73.55,64.51,64.51,64.51,64.51,57.99,57.99,57.99,57.99,56.12,56.12,56.12,56.12,49.49,49.49,49.49,49.49,53.58,53.58,53.58,53.58,6.36,6.36,6.36,6.36,38.54,38.54,38.54,38.54,49.26,49.26,49.26,49.26,40.2,40.2,40.2,40.2,41.23,41.23,41.23,41.23,45.91,45.91
82,Cash Earnings Retention Ratio (%),41.51,41.51,41.51,41.51,85.72,85.72,85.72,85.72,56.26,56.26,56.26,56.26,84.72,84.72,84.72,84.72,62.09,62.09,62.09,62.09,79.35,79.35,79.35,79.35,78.31,78.31,78.31,78.31,52.04,52.04,52.04,52.04,70.87,70.87,70.87,70.87,76.06,76.06,76.06,76.06,67.97,67.97,67.97,67.97,60.92,60.92,60.92,60.92,59.67,59.67,59.67,59.67,53.93,53.93,53.93,53.93,57.3,57.3,57.3,57.3,15.54,15.54,15.54,15.54,45.99,45.99,45.99,45.99,55.04,55.04,55.04,55.04,46.34,46.34,46.34,46.34,47.45,47.45,47.45,47.45,51.18,51.18
83,Enterprise Value (Cr.),31269.82,31269.82,31269.82,31269.82,59467.96,59467.96,59467.96,59467.96,78992.46,78992.46,78992.46,78992.46,109613.72,109613.72,109613.72,109613.72,75375.58,75375.58,75375.58,75375.58,66699.52,66699.52,66699.52,66699.52,140309.74,140309.74,140309.74,140309.74,172124.45,172124.45,172124.45,172124.45,146391.13,146391.13,146391.13,146391.13,145479.26,145479.26,145479.26,145479.26,163450.22,163450.22,163450.22,163450.22,226743.68,226743.68,226743.68,226743.68,250465.32,250465.32,250465.32,250465.32,215222.68,215222.68,215222.68,215222.68,230982.96,230982.96,230982.96,230982.96,307794.88,307794.88,307794.88,307794.88,259077.74,259077.74,259077.74,259077.74,565049.5,565049.5,565049.5,565049.5,789898.32,789898.32,789898.32,789898.32,585675.96,585675.96,585675.96,585675.96,613811,613811
84,EV/Net Operating Revenue (X),6.57,6.57,6.57,6.57,8.67,8.67,8.67,8.67,8.75,8.75,8.75,8.75,8.34,8.34,8.34,8.34,4.82,4.82,4.82,4.82,3.29,3.29,3.29,3.29,6.64,6.64,6.64,6.64,6.78,6.78,6.78,6.78,4.68,4.68,4.68,4.68,3.96,3.96,3.96,3.96,3.69,3.69,3.69,3.69,4.79,4.79,4.79,4.79,4.64,4.64,4.64,4.64,3.63,3.63,3.63,3.63,3.73,3.73,3.73,3.73,4.21,4.21,4.21,4.21,3.28,3.28,3.28,3.28,6.58,6.58,6.58,6.58,7.6,7.6,7.6,7.6,4.72,4.72,4.72,4.72,4.76,4.76
85,EV/EBITDA (X),18.38,18.38,18.38,18.38,24.25,24.25,24.25,24.25,25.21,25.21,25.21,25.21,23.81,23.81,23.81,23.81,13.35,13.35,13.35,13.35,9,9,9,9,16.85,16.85,16.85,16.85,18,18,18,18,12.31,12.31,12.31,12.31,11,11,11,11,10.82,10.82,10.82,10.82,13.11,13.11,13.11,13.11,13.38,13.38,13.38,13.38,10.62,10.62,10.62,10.62,10.84,10.84,10.84,10.84,14.3,14.3,14.3,14.3,11.4,11.4,11.4,11.4,20.99,20.99,20.99,20.99,25.44,25.44,25.44,25.44,16.95,16.95,16.95,16.95,15.67,15.67
86,MarketCap/Net Operating Revenue (X),6.91,6.91,6.91,6.91,8.89,8.89,8.89,8.89,9.11,9.11,9.11,9.11,8.76,8.76,8.76,8.76,5.23,5.23,5.23,5.23,3.74,3.74,3.74,3.74,7.1,7.1,7.1,7.1,7.32,7.32,7.32,7.32,5.26,5.26,5.26,5.26,4.51,4.51,4.51,4.51,4.23,4.23,4.23,4.23,5.38,5.38,5.38,5.38,5.18,5.18,5.18,5.18,3.95,3.95,3.95,3.95,4,4,4,4,4.42,4.42,4.42,4.42,3.45,3.45,3.45,3.45,6.78,6.78,6.78,6.78,7.72,7.72,7.72,7.72,4.78,4.78,4.78,4.78,4.82,4.82
87,Retention Ratios (%),30.64,30.64,30.64,30.64,83.69,83.69,83.69,83.69,48.86,48.86,48.86,48.86,82.82,82.82,82.82,82.82,57.44,57.44,57.44,57.44,76.88,76.88,76.88,76.88,75.28,75.28,75.28,75.28,46.53,46.53,46.53,46.53,68.13,68.13,68.13,68.13,73.54,73.54,73.54,73.54,64.5,64.5,64.5,64.5,57.98,57.98,57.98,57.98,56.11,56.11,56.11,56.11,49.48,49.48,49.48,49.48,53.57,53.57,53.57,53.57,6.35,6.35,6.35,6.35,38.53,38.53,38.53,38.53,49.25,49.25,49.25,49.25,40.19,40.19,40.19,40.19,41.22,41.22,41.22,41.22,45.9,45.9
88,Price/BV (X),10.11,10.11,10.11,10.11,11.63,11.63,11.63,11.63,11.93,11.93,11.93,11.93,10.31,10.31,10.31,10.31,6.06,6.06,6.06,6.06,4.25,4.25,4.25,4.25,6.81,6.81,6.81,6.81,7.58,7.58,7.58,7.58,5.53,5.53,5.53,5.53,4.6,4.6,4.6,4.6,4.46,4.46,4.46,4.46,5.29,5.29,5.29,5.29,4.58,4.58,4.58,4.58,3.45,3.45,3.45,3.45,3.9,3.9,3.9,3.9,5.16,5.16,5.16,5.16,4.38,4.38,4.38,4.38,8.15,8.15,8.15,8.15,11.57,11.57,11.57,11.57,8.74,8.74,8.74,8.74,7.66,7.66
89,Price/Net Operating Revenue,6.91,6.91,6.91,6.91,8.89,8.89,8.89,8.89,9.11,9.11,9.11,9.11,8.76,8.76,8.76,8.76,5.23,5.23,5.23,5.23,3.74,3.74,3.74,3.74,7.1,7.1,7.1,7.1,7.32,7.32,7.32,7.32,5.26,5.26,5.26,5.26,4.51,4.51,4.51,4.51,4.23,4.23,4.23,4.23,5.38,5.38,5.38,5.38,5.18,5.18,5.18,5.18,3.95,3.95,3.95,3.95,4,4,4,4,4.42,4.42,4.42,4.42,3.45,3.45,3.45,3.45,6.78,6.78,6.78,6.78,7.72,7.72,7.72,7.72,4.78,4.78,4.78,4.78,4.82,4.82
90,Earnings Yield,0.04,0.04,0.04,0.04,0.03,0.03,0.03,0.03,0.03,0.03,0.03,0.03,0.03,0.03,0.03,0.03,0.05,0.05,0.05,0.05,0.08,0.08,0.08,0.08,0.04,0.04,0.04,0.04,0.03,0.03,0.03,0.03,0.05,0.05,0.05,0.05,0.05,0.05,0.05,0.05,0.05,0.05,0.05,0.05,0.05,0.05,0.05,0.05,0.05,0.05,0.05,0.05,0.06,0.06,0.06,0.06,0.07,0.07,0.07,0.07,0.05,0.05,0.05,0.05,0.06,0.06,0.06,0.06,0.03,0.03,0.03,0.03,0.03,0.03,0.03,0.03,0.04,0.04,0.04,0.04,0.04,0.04
91,Total Income From Operations,1308.9,1471.39,1689.56,1798.52,1900.19,1967.17,2170,2398,2493,2867,3273,3454,3555,3551,3862,3999,4235,4516,5066,5429,5253,5104,5201,5335,5500,5758,6425,6534,6668,6905,7470,8696,8183,8909,9129,9398,9329,9959,11482,11534,11366,11319,11863,12192,11926,12738,13525,13562,14158,14420,15000,14949,14920,14971,15356,15631,15984,17056,18297,18819,18935,19131,19666,20064,20187,20325,21046,22043,22497,23714,25462,27337,27426,29527,31567,32389,30531,31811,32629,32491,32001,33283
92,Employees Cost,620.53,691.27,779.55,856.62,854.56,913.64,1004,1141,1212,1403,1574,1631,1708,1815,1946,1931,2115,2633,2424,2648,2609,2506,2563,2578,2703,2859,3092,3208,3208,3534,3713,4175,4051,4765,4882,5086,5199,5567,6572,6158,6053,6234,6340,6358,6183,6807,6987,7115,7297,7605,7939,7733,7667,7752,8015,8287,8418,8826,9489,9784,10198,10380,10604,10783,10666,11222,11053,11371,11532,12191,12734,13275,13464,14914,15873,16395,15581,16353,16435,16304,16047,16495
93,depreciat,62.08,49.38,56.55,69.38,92.91,74.84,90,109,134,97,110,129,133,134,133,138,142,155,161,169,209,201,207,205,194,180,187,184,189,191,201,198,204,214,238,248,256,250,257,285,409,192,251,229,241,252,272,275,315,319,338,339,336,343,347,354,363,374,390,406,429,510,542,544,548,546,608,589,578,576,601,631,620,643,682,713,714,746,738,738,722,698
94,Other Expenses,69.36,100.64,130.41,103.53,138.35,150.52,163,135,168,212,222,257,271,296,476,288,257,263,326,267,260,264,288,322,335,423,473,452,552,273,991,1120,1057,889,1482,1495,1499,1629,1948,1968,1819,1888,1936,2176,2223,2410,2488,2556,2614,2797,2674,2799,2867,2883,2963,2879,3449,3790,3909,4443,3994,4106,3973,4102,4399,3626,3773,4060,4818,4992,5844,6622,6993,7682,7751,8122,7002,7524,8200,8073,8239,8624
95,"P/L Before Other Inc. , Int., Excpt. Items & Tax",383.87,441.48,503.12,542.2,570.19,572.53,614,724,671,780,944,1020,1016,876,1109,1189,1243,1249,1557,1785,1619,1572,1592,1689,1700,1682,1989,1993,2010,1883,2158,2724,2502,2588,2527,2569,2375,2513,2705,3123,3085,3005,3336,3429,3279,3269,3778,3616,3932,3699,4049,4078,4050,3993,4031,4111,3754,4066,4509,4186,4314,4135,4547,4635,4574,4931,5612,6023,5569,5955,6283,6809,6349,6288,7261,7159,7234,7188,7256,7376,6993,7466
96,Other Income,3.18,17.99,30.23,46.77,32.51,30.32,45,-2,70,129,66,60,120,255,143,152,133,131,77,48,248,265,232,222,190,237,248,275,387,415,383,422,609,459,628,481,647,563,503,708,802,790,833,823,891,721,775,737,773,761,763,805,733,723,849,1811,636,716,742,756,639,713,604,798,585,478,582,903,504,570,1052,1013,590,648,1267,1177,766,1001,1350,1582,3483,721
97,"P/L Before Int., Excpt. Items & Tax",387.05,459.47,533.35,588.97,602.7,602.85,659,722,741,909,1010,1080,1136,1131,1252,1341,1376,1380,1634,1833,1867,1837,1824,1911,1890,1919,2237,2268,2397,2298,2541,3146,3111,3047,3155,3050,3022,3076,3208,3831,3887,3795,4169,4252,4170,3990,4553,4353,4705,4460,4812,4883,4783,4716,4880,5922,4390,4782,5251,4942,4953,4848,5151,5433,5159,5409,6194,6926,6073,6525,7335,7822,6939,6936,8528,8336,8000,8189,8606,8958,10476,8187
98,P/L Before Exceptional Items & Tax,387.05,459.47,533.35,588.97,602.7,602.85,659,722,741,909,1010,1080,1136,1131,1252,1341,1376,1380,1634,1833,1867,1837,1824,1911,1890,1919,2237,2268,2397,2298,2541,3146,3111,3047,3155,3050,3022,3076,3208,3831,3887,3795,4169,4252,4170,3990,4553,4353,4705,4460,4812,4883,4783,4716,4880,5922,4390,4782,5251,4942,4953,4821,5123,5405,5128,5378,6163,6894,6040,6493,7303,7789,6908,6902,8488,8295,7957,8146,8517,8876,10414,8128
99,P/L Before Tax,387.05,459.47,533.35,588.97,602.7,602.85,659,722,741,909,1010,1080,1136,1131,1252,1341,1376,1380,1634,1833,1867,1837,1824,1911,1890,1919,2237,2268,2397,2298,2541,3146,3111,3047,3155,3050,3022,3076,3208,3831,3887,3795,4581,4252,4170,3990,4553,4353,4705,4460,4812,4883,4783,4716,4880,5922,4390,4782,5251,4942,4953,4821,5123,5405,5128,5378,6163,6894,6040,6493,7303,7789,6908,6902,8488,8295,7957,8146,8517,8876,10414,8128
100,Tax,50,65,78.5,93,88.8,79,67,80,77,104,114,122,12,103,178,155,194,118,244,235,298,373,386,440,518,488,596,627,667,644,719,911,836,843,882,785,717,826,882,1096,1004,1075,1216,1197,1146,1099,1305,1190,1314,1280,1336,1284,1221,1301,1301,-82,1233,1279,1372,1441,1133,1252,1294,1329,1059,1370,1666,1811,1581,1770,1840,1919,1731,2001,2235,2085,2053,2190,2272,2324,1934,2360
101,P/L After Tax from Ordinary Activities,337.05,394.47,454.85,495.97,513.9,523.85,592,642,664,805,896,958,1124,1028,1074,1186,1182,1262,1390,1598,1569,1464,1438,1471,1372,1431,1641,1641,1730,1654,1822,2235,2275,2204,2273,2265,2305,2250,2326,2735,2883,2720,3365,3055,3024,2891,3248,3163,3391,3180,3476,3599,3562,3415,3579,6004,3157,3503,3879,3501,3820,3569,3829,4076,4069,4008,4497,5083,4459,4723,5463,5870,5177,4901,6253,6210,5904,5956,6245,6552,8480,5768
102,Net Profit/(Loss) For the Period,337.05,394.47,454.85,495.97,559.09,523.85,592,642,664,805,896,958,1124,1028,1074,1186,1182,1262,1390,1598,1569,1464,1438,1471,1430,1431,1641,1641,1730,1654,1822,2235,2759,2204,2342,2265,2305,2250,2326,2735,2883,2720,3365,3055,3024,2891,3248,3163,3391,3180,3476,3599,3562,3415,3579,6004,3157,3503,3879,3501,3820,3569,3829,4076,4069,4008,4497,5083,4459,4723,5463,5870,5177,4901,6253,6210,5904,5956,6245,6552,8480,5768
103,Equity Share Capital,33.32,33.43,133.93,134.73,135.29,135.71,136,137,138,138,278,279,286,286,286,286,286,286,286,286,286,287,287,287,287,287,287,287,287,287,287,287,287,287,287,287,287,287,287,286,286,286,286,572,574,1148,1148,1148,1148,1148,1148,1148,1148,1148,1148,1092,1092,1092,2184,2184,2178,2145,2129,2129,2129,2129,2129,2129,2130,2128,2102,2102,2103,2104,2104,2091,2074,2075,2075,2075,2075,2076
104,Reserves Excluding Revaluation Reserves,3220.11,3695.78,3937.53,4608.96,5106.44,5729.35,6269,7113,6759,7690,8273,9363,10876,11904,12577,13788,13204,36730.231,36730.231,16832,17523,19004,19794,21284,21749,23184,22156,23808,24214,25871,26692,24214,24214,29470,29470,29470,29470,35772,35772,35772,35772,41806,41806,41806,47494,36730.231,51617,51617,59934,59934,59934,59934,66869,66869,66869,66869,62410,62410,62410,62410,60533,60533,60533,36730.231,60105,60105,60105,60105,69401,69401,69401,69401,67203,36730.231,36730.231,36730.231,65671,36730.231,36730.231,36730.231,36730.231,36730.231
