TCS,Mar 4,Jun 4,Sep 4,Dec 4,Mar 5,Jun 5,Sep 5,Dec 5,Mar 6,Jun 6,Sep 6,Dec 6,Mar 7,Jun 7,Sep 7,Dec 7,Mar 8,Jun 8,Sep 8,Dec 8,Mar 9,Jun 9,Sep 9,Dec 9,Mar 10,Jun 10,Sep 10,Dec 10,Mar 11,Jun 11,Sep 11,Dec 11,Mar 12,Jun 12,Sep 12,Dec 12,Mar 13,Jun 13,Sep 13,Dec 13,Mar 14,Jun 14,Sep 14,Dec 14,Mar 15,Jun 15,Sep 15,Dec 15,Mar 16,Jun 16,Sep 16,Dec 16,Mar 17,Jun 17,Sep 17,Dec 17,Mar 18,Jun 18,Sep 18,Dec 18,Mar 19,Jun 19,Sep 19,Dec 19,Mar 20,Jun 20,Sep 20,Dec 20,Mar 21,Jun 21,Sep 21,Dec 21,Mar 22,Jun 22,Sep 22,Dec 22,Mar 23,Jun 23,Sep 23,Dec 23,Mar 24,Jun 24
Close,38.38750076293945,87.25,128.3874969482422,166.9324951171875,179.00750732421875,169.7624969482422,185.2949981689453,212.8574981689453,239.4375,217.34500122070312,255.5124969482422,305.5,308.4624938964844,287.3374938964844,265.0375061035156,269.3500061035156,202.6125030517578,214.5500030517578,166.39999389648438,119.4749984741211,134.6374969482422,194.9250030517578,310.5,375.125,390.32501220703125,375.5,463.4750061035156,582.8250122070312,591.9500122070312,592.0999755859375,518.6500244140625,580.3250122070312,584.4000244140625,638.7249755859375,647.9500122070312,627.9249877929688,787.875,759.0750122070312,963.9000244140625,1086.0250244140625,1066.574951171875,1212.699951171875,1368.300048828125,1279.125,1276.9749755859375,1275.4749755859375,1294.0250244140625,1218.425048828125,1260.1500244140625,1276.550048828125,1215.4000244140625,1182.7750244140625,1215.9000244140625,1181.175048828125,1217.9749755859375,1350.5999755859375,1424.574951171875,1847.75,2183.699951171875,1893.050048828125,2001.6500244140625,2227.199951171875,2099.300048828125,2161.699951171875,1826.0999755859375,2082.14990234375,2492.300048828125,2862.75,3177.85009765625,3345.75,3775.550048828125,3738.35009765625,3739.949951171875,3267.10009765625,3004.550048828125,3256.699951171875,3205.89990234375,3302.25,3528.60009765625,3793.39990234375,3876.300048828125,3904.14990234375
EQUITIES AND LIABILITIES,,,,,,,,,,,,,,,,,,,,,,,,,,,,,,,,,,,,,,,,,,,,,,,,,,,,,,,,,,,,,,,,,,,,,,,,,,,,,,,,,,
SHAREHOLDER'S FUNDS,,,,,,,,,,,,,,,,,,,,,,,,,,,,,,,,,,,,,,,,,,,,,,,,,,,,,,,,,,,,,,,,,,,,,,,,,,,,,,,,,,
Equity Share Capital,36.44,36.44,36.44,36.44,48.01,48.01,48.01,48.01,48.93,48.93,48.93,48.93,97.86,97.86,97.86,97.86,97.86,97.86,97.86,97.86,97.86,97.86,97.86,97.86,195.72,195.72,195.72,195.72,195.72,195.72,195.72,195.72,195.72,195.72,195.72,195.72,195.72,195.72,195.72,195.72,195.87,195.87,195.87,195.87,195.87,195.87,195.87,195.87,197.0,197.0,197.0,197.0,197.0,197.0,197.0,197.0,191.0,191.0,191.0,191.0,375.0,375.0,375.0,375.0,375.0,375.0,375.0,375.0,370.0,370.0,370.0,370.0,366.0,366.0,366.0,366.0,366.0,366.0,366.0,366.0,362.0,362.0
Total Share Capital,36.44,36.44,36.44,36.44,48.01,48.01,48.01,48.01,48.93,48.93,48.93,48.93,97.86,97.86,97.86,97.86,197.86,197.86,197.86,197.86,197.86,197.86,197.86,197.86,295.72,295.72,295.72,295.72,295.72,295.72,295.72,295.72,295.72,295.72,295.72,295.72,295.72,295.72,295.72,295.72,195.87,195.87,195.87,195.87,195.87,195.87,195.87,195.87,197.0,197.0,197.0,197.0,197.0,197.0,197.0,197.0,191.0,191.0,191.0,191.0,375.0,375.0,375.0,375.0,375.0,375.0,375.0,375.0,370.0,370.0,370.0,370.0,366.0,366.0,366.0,366.0,366.0,366.0,366.0,366.0,362.0,362.0
Reserves and Surplus,10.64,10.64,10.64,10.64,3273.04,3273.04,3273.04,3273.04,5560.4,5560.4,5560.4,5560.4,7961.13,7961.13,7961.13,7961.13,10806.95,10806.95,10806.95,10806.95,13248.39,13248.39,13248.39,13248.39,14820.9,14820.9,14820.9,14820.9,19283.77,19283.77,19283.77,19283.77,24560.91,24560.91,24560.91,24560.91,32266.53,32266.53,32266.53,32266.53,43856.01,43856.01,43856.01,43856.01,45220.57,45220.57,45220.57,45220.57,64816.0,64816.0,64816.0,64816.0,77825.0,77825.0,77825.0,77825.0,75675.0,75675.0,75675.0,75675.0,78523.0,78523.0,78523.0,78523.0,73993.0,73993.0,73993.0,73993.0,74424.0,74424.0,74424.0,74424.0,76807.0,76807.0,76807.0,76807.0,74172.0,74172.0,74172.0,74172.0,71758.0,71758.0
Total Reserves and Surplus,10.64,10.64,10.64,10.64,3273.04,3273.04,3273.04,3273.04,5560.4,5560.4,5560.4,5560.4,7961.13,7961.13,7961.13,7961.13,10806.95,10806.95,10806.95,10806.95,13248.39,13248.39,13248.39,13248.39,14820.9,14820.9,14820.9,14820.9,19283.77,19283.77,19283.77,19283.77,24560.91,24560.91,24560.91,24560.91,32266.53,32266.53,32266.53,32266.53,43856.01,43856.01,43856.01,43856.01,45220.57,45220.57,45220.57,45220.57,64816.0,64816.0,64816.0,64816.0,77825.0,77825.0,77825.0,77825.0,75675.0,75675.0,75675.0,75675.0,78523.0,78523.0,78523.0,78523.0,73993.0,73993.0,73993.0,73993.0,74424.0,74424.0,74424.0,74424.0,76807.0,76807.0,76807.0,76807.0,74172.0,74172.0,74172.0,74172.0,71758.0,71758.0
Total Shareholders Funds,47.08,47.08,47.08,47.08,3321.05,3321.05,3321.05,3321.05,5609.33,5609.33,5609.33,5609.33,8058.99,8058.99,8058.99,8058.99,11004.81,11004.81,11004.81,11004.81,13446.25,13446.25,13446.25,13446.25,15116.62,15116.62,15116.62,15116.62,19579.49,19579.49,19579.49,19579.49,24856.63,24856.63,24856.63,24856.63,32562.25,32562.25,32562.25,32562.25,44051.88,44051.88,44051.88,44051.88,45416.44,45416.44,45416.44,45416.44,65013.0,65013.0,65013.0,65013.0,78022.0,78022.0,78022.0,78022.0,75866.0,75866.0,75866.0,75866.0,78898.0,78898.0,78898.0,78898.0,74368.0,74368.0,74368.0,74368.0,74794.0,74794.0,74794.0,74794.0,77173.0,77173.0,77173.0,77173.0,74538.0,74538.0,74538.0,74538.0,72120.0,72120.0
NON-CURRENT LIABILITIES,,,,,,,,,,,,,,,,,,,,,,,,,,,,,,,,,,,,,,,,,,,,,,,,,,,,,,,,,,,,,,,,,,,,,,,,,,,,,,,,,,
Long Term Borrowings,0.0,0.0,0.0,0.0,9.73,9.73,9.73,9.73,8.98,8.98,8.98,8.98,8.98,8.98,8.98,8.98,8.98,8.98,8.98,8.98,38.92,38.92,38.92,38.92,35.74,35.74,35.74,35.74,36.33,36.33,36.33,36.33,96.23,96.23,96.23,96.23,83.1,83.1,83.1,83.1,89.69,89.69,89.69,89.69,64.71,64.71,64.71,64.71,50.0,50.0,50.0,50.0,44.0,44.0,44.0,44.0,39.0,39.0,39.0,39.0,0.0,0.0,0.0,0.0,0.0,0.0,0.0,0.0,0.0,0.0,0.0,0.0,0.0,0.0,0.0,0.0,0.0,0.0,0.0,0.0,0.0,0.0
Deferred Tax Liabilities [Net],0.98,0.98,0.98,0.98,69.15,69.15,69.15,69.15,67.34,67.34,67.34,67.34,60.61,60.61,60.61,60.61,121.38,121.38,121.38,121.38,103.05,103.05,103.05,103.05,40.1,40.1,40.1,40.1,69.32,69.32,69.32,69.32,118.1,118.1,118.1,118.1,168.49,168.49,168.49,168.49,226.87,226.87,226.87,226.87,271.46,271.46,271.46,271.46,366.0,366.0,366.0,366.0,314.0,314.0,314.0,314.0,424.0,424.0,424.0,424.0,339.0,339.0,339.0,339.0,347.0,347.0,347.0,347.0,365.0,365.0,365.0,365.0,129.0,129.0,129.0,129.0,190.0,190.0,190.0,190.0,154.0,154.0
Other Long Term Liabilities,0.0,0.0,0.0,0.0,0.0,0.0,0.0,0.0,0.0,0.0,0.0,0.0,0.0,0.0,0.0,0.0,0.0,0.0,0.0,0.0,0.0,0.0,0.0,0.0,0.0,0.0,0.0,0.0,129.91,129.91,129.91,129.91,197.59,197.59,197.59,197.59,251.87,251.87,251.87,251.87,690.44,690.44,690.44,690.44,722.15,722.15,722.15,722.15,639.0,639.0,639.0,639.0,638.0,638.0,638.0,638.0,643.0,643.0,643.0,643.0,1367.0,1367.0,1367.0,1367.0,6234.0,6234.0,6234.0,6234.0,5697.0,5697.0,5697.0,5697.0,6060.0,6060.0,6060.0,6060.0,5775.0,5775.0,5775.0,5775.0,5813.0,5813.0
Long Term Provisions,0.0,0.0,0.0,0.0,0.0,0.0,0.0,0.0,0.0,0.0,0.0,0.0,0.0,0.0,0.0,0.0,0.0,0.0,0.0,0.0,0.0,0.0,0.0,0.0,0.0,0.0,0.0,0.0,76.17,76.17,76.17,76.17,154.78,154.78,154.78,154.78,269.52,269.52,269.52,269.52,279.61,279.61,279.61,279.61,126.91,126.91,126.91,126.91,40.0,40.0,40.0,40.0,39.0,39.0,39.0,39.0,26.0,26.0,26.0,26.0,0.0,0.0,0.0,0.0,0.0,0.0,0.0,0.0,0.0,0.0,0.0,0.0,0.0,0.0,0.0,0.0,0.0,0.0,0.0,0.0,0.0,0.0
Total Non-Current Liabilities,0.98,0.98,0.98,0.98,78.88,78.88,78.88,78.88,76.32,76.32,76.32,76.32,69.59,69.59,69.59,69.59,130.36,130.36,130.36,130.36,141.97,141.97,141.97,141.97,75.84,75.84,75.84,75.84,311.73,311.73,311.73,311.73,566.7,566.7,566.7,566.7,772.98,772.98,772.98,772.98,1286.61,1286.61,1286.61,1286.61,1185.23,1185.23,1185.23,1185.23,1095.0,1095.0,1095.0,1095.0,1035.0,1035.0,1035.0,1035.0,1132.0,1132.0,1132.0,1132.0,1706.0,1706.0,1706.0,1706.0,6581.0,6581.0,6581.0,6581.0,6062.0,6062.0,6062.0,6062.0,6189.0,6189.0,6189.0,6189.0,5965.0,5965.0,5965.0,5965.0,5967.0,5967.0
CURRENT LIABILITIES,,,,,,,,,,,,,,,,,,,,,,,,,,,,,,,,,,,,,,,,,,,,,,,,,,,,,,,,,,,,,,,,,,,,,,,,,,,,,,,,,,
Short Term Borrowings,375.0,375.0,375.0,375.0,111.01,111.01,111.01,111.01,26.52,26.52,26.52,26.52,41.76,41.76,41.76,41.76,9.27,9.27,9.27,9.27,1.45,1.45,1.45,1.45,0.0,0.0,0.0,0.0,0.0,0.0,0.0,0.0,0.0,0.0,0.0,0.0,80.02,80.02,80.02,80.02,0.0,0.0,0.0,0.0,185.56,185.56,185.56,185.56,113.0,113.0,113.0,113.0,200.0,200.0,200.0,200.0,181.0,181.0,181.0,181.0,0.0,0.0,0.0,0.0,0.0,0.0,0.0,0.0,0.0,0.0,0.0,0.0,0.0,0.0,0.0,0.0,0.0,0.0,0.0,0.0,0.0,0.0
Trade Payables,227.04,227.04,227.04,227.04,445.68,445.68,445.68,445.68,737.09,737.09,737.09,737.09,868.48,868.48,868.48,868.48,1239.37,1239.37,1239.37,1239.37,1312.57,1312.57,1312.57,1312.57,2028.27,2028.27,2028.27,2028.27,2153.38,2153.38,2153.38,2153.38,2847.18,2847.18,2847.18,2847.18,3528.04,3528.04,3528.04,3528.04,3977.55,3977.55,3977.55,3977.55,6767.25,6767.25,6767.25,6767.25,5370.0,5370.0,5370.0,5370.0,4190.0,4190.0,4190.0,4190.0,4775.0,4775.0,4775.0,4775.0,7692.0,7692.0,7692.0,7692.0,8734.0,8734.0,8734.0,8734.0,7962.0,7962.0,7962.0,7962.0,10082.0,10082.0,10082.0,10082.0,13768.0,13768.0,13768.0,13768.0,14599.0,14599.0
Other Current Liabilities,0.18,0.18,0.18,0.18,268.6,268.6,268.6,268.6,434.81,434.81,434.81,434.81,821.37,821.37,821.37,821.37,1164.81,1164.81,1164.81,1164.81,2188.56,2188.56,2188.56,2188.56,1284.37,1284.37,1284.37,1284.37,1584.27,1584.27,1584.27,1584.27,1598.56,1598.56,1598.56,1598.56,2172.71,2172.71,2172.71,2172.71,2460.32,2460.32,2460.32,2460.32,2491.47,2491.47,2491.47,2491.47,5711.0,5711.0,5711.0,5711.0,6245.0,6245.0,6245.0,6245.0,8931.0,8931.0,8931.0,8931.0,11030.0,11030.0,11030.0,11030.0,15057.0,15057.0,15057.0,15057.0,19213.0,19213.0,19213.0,19213.0,26442.0,26442.0,26442.0,26442.0,25277.0,25277.0,25277.0,25277.0,28391.0,28391.0
Short Term Provisions,4.93,4.93,4.93,4.93,527.58,527.58,527.58,527.58,540.54,540.54,540.54,540.54,905.05,905.05,905.05,905.05,1187.44,1187.44,1187.44,1187.44,1450.23,1450.23,1450.23,1450.23,3926.61,3926.61,3926.61,3926.61,2413.94,2413.94,2413.94,2413.94,4389.74,4389.74,4389.74,4389.74,3896.14,3896.14,3896.14,3896.14,5827.83,5827.83,5827.83,5827.83,7019.35,7019.35,7019.35,7019.35,115.0,115.0,115.0,115.0,66.0,66.0,66.0,66.0,171.0,171.0,171.0,171.0,174.0,174.0,174.0,174.0,235.0,235.0,235.0,235.0,1350.0,1350.0,1350.0,1350.0,1377.0,1377.0,1377.0,1377.0,279.0,279.0,279.0,279.0,71.0,71.0
Total Current Liabilities,607.15,607.15,607.15,607.15,1352.87,1352.87,1352.87,1352.87,1738.96,1738.96,1738.96,1738.96,2636.66,2636.66,2636.66,2636.66,3600.89,3600.89,3600.89,3600.89,4952.81,4952.81,4952.81,4952.81,7239.25,7239.25,7239.25,7239.25,6151.59,6151.59,6151.59,6151.59,8835.48,8835.48,8835.48,8835.48,9676.91,9676.91,9676.91,9676.91,12265.7,12265.7,12265.7,12265.7,16463.63,16463.63,16463.63,16463.63,11309.0,11309.0,11309.0,11309.0,10701.0,10701.0,10701.0,10701.0,14058.0,14058.0,14058.0,14058.0,18896.0,18896.0,18896.0,18896.0,24026.0,24026.0,24026.0,24026.0,28525.0,28525.0,28525.0,28525.0,37901.0,37901.0,37901.0,37901.0,39324.0,39324.0,39324.0,39324.0,43061.0,43061.0
Total Capital And Liabilities,655.21,655.21,655.21,655.21,4752.8,4752.8,4752.8,4752.8,7424.61,7424.61,7424.61,7424.61,10765.24,10765.24,10765.24,10765.24,14736.06,14736.06,14736.06,14736.06,18541.03,18541.03,18541.03,18541.03,22431.71,22431.71,22431.71,22431.71,26042.81,26042.81,26042.81,26042.81,34258.81,34258.81,34258.81,34258.81,43012.14,43012.14,43012.14,43012.14,57604.19,57604.19,57604.19,57604.19,63065.3,63065.3,63065.3,63065.3,77417.0,77417.0,77417.0,77417.0,89758.0,89758.0,89758.0,89758.0,91056.0,91056.0,91056.0,91056.0,99500.0,99500.0,99500.0,99500.0,104975.0,104975.0,104975.0,104975.0,109381.0,109381.0,109381.0,109381.0,121263.0,121263.0,121263.0,121263.0,119827.0,119827.0,119827.0,119827.0,121148.0,121148.0
ASSETS,,,,,,,,,,,,,,,,,,,,,,,,,,,,,,,,,,,,,,,,,,,,,,,,,,,,,,,,,,,,,,,,,,,,,,,,,,,,,,,,,,
NON-CURRENT ASSETS,,,,,,,,,,,,,,,,,,,,,,,,,,,,,,,,,,,,,,,,,,,,,,,,,,,,,,,,,,,,,,,,,,,,,,,,,,,,,,,,,,
Tangible Assets,225.55,225.55,225.55,225.55,908.16,908.16,908.16,908.16,1157.07,1157.07,1157.07,1157.07,1447.9,1447.9,1447.9,1447.9,1927.82,1927.82,1927.82,1927.82,2656.37,2656.37,2656.37,2656.37,2747.81,2747.81,2747.81,2747.81,3363.78,3363.78,3363.78,3363.78,4012.16,4012.16,4012.16,4012.16,5059.48,5059.48,5059.48,5059.48,5887.09,5887.09,5887.09,5887.09,7964.88,7964.88,7964.88,7964.88,9056.0,9056.0,9056.0,9056.0,9214.0,9214.0,9214.0,9214.0,9430.0,9430.0,9430.0,9430.0,9522.0,9522.0,9522.0,9522.0,15883.0,15883.0,15883.0,15883.0,15697.0,15697.0,15697.0,15697.0,15506.0,15506.0,15506.0,15506.0,14881.0,14881.0,14881.0,14881.0,14490.0,14490.0
Intangible Assets,0.0,0.0,0.0,0.0,0.0,0.0,0.0,0.0,12.71,12.71,12.71,12.71,12.71,12.71,12.71,12.71,12.71,12.71,12.71,12.71,12.71,12.71,12.71,12.71,12.71,12.71,12.71,12.71,58.4,58.4,58.4,58.4,51.46,51.46,51.46,51.46,44.8,44.8,44.8,44.8,42.1,42.1,42.1,42.1,31.41,31.41,31.41,31.41,24.0,24.0,24.0,24.0,17.0,17.0,17.0,17.0,10.0,10.0,10.0,10.0,139.0,139.0,139.0,139.0,239.0,239.0,239.0,239.0,362.0,362.0,362.0,362.0,1018.0,1018.0,1018.0,1018.0,809.0,809.0,809.0,809.0,463.0,463.0
Capital Work-In-Progress,0.0,0.0,0.0,0.0,120.28,120.28,120.28,120.28,280.0,280.0,280.0,280.0,757.85,757.85,757.85,757.85,889.74,889.74,889.74,889.74,685.13,685.13,685.13,685.13,940.72,940.72,940.72,940.72,1072.86,1072.86,1072.86,1072.86,1399.82,1399.82,1399.82,1399.82,1763.85,1763.85,1763.85,1763.85,3047.53,3047.53,3047.53,3047.53,2706.94,2706.94,2706.94,2706.94,1640.0,1640.0,1640.0,1640.0,1477.0,1477.0,1477.0,1477.0,1238.0,1238.0,1238.0,1238.0,834.0,834.0,834.0,834.0,781.0,781.0,781.0,781.0,861.0,861.0,861.0,861.0,1146.0,1146.0,1146.0,1146.0,1103.0,1103.0,1103.0,1103.0,1450.0,1450.0
Other Assets,0.0,0.0,0.0,0.0,0.0,0.0,0.0,0.0,0.0,0.0,0.0,0.0,0.0,0.0,0.0,0.0,0.0,0.0,0.0,0.0,0.0,0.0,0.0,0.0,0.0,0.0,0.0,0.0,0.0,0.0,0.0,0.0,0.0,0.0,0.0,0.0,0.0,0.0,0.0,0.0,0.0,0.0,0.0,0.0,0.0,0.0,0.0,0.0,0.0,0.0,0.0,0.0,0.0,0.0,0.0,0.0,0.0,0.0,0.0,0.0,0.0,0.0,0.0,0.0,0.0,0.0,0.0,0.0,0.0,0.0,0.0,0.0,0.0,0.0,0.0,0.0,0.0,0.0,0.0,0.0,0.0,0.0
Fixed Assets,225.55,225.55,225.55,225.55,1028.44,1028.44,1028.44,1028.44,1449.78,1449.78,1449.78,1449.78,2218.46,2218.46,2218.46,2218.46,2830.27,2830.27,2830.27,2830.27,3354.21,3354.21,3354.21,3354.21,3701.24,3701.24,3701.24,3701.24,4495.04,4495.04,4495.04,4495.04,5463.44,5463.44,5463.44,5463.44,6868.13,6868.13,6868.13,6868.13,8976.72,8976.72,8976.72,8976.72,10703.23,10703.23,10703.23,10703.23,10720.0,10720.0,10720.0,10720.0,10708.0,10708.0,10708.0,10708.0,10678.0,10678.0,10678.0,10678.0,10495.0,10495.0,10495.0,10495.0,16903.0,16903.0,16903.0,16903.0,16920.0,16920.0,16920.0,16920.0,17670.0,17670.0,17670.0,17670.0,16793.0,16793.0,16793.0,16793.0,16403.0,16403.0
Non-Current Investments,417.39,417.39,417.39,417.39,1404.42,1404.42,1404.42,1404.42,1963.52,1963.52,1963.52,1963.52,3252.04,3252.04,3252.04,3252.04,4509.33,4509.33,4509.33,4509.33,5936.03,5936.03,5936.03,5936.03,7893.39,7893.39,7893.39,7893.39,5457.91,5457.91,5457.91,5457.91,5150.15,5150.15,5150.15,5150.15,5975.73,5975.73,5975.73,5975.73,5098.55,5098.55,5098.55,5098.55,2651.23,2651.23,2651.23,2651.23,2229.0,2229.0,2229.0,2229.0,2201.0,2201.0,2201.0,2201.0,2186.0,2186.0,2186.0,2186.0,2189.0,2189.0,2189.0,2189.0,2189.0,2189.0,2189.0,2189.0,2405.0,2405.0,2405.0,2405.0,2405.0,2405.0,2405.0,2405.0,2405.0,2405.0,2405.0,2405.0,2405.0,2405.0
Deferred Tax Assets [Net],0.0,0.0,0.0,0.0,4.83,4.83,4.83,4.83,28.46,28.46,28.46,28.46,37.61,37.61,37.61,37.61,66.89,66.89,66.89,66.89,3.65,3.65,3.65,3.65,53.13,53.13,53.13,53.13,52.03,52.03,52.03,52.03,139.74,139.74,139.74,139.74,148.23,148.23,148.23,148.23,273.58,273.58,273.58,273.58,303.47,303.47,303.47,303.47,2530.0,2530.0,2530.0,2530.0,2447.0,2447.0,2447.0,2447.0,3051.0,3051.0,3051.0,3051.0,2097.0,2097.0,2097.0,2097.0,2219.0,2219.0,2219.0,2219.0,3160.0,3160.0,3160.0,3160.0,2779.0,2779.0,2779.0,2779.0,2464.0,2464.0,2464.0,2464.0,2524.0,2524.0
Long Term Loans And Advances,0.0,0.0,0.0,0.0,0.0,0.0,0.0,0.0,0.0,0.0,0.0,0.0,0.0,0.0,0.0,0.0,0.0,0.0,0.0,0.0,0.0,0.0,0.0,0.0,0.0,0.0,0.0,0.0,2864.09,2864.09,2864.09,2864.09,4332.81,4332.81,4332.81,4332.81,4630.21,4630.21,4630.21,4630.21,6875.54,6875.54,6875.54,6875.54,8452.55,8452.55,8452.55,8452.55,2432.0,2432.0,2432.0,2432.0,6.0,6.0,6.0,6.0,1503.0,1503.0,1503.0,1503.0,2.0,2.0,2.0,2.0,2.0,2.0,2.0,2.0,2.0,2.0,2.0,2.0,8.0,8.0,8.0,8.0,3.0,3.0,3.0,3.0,2.0,2.0
Other Non-Current Assets,0.0,0.0,0.0,0.0,0.0,0.0,0.0,0.0,0.0,0.0,0.0,0.0,0.0,0.0,0.0,0.0,0.0,0.0,0.0,0.0,0.0,0.0,0.0,0.0,0.0,0.0,0.0,0.0,2603.26,2603.26,2603.26,2603.26,2636.88,2636.88,2636.88,2636.88,1881.2,1881.2,1881.2,1881.2,1544.99,1544.99,1544.99,1544.99,524.68,524.68,524.68,524.68,6129.0,6129.0,6129.0,6129.0,5954.0,5954.0,5954.0,5954.0,5416.0,5416.0,5416.0,5416.0,5685.0,5685.0,5685.0,5685.0,4468.0,4468.0,4468.0,4468.0,3734.0,3734.0,3734.0,3734.0,4209.0,4209.0,4209.0,4209.0,5378.0,5378.0,5378.0,5378.0,4896.0,4896.0
Total Non-Current Assets,642.94,642.94,642.94,642.94,2437.69,2437.69,2437.69,2437.69,3441.76,3441.76,3441.76,3441.76,5508.11,5508.11,5508.11,5508.11,7406.49,7406.49,7406.49,7406.49,9293.89,9293.89,9293.89,9293.89,11647.76,11647.76,11647.76,11647.76,15472.33,15472.33,15472.33,15472.33,17723.02,17723.02,17723.02,17723.02,19503.5,19503.5,19503.5,19503.5,22769.38,22769.38,22769.38,22769.38,22635.16,22635.16,22635.16,22635.16,24040.0,24040.0,24040.0,24040.0,21316.0,21316.0,21316.0,21316.0,22834.0,22834.0,22834.0,22834.0,20468.0,20468.0,20468.0,20468.0,25781.0,25781.0,25781.0,25781.0,26221.0,26221.0,26221.0,26221.0,27071.0,27071.0,27071.0,27071.0,27043.0,27043.0,27043.0,27043.0,26230.0,26230.0
CURRENT ASSETS,,,,,,,,,,,,,,,,,,,,,,,,,,,,,,,,,,,,,,,,,,,,,,,,,,,,,,,,,,,,,,,,,,,,,,,,,,,,,,,,,,
Current Investments,0.0,0.0,0.0,0.0,0.0,0.0,0.0,0.0,0.0,0.0,0.0,0.0,0.0,0.0,0.0,0.0,0.0,0.0,0.0,0.0,0.0,0.0,0.0,0.0,0.0,0.0,0.0,0.0,337.58,337.58,337.58,337.58,538.24,538.24,538.24,538.24,348.65,348.65,348.65,348.65,733.87,733.87,733.87,733.87,747.47,747.47,747.47,747.47,21930.0,21930.0,21930.0,21930.0,40729.0,40729.0,40729.0,40729.0,35073.0,35073.0,35073.0,35073.0,28280.0,28280.0,28280.0,28280.0,25686.0,25686.0,25686.0,25686.0,28324.0,28324.0,28324.0,28324.0,29262.0,29262.0,29262.0,29262.0,35738.0,35738.0,35738.0,35738.0,29840.0,29840.0
Inventories,0.0,0.0,0.0,0.0,0.0,0.0,0.0,0.0,22.94,22.94,22.94,22.94,12.06,12.06,12.06,12.06,17.19,17.19,17.19,17.19,16.95,16.95,16.95,16.95,6.78,6.78,6.78,6.78,5.37,5.37,5.37,5.37,4.14,4.14,4.14,4.14,6.34,6.34,6.34,6.34,8.57,8.57,8.57,8.57,12.34,12.34,12.34,12.34,9.0,9.0,9.0,9.0,21.0,21.0,21.0,21.0,25.0,25.0,25.0,25.0,10.0,10.0,10.0,10.0,5.0,5.0,5.0,5.0,7.0,7.0,7.0,7.0,19.0,19.0,19.0,19.0,27.0,27.0,27.0,27.0,27.0,27.0
Trade Receivables,0.25,0.25,0.25,0.25,1463.45,1463.45,1463.45,1463.45,2326.63,2326.63,2326.63,2326.63,2799.8,2799.8,2799.8,2799.8,3747.01,3747.01,3747.01,3747.01,3717.73,3717.73,3717.73,3717.73,3332.3,3332.3,3332.3,3332.3,4806.67,4806.67,4806.67,4806.67,9107.72,9107.72,9107.72,9107.72,11202.32,11202.32,11202.32,11202.32,14471.89,14471.89,14471.89,14471.89,17036.76,17036.76,17036.76,17036.76,19058.0,19058.0,19058.0,19058.0,16582.0,16582.0,16582.0,16582.0,18882.0,18882.0,18882.0,18882.0,24029.0,24029.0,24029.0,24029.0,28660.0,28660.0,28660.0,28660.0,25222.0,25222.0,25222.0,25222.0,29852.0,29852.0,29852.0,29852.0,42798.0,42798.0,42798.0,42798.0,46068.0,46068.0
Cash And Cash Equivalents,2.25,2.25,2.25,2.25,120.74,120.74,120.74,120.74,171.17,171.17,171.17,171.17,557.14,557.14,557.14,557.14,527.52,527.52,527.52,527.52,1605.26,1605.26,1605.26,1605.26,3396.16,3396.16,3396.16,3396.16,3120.52,3120.52,3120.52,3120.52,3280.07,3280.07,3280.07,3280.07,4054.16,4054.16,4054.16,4054.16,12566.26,12566.26,12566.26,12566.26,16502.5,16502.5,16502.5,16502.5,4806.0,4806.0,4806.0,4806.0,1316.0,1316.0,1316.0,1316.0,3487.0,3487.0,3487.0,3487.0,8900.0,8900.0,8900.0,8900.0,4824.0,4824.0,4824.0,4824.0,3142.0,3142.0,3142.0,3142.0,13692.0,13692.0,13692.0,13692.0,4543.0,4543.0,4543.0,4543.0,6599.0,6599.0
Short Term Loans And Advances,9.77,9.77,9.77,9.77,730.92,730.92,730.92,730.92,1462.11,1462.11,1462.11,1462.11,1888.13,1888.13,1888.13,1888.13,3037.85,3037.85,3037.85,3037.85,3907.2,3907.2,3907.2,3907.2,4048.71,4048.71,4048.71,4048.71,1369.05,1369.05,1369.05,1369.05,1648.72,1648.72,1648.72,1648.72,4911.48,4911.48,4911.48,4911.48,3688.12,3688.12,3688.12,3688.12,3352.18,3352.18,3352.18,3352.18,2523.0,2523.0,2523.0,2523.0,2704.0,2704.0,2704.0,2704.0,2793.0,2793.0,2793.0,2793.0,7018.0,7018.0,7018.0,7018.0,7270.0,7270.0,7270.0,7270.0,10486.0,10486.0,10486.0,10486.0,5653.0,5653.0,5653.0,5653.0,332.0,332.0,332.0,332.0,317.0,317.0
OtherCurrentAssets,0.0,0.0,0.0,0.0,0.0,0.0,0.0,0.0,0.0,0.0,0.0,0.0,0.0,0.0,0.0,0.0,0.0,0.0,0.0,0.0,0.0,0.0,0.0,0.0,0.0,0.0,0.0,0.0,931.29,931.29,931.29,931.29,1956.9,1956.9,1956.9,1956.9,2985.69,2985.69,2985.69,2985.69,3366.1,3366.1,3366.1,3366.1,2778.89,2778.89,2778.89,2778.89,5051.0,5051.0,5051.0,5051.0,7090.0,7090.0,7090.0,7090.0,7962.0,7962.0,7962.0,7962.0,10795.0,10795.0,10795.0,10795.0,12749.0,12749.0,12749.0,12749.0,15979.0,15979.0,15979.0,15979.0,15714.0,15714.0,15714.0,15714.0,9346.0,9346.0,9346.0,9346.0,12067.0,12067.0
Total Current Assets,12.27,12.27,12.27,12.27,2315.11,2315.11,2315.11,2315.11,3982.85,3982.85,3982.85,3982.85,5257.13,5257.13,5257.13,5257.13,7329.57,7329.57,7329.57,7329.57,9247.14,9247.14,9247.14,9247.14,10783.95,10783.95,10783.95,10783.95,10570.48,10570.48,10570.48,10570.48,16535.79,16535.79,16535.79,16535.79,23508.64,23508.64,23508.64,23508.64,34834.81,34834.81,34834.81,34834.81,40430.14,40430.14,40430.14,40430.14,53377.0,53377.0,53377.0,53377.0,68442.0,68442.0,68442.0,68442.0,68222.0,68222.0,68222.0,68222.0,79032.0,79032.0,79032.0,79032.0,79194.0,79194.0,79194.0,79194.0,83160.0,83160.0,83160.0,83160.0,94192.0,94192.0,94192.0,94192.0,92784.0,92784.0,92784.0,92784.0,94918.0,94918.0
Total Assets,655.21,655.21,655.21,655.21,4752.8,4752.8,4752.8,4752.8,7424.61,7424.61,7424.61,7424.61,10765.24,10765.24,10765.24,10765.24,14736.06,14736.06,14736.06,14736.06,18541.03,18541.03,18541.03,18541.03,22431.71,22431.71,22431.71,22431.71,26042.81,26042.81,26042.81,26042.81,34258.81,34258.81,34258.81,34258.81,43012.14,43012.14,43012.14,43012.14,57604.19,57604.19,57604.19,57604.19,63065.3,63065.3,63065.3,63065.3,77417.0,77417.0,77417.0,77417.0,89758.0,89758.0,89758.0,89758.0,91056.0,91056.0,91056.0,91056.0,99500.0,99500.0,99500.0,99500.0,104975.0,104975.0,104975.0,104975.0,109381.0,109381.0,109381.0,109381.0,121263.0,121263.0,121263.0,121263.0,119827.0,119827.0,119827.0,119827.0,121148.0,121148.0
OTHER ADDITIONAL INFORMATION,,,,,,,,,,,,,,,,,,,,,,,,,,,,,,,,,,,,,,,,,,,,,,,,,,,,,,,,,,,,,,,,,,,,,,,,,,,,,,,,,,
"CONTINGENT LIABILITIES, COMMITMENTS",,,,,,,,,,,,,,,,,,,,,,,,,,,,,,,,,,,,,,,,,,,,,,,,,,,,,,,,,,,,,,,,,,,,,,,,,,,,,,,,,,
Contingent Liabilities,0.33,0.33,0.33,0.33,407.76,407.76,407.76,407.76,851.64,851.64,851.64,851.64,3003.25,3003.25,3003.25,3003.25,2726.11,2726.11,2726.11,2726.11,2924.33,2924.33,2924.33,2924.33,3292.5,3292.5,3292.5,3292.5,3948.89,3948.89,3948.89,3948.89,6545.88,6545.88,6545.88,6545.88,10984.51,10984.51,10984.51,10984.51,10880.43,10880.43,10880.43,10880.43,9161.54,9161.54,9161.54,9161.54,19695.42,19695.42,19695.42,19695.42,10149.0,10149.0,10149.0,10149.0,8355.0,8355.0,8355.0,8355.0,4721.0,4721.0,4721.0,4721.0,1869.0,1869.0,1869.0,1869.0,1609.0,1609.0,1609.0,1609.0,2050.0,2050.0,2050.0,2050.0,2170.0,2170.0,2170.0,2170.0,2581.0,2581.0
CIF VALUE OF IMPORTS,,,,,,,,,,,,,,,,,,,,,,,,,,,,,,,,,,,,,,,,,,,,,,,,,,,,,,,,,,,,,,,,,,,,,,,,,,,,,,,,,,
Raw Materials,0.0,0.0,0.0,0.0,0.0,0.0,0.0,0.0,96.28,96.28,96.28,96.28,14.96,14.96,14.96,14.96,41.26,41.26,41.26,41.26,42.35,42.35,42.35,42.35,11.13,11.13,11.13,11.13,14.04,14.04,14.04,14.04,8.19,8.19,8.19,8.19,20.35,20.35,20.35,20.35,32.96,32.96,32.96,32.96,47.37,47.37,47.37,47.37,27.66,27.66,27.66,27.66,0.0,0.0,0.0,0.0,0.0,0.0,0.0,0.0,447.0,447.0,447.0,447.0,0.0,0.0,0.0,0.0,0.0,0.0,0.0,0.0,0.0,0.0,0.0,0.0,0.0,0.0,0.0,0.0,0.0,0.0
"Stores, Spares And Loose Tools",0.0,0.0,0.0,0.0,0.0,0.0,0.0,0.0,0.0,0.0,0.0,0.0,0.0,0.0,0.0,0.0,0.0,0.0,0.0,0.0,0.0,0.0,0.0,0.0,0.0,0.0,0.0,0.0,0.0,0.0,0.0,0.0,0.0,0.0,0.0,0.0,0.0,0.0,0.0,0.0,0.0,0.0,0.0,0.0,0.0,0.0,0.0,0.0,0.0,0.0,0.0,0.0,561.0,561.0,561.0,561.0,768.0,768.0,768.0,768.0,0.0,0.0,0.0,0.0,569.0,569.0,569.0,569.0,241.0,241.0,241.0,241.0,216.0,216.0,216.0,216.0,144.0,144.0,144.0,144.0,174.0,174.0
Trade/Other Goods,0.0,0.0,0.0,0.0,0.0,0.0,0.0,0.0,0.0,0.0,0.0,0.0,0.0,0.0,0.0,0.0,0.0,0.0,0.0,0.0,0.0,0.0,0.0,0.0,0.0,0.0,0.0,0.0,0.0,0.0,0.0,0.0,0.0,0.0,0.0,0.0,0.0,0.0,0.0,0.0,0.0,0.0,0.0,0.0,0.0,0.0,0.0,0.0,0.0,0.0,0.0,0.0,561.0,561.0,561.0,561.0,768.0,768.0,768.0,768.0,0.0,0.0,0.0,0.0,569.0,569.0,569.0,569.0,241.0,241.0,241.0,241.0,216.0,216.0,216.0,216.0,144.0,144.0,144.0,144.0,174.0,174.0
Capital Goods,0.0,0.0,0.0,0.0,50.28,50.28,50.28,50.28,122.02,122.02,122.02,122.02,352.99,352.99,352.99,352.99,231.55,231.55,231.55,231.55,260.52,260.52,260.52,260.52,101.84,101.84,101.84,101.84,361.82,361.82,361.82,361.82,227.49,227.49,227.49,227.49,352.42,352.42,352.42,352.42,589.6,589.6,589.6,589.6,523.21,523.21,523.21,523.21,474.13,474.13,474.13,474.13,0.0,0.0,0.0,0.0,0.0,0.0,0.0,0.0,0.0,0.0,0.0,0.0,0.0,0.0,0.0,0.0,0.0,0.0,0.0,0.0,0.0,0.0,0.0,0.0,0.0,0.0,0.0,0.0,0.0,0.0
EXPENDITURE IN FOREIGN EXCHANGE,,,,,,,,,,,,,,,,,,,,,,,,,,,,,,,,,,,,,,,,,,,,,,,,,,,,,,,,,,,,,,,,,,,,,,,,,,,,,,,,,,
Expenditure In Foreign Currency,0.0,0.0,0.0,0.0,3079.08,3079.08,3079.08,3079.08,4427.57,4427.57,4427.57,4427.57,6162.95,6162.95,6162.95,6162.95,6421.96,6421.96,6421.96,6421.96,7867.52,7867.52,7867.52,7867.52,7339.16,7339.16,7339.16,7339.16,8890.64,8890.64,8890.64,8890.64,12263.02,12263.02,12263.02,12263.02,15602.18,15602.18,15602.18,15602.18,20275.4,20275.4,20275.4,20275.4,24745.56,24745.56,24745.56,24745.56,29554.53,29554.53,29554.53,29554.53,31553.0,31553.0,31553.0,31553.0,33014.0,33014.0,33014.0,33014.0,49336.0,49336.0,49336.0,49336.0,51748.0,51748.0,51748.0,51748.0,54800.0,54800.0,54800.0,54800.0,63689.0,63689.0,63689.0,63689.0,75786.0,75786.0,75786.0,75786.0,81726.0,81726.0
REMITTANCES IN FOREIGN CURRENCIES FOR DIVIDENDS,,,,,,,,,,,,,,,,,,,,,,,,,,,,,,,,,,,,,,,,,,,,,,,,,,,,,,,,,,,,,,,,,,,,,,,,,,,,,,,,,,
Dividend Remittance In Foreign Currency,--,--,--,--,17.00,17.00,17.00,17.00,46.69,46.69,46.69,46.69,61.57,61.57,61.57,61.57,114.19,114.19,114.19,114.19,156.65,156.65,156.65,156.65,195.47,195.47,195.47,195.47,483.69,483.69,483.69,483.69,434.63,434.63,434.63,434.63,724.91,724.91,724.91,724.91,786.40,786.40,786.40,786.40,2456.13,2456.13,2456.13,2456.13,1366.16,1366.16,1366.16,1366.16,--,--,--,--,--,--,--,--,--,--,--,--,--,--,--,--,--,--,--,--,--,--,--,--,--,--,--,--,--,--
EARNINGS IN FOREIGN EXCHANGE,,,,,,,,,,,,,,,,,,,,,,,,,,,,,,,,,,,,,,,,,,,,,,,,,,,,,,,,,,,,,,,,,,,,,,,,,,,,,,,,,,
FOB Value Of Goods,--,--,--,--,7471.88,7471.88,7471.88,7471.88,10101.05,10101.05,10101.05,10101.05,13702.63,13702.63,13702.63,13702.63,16645.63,16645.63,16645.63,16645.63,20600.26,20600.26,20600.26,20600.26,21244.20,21244.20,21244.20,21244.20,26649.26,26649.26,26649.26,26649.26,34936.48,34936.48,34936.48,34936.48,44851.24,44851.24,44851.24,44851.24,60634.96,60634.96,60634.96,60634.96,70680.70,70680.70,70680.70,70680.70,81193.85,81193.85,81193.85,81193.85,--,--,--,--,--,--,--,--,--,--,--,--,--,--,--,--,--,--,--,--,--,--,--,--,--,--,--,--,--,--
Other Earnings,--,--,--,--,13.37,13.37,13.37,13.37,26.03,26.03,26.03,26.03,99.84,99.84,99.84,99.84,130.85,130.85,130.85,130.85,236.39,236.39,236.39,236.39,45.37,45.37,45.37,45.37,16.57,16.57,16.57,16.57,3162.38,3162.38,3162.38,3162.38,1091.32,1091.32,1091.32,1091.32,1625.88,1625.88,1625.88,1625.88,1137.62,1137.62,1137.62,1137.62,690.88,690.88,690.88,690.88,86370.00,86370.00,86370.00,86370.00,92258.00,92258.00,92258.00,92258.00,119499.00,119499.00,119499.00,119499.00,128501.00,128501.00,128501.00,128501.00,130720.00,130720.00,130720.00,130720.00,155240.00,155240.00,155240.00,155240.00,183412.00,183412.00,183412.00,183412.00,193252.00,193252.00
BONUS DETAILS,,,,,,,,,,,,,,,,,,,,,,,,,,,,,,,,,,,,,,,,,,,,,,,,,,,,,,,,,,,,,,,,,,,,,,,,,,,,,,,,,,
Bonus Equity Share Capital,--,--,--,--,9.11,9.11,9.11,9.11,9.11,9.11,9.11,9.11,58.04,58.04,58.04,58.04,58.04,58.04,58.04,58.04,58.04,58.04,58.04,58.04,155.90,155.90,155.90,155.90,155.90,155.90,155.90,155.90,155.90,155.90,155.90,155.90,155.90,155.90,155.90,155.90,155.90,155.90,155.90,155.90,155.90,155.90,155.90,155.90,155.90,155.90,155.90,155.90,155.90,155.90,155.90,155.90,151.15,151.15,151.15,151.15,342.58,342.58,342.58,342.58,342.58,342.58,342.58,342.58,338.01,338.01,338.01,338.01,334.35,334.35,334.35,334.35,334.35,334.35,334.35,334.35,330.69,330.69
NON-CURRENT INVESTMENTS,,,,,,,,,,,,,,,,,,,,,,,,,,,,,,,,,,,,,,,,,,,,,,,,,,,,,,,,,,,,,,,,,,,,,,,,,,,,,,,,,,
Non-Current Investments Quoted Market Value,378.98,378.98,378.98,378.98,481.54,481.54,481.54,481.54,416.10,416.10,416.10,416.10,957.53,957.53,957.53,957.53,661.29,661.29,661.29,661.29,251.41,251.41,251.41,251.41,1041.76,1041.76,1041.76,1041.76,1612.11,1612.11,1612.11,1612.11,1540.94,1540.94,1540.94,1540.94,2093.70,2093.70,2093.70,2093.70,2151.32,2151.32,2151.32,2151.32,2974.41,2974.41,2974.41,2974.41,--,--,--,--,--,--,--,--,--,--,--,--,--,--,--,--,--,--,--,--,--,--,--,--,--,--,--,--,--,--,--,--,--,--
Non-Current Investments Unquoted Book Value,37.5,37.5,37.5,37.5,1024.53,1024.53,1024.53,1024.53,1583.63,1583.63,1583.63,1583.63,2852.58,2852.58,2852.58,2852.58,4095.69,4095.69,4095.69,4095.69,5992.44,5992.44,5992.44,5992.44,7509.85,7509.85,7509.85,7509.85,5078.02,5078.02,5078.02,5078.02,4770.26,4770.26,4770.26,4770.26,5595.84,5595.84,5595.84,5595.84,4718.66,4718.66,4718.66,4718.66,2271.34,2271.34,2271.34,2271.34,2228.28,2228.28,2228.28,2228.28,2201.0,2201.0,2201.0,2201.0,2186.0,2186.0,2186.0,2186.0,2189.0,2189.0,2189.0,2189.0,2189.0,2189.0,2189.0,2189.0,2405.0,2405.0,2405.0,2405.0,2405.0,2405.0,2405.0,2405.0,2405.0,2405.0,2405.0,2405.0,2405.0,2405.0
CURRENT INVESTMENTS,,,,,,,,,,,,,,,,,,,,,,,,,,,,,,,,,,,,,,,,,,,,,,,,,,,,,,,,,,,,,,,,,,,,,,,,,,,,,,,,,,
Current Investments Quoted Market Value,--,--,--,--,--,--,--,--,--,--,--,--,--,--,--,--,--,--,--,--,--,--,--,--,--,--,--,--,--,--,--,--,--,--,--,--,--,--,--,--,--,--,--,--,--,--,--,--,20253.65,20253.65,20253.65,20253.65,21999.00,21999.00,21999.00,21999.00,25972.00,25972.00,25972.00,25972.00,28218.00,28218.00,28218.00,28218.00,25686.00,25686.00,25686.00,25686.00,28324.00,28324.00,28324.00,28324.00,29263.00,29263.00,29263.00,29263.00,35736.00,35736.00,35736.00,35736.00,29841.00,29841.00
Current Investments Unquoted Book Value,--,--,--,--,--,--,--,--,--,--,--,--,--,--,--,--,--,--,--,--,--,--,--,--,--,--,--,--,337.58,337.58,337.58,337.58,538.24,538.24,538.24,538.24,348.65,348.65,348.65,348.65,733.87,733.87,733.87,733.87,747.47,747.47,747.47,747.47,1675.44,1675.44,1675.44,1675.44,18730.00,18730.00,18730.00,18730.00,9101.00,9101.00,9101.00,9101.00,2252.00,2252.00,2252.00,2252.00,--,--,--,--,--,--,--,--,--,--,--,--,--,--,--,--,--,--
Net Profit/Loss Before Extraordinary Items And Tax,3.22,3.22,3.22,3.22,2308.65,2308.65,2308.65,2308.65,3074.35,3074.35,3074.35,3074.35,4170.68,4170.68,4170.68,4170.68,5003.86,5003.86,5003.86,5003.86,5139.68,5139.68,5139.68,5139.68,6370.38,6370.38,6370.38,6370.38,8700.43,8700.43,8700.43,8700.43,13366.33,13366.33,13366.33,13366.33,15703.18,15703.18,15703.18,15703.18,23544.47,23544.47,23544.47,23544.47,24549.97,24549.97,24549.97,24549.97,29339.0,29339.0,29339.0,29339.0,23653.0,23653.0,23653.0,23653.0,25241.0,25241.0,25241.0,25241.0,30065.0,30065.0,30065.0,30065.0,33260.0,33260.0,33260.0,33260.0,30960.0,30960.0,30960.0,30960.0,38187.0,38187.0,38187.0,38187.0,39106.0,39106.0,39106.0,39106.0,43559.0,43559.0
Net CashFlow From Operating Activities,0.64,0.64,0.64,0.64,1978.99,1978.99,1978.99,1978.99,2344.42,2344.42,2344.42,2344.42,3551.26,3551.26,3551.26,3551.26,3827.91,3827.91,3827.91,3827.91,4874.12,4874.12,4874.12,4874.12,6264.74,6264.74,6264.74,6264.74,5719.88,5719.88,5719.88,5719.88,3174.63,3174.63,3174.63,3174.63,9156.95,9156.95,9156.95,9156.95,12941.93,12941.93,12941.93,12941.93,16319.89,16319.89,16319.89,16319.89,17986.0,17986.0,17986.0,17986.0,23132.0,23132.0,23132.0,23132.0,21587.0,21587.0,21587.0,21587.0,23998.0,23998.0,23998.0,23998.0,26603.0,26603.0,26603.0,26603.0,33822.0,33822.0,33822.0,33822.0,36127.0,36127.0,36127.0,36127.0,37029.0,37029.0,37029.0,37029.0,39142.0,39142.0
Net Cash Used In Investing Activities,-374.5,-374.5,-374.5,-374.5,-2813.85,-2813.85,-2813.85,-2813.85,-1464.97,-1464.97,-1464.97,-1464.97,-2076.42,-2076.42,-2076.42,-2076.42,-2404.9,-2404.9,-2404.9,-2404.9,-3162.22,-3162.22,-3162.22,-3162.22,-4556.64,-4556.64,-4556.64,-4556.64,-841.76,-841.76,-841.76,-841.76,433.36,433.36,433.36,433.36,-3482.98,-3482.98,-3482.98,-3482.98,-7189.32,-7189.32,-7189.32,-7189.32,611.01,611.01,611.01,611.01,-4518.0,-4518.0,-4518.0,-4518.0,-15782.0,-15782.0,-15782.0,-15782.0,5634.0,5634.0,5634.0,5634.0,5883.0,5883.0,5883.0,5883.0,12829.0,12829.0,12829.0,12829.0,-4576.0,-4576.0,-4576.0,-4576.0,3642.0,3642.0,3642.0,3642.0,3250.0,3250.0,3250.0,3250.0,10807.0,10807.0
Net Cash Used From Financing Activities,374.98,374.98,374.98,374.98,953.35,953.35,953.35,953.35,-882.3,-882.3,-882.3,-882.3,-1075.35,-1075.35,-1075.35,-1075.35,-1424.77,-1424.77,-1424.77,-1424.77,-1588.25,-1588.25,-1588.25,-1588.25,-1969.65,-1969.65,-1969.65,-1969.65,-4605.61,-4605.61,-4605.61,-4605.61,-3897.22,-3897.22,-3897.22,-3897.22,-5655.8,-5655.8,-5655.8,-5655.8,-5684.32,-5684.32,-5684.32,-5684.32,-16914.2,-16914.2,-16914.2,-16914.2,-9586.0,-9586.0,-9586.0,-9586.0,-10891.0,-10891.0,-10891.0,-10891.0,-26827.0,-26827.0,-26827.0,-26827.0,-27825.0,-27825.0,-27825.0,-27825.0,-39045.0,-39045.0,-39045.0,-39045.0,-32023.0,-32023.0,-32023.0,-32023.0,-32797.0,-32797.0,-32797.0,-32797.0,-47224.0,-47224.0,-47224.0,-47224.0,-47793.0,-47793.0
Foreign Exchange Gains / Losses,0.0,0.0,0.0,0.0,0.0,0.0,0.0,0.0,2.25,2.25,2.25,2.25,13.52,13.52,13.52,13.52,27.86,27.86,27.86,27.86,0.0,0.0,0.0,0.0,0.0,0.0,0.0,0.0,11.39,11.39,11.39,11.39,31.02,31.02,31.02,31.02,-16.68,-16.68,-16.68,-16.68,43.66,43.66,43.66,43.66,-27.26,-27.26,-27.26,-27.26,40.0,40.0,40.0,40.0,-52.0,-52.0,-52.0,-52.0,94.0,94.0,94.0,94.0,-7.0,-7.0,-7.0,-7.0,138.0,138.0,138.0,138.0,37.0,37.0,37.0,37.0,113.0,113.0,113.0,113.0,210.0,210.0,210.0,210.0,26.0,26.0
Adjustments On Amalgamation Merger Demerger Others,0.0,0.0,0.0,0.0,0.0,0.0,0.0,0.0,0.0,0.0,0.0,0.0,0.0,0.0,0.0,0.0,0.0,0.0,0.0,0.0,0.0,0.0,0.0,0.0,0.0,0.0,0.0,0.0,0.0,0.0,0.0,0.0,0.0,0.0,0.0,0.0,3.39,3.39,3.39,3.39,2.57,2.57,2.57,2.57,1.97,1.97,1.97,1.97,0.0,0.0,0.0,0.0,0.0,0.0,0.0,0.0,0.0,0.0,0.0,0.0,0.0,0.0,0.0,0.0,0.0,0.0,0.0,0.0,0.0,0.0,0.0,0.0,0.0,0.0,0.0,0.0,0.0,0.0,0.0,0.0,0.0,0.0
Net Inc/Dec In Cash And Cash Equivalents,1.12,1.12,1.12,1.12,118.49,118.49,118.49,118.49,-5.1,-5.1,-5.1,-5.1,385.97,385.97,385.97,385.97,-29.62,-29.62,-29.62,-29.62,123.65,123.65,123.65,123.65,-261.55,-261.55,-261.55,-261.55,283.9,283.9,283.9,283.9,-258.21,-258.21,-258.21,-258.21,4.88,4.88,4.88,4.88,114.52,114.52,114.52,114.52,-8.59,-8.59,-8.59,-8.59,3922.0,3922.0,3922.0,3922.0,-3593.0,-3593.0,-3593.0,-3593.0,488.0,488.0,488.0,488.0,2049.0,2049.0,2049.0,2049.0,525.0,525.0,525.0,525.0,-2740.0,-2740.0,-2740.0,-2740.0,7085.0,7085.0,7085.0,7085.0,-6735.0,-6735.0,-6735.0,-6735.0,2182.0,2182.0
Cash And Cash Equivalents Begin of Year,1.13,1.13,1.13,1.13,2.25,2.25,2.25,2.25,176.27,176.27,176.27,176.27,171.17,171.17,171.17,171.17,557.14,557.14,557.14,557.14,417.0,417.0,417.0,417.0,554.83,554.83,554.83,554.83,293.28,293.28,293.28,293.28,577.18,577.18,577.18,577.18,318.97,318.97,318.97,318.97,323.85,323.85,323.85,323.85,438.37,438.37,438.37,438.37,461.0,461.0,461.0,461.0,4383.0,4383.0,4383.0,4383.0,790.0,790.0,790.0,790.0,1278.0,1278.0,1278.0,1278.0,3327.0,3327.0,3327.0,3327.0,3852.0,3852.0,3852.0,3852.0,1112.0,1112.0,1112.0,1112.0,8197.0,8197.0,8197.0,8197.0,1462.0,1462.0
Cash And Cash Equivalents End Of Year,2.25,2.25,2.25,2.25,120.74,120.74,120.74,120.74,171.17,171.17,171.17,171.17,557.14,557.14,557.14,557.14,527.52,527.52,527.52,527.52,540.65,540.65,540.65,540.65,293.28,293.28,293.28,293.28,577.18,577.18,577.18,577.18,318.97,318.97,318.97,318.97,323.85,323.85,323.85,323.85,438.37,438.37,438.37,438.37,429.78,429.78,429.78,429.78,4383.0,4383.0,4383.0,4383.0,790.0,790.0,790.0,790.0,1278.0,1278.0,1278.0,1278.0,3327.0,3327.0,3327.0,3327.0,3852.0,3852.0,3852.0,3852.0,1112.0,1112.0,1112.0,1112.0,8197.0,8197.0,8197.0,8197.0,1462.0,1462.0,1462.0,1462.0,3644.0,3644.0
Key Financial Ratios of Tata Consultancy Services (in Rs. Cr.),Mar 04,Mar 04,Mar 04,Mar 04,Mar 05,Mar 05,Mar 05,Mar 05,Mar 06,Mar 06,Mar 06,Mar 06,Mar 07,Mar 07,Mar 07,Mar 07,Mar 08,Mar 08,Mar 08,Mar 08,Mar 09,Mar 09,Mar 09,Mar 09,Mar 10,Mar 10,Mar 10,Mar 10,Mar 11,Mar 11,Mar 11,Mar 11,Mar 12,Mar 12,Mar 12,Mar 12,Mar 13,Mar 13,Mar 13,Mar 13,Mar 14,Mar 14,Mar 14,Mar 14,Mar 15,Mar 15,Mar 15,Mar 15,Mar 16,Mar 16,Mar 16,Mar 16,Mar 17,Mar 17,Mar 17,Mar 17,Mar 18,Mar 18,Mar 18,Mar 18,Mar 19,Mar 19,Mar 19,Mar 19,Mar 20,Mar 20,Mar 20,Mar 20,Mar 21,Mar 21,Mar 21,Mar 21,Mar 22,Mar 22,Mar 22,Mar 22,Mar 23,Mar 23,Mar 23,Mar 23,Mar 24,Mar 24
Per Share Ratios,,,,,,,,,,,,,,,,,,,,,,,,,,,,,,,,,,,,,,,,,,,,,,,,,,,,,,,,,,,,,,,,,,,,,,,,,,,,,,,,,,
Basic EPS (Rs.),4.17,4.17,4.17,4.17,38.15,38.15,38.15,38.15,55.53,55.53,55.53,55.53,38.39,38.39,38.39,38.39,46.07,46.07,46.07,46.07,47.99,47.99,47.99,47.99,28.71,28.71,28.71,28.71,38.61,38.61,38.61,38.61,55.95,55.95,55.95,55.95,65.22,65.22,65.22,65.22,94.15,94.15,94.15,94.15,98.31,98.31,98.31,98.31,117.11,117.11,117.11,117.11,120.04,120.04,120.04,120.04,131.15,131.15,131.15,131.15,79.34,79.34,79.34,79.34,88.64,88.64,88.64,88.64,82.78,82.78,82.78,82.78,103.24,103.24,103.24,103.24,106.88,106.88,106.88,106.88,119.44,119.44
Diluted EPS (Rs.),4.17,4.17,4.17,4.17,38.15,38.15,38.15,38.15,55.53,55.53,55.53,55.53,38.39,38.39,38.39,38.39,46.07,46.07,46.07,46.07,47.99,47.99,47.99,47.99,28.71,28.71,28.71,28.71,38.61,38.61,38.61,38.61,55.95,55.95,55.95,55.95,65.22,65.22,65.22,65.22,94.15,94.15,94.15,94.15,98.31,98.31,98.31,98.31,117.11,117.11,117.11,117.11,120.04,120.04,120.04,120.04,131.15,131.15,131.15,131.15,79.34,79.34,79.34,79.34,88.64,88.64,88.64,88.64,82.78,82.78,82.78,82.78,103.24,103.24,103.24,103.24,106.88,106.88,106.88,106.88,119.44,119.44
Cash EPS (Rs.),4.40,4.40,4.40,4.40,40.92,40.92,40.92,40.92,60.79,60.79,60.79,60.79,41.90,41.90,41.90,41.90,50.76,50.76,50.76,50.76,52.25,52.25,52.25,52.25,31.10,31.10,31.10,31.10,41.43,41.43,41.43,41.43,59.60,59.60,59.60,59.60,69.43,69.43,69.43,69.43,99.84,99.84,99.84,99.84,105.43,105.43,105.43,105.43,124.54,124.54,124.54,124.54,128.06,128.06,128.06,128.06,140.77,140.77,140.77,140.77,84.75,84.75,84.75,84.75,95.90,95.90,95.90,95.90,91.93,91.93,91.93,91.93,113.96,113.96,113.96,113.96,117.61,117.61,117.61,117.61,131.07,131.07
Book Value [ExclRevalReserve]/Share (Rs.),12.92,12.92,12.92,12.92,69.17,69.17,69.17,69.17,114.64,114.64,114.64,114.64,82.35,82.35,82.35,82.35,111.43,111.43,111.43,111.43,136.38,136.38,136.38,136.38,76.73,76.73,76.73,76.73,99.53,99.53,99.53,99.53,126.49,126.49,126.49,126.49,165.86,165.86,165.86,165.86,224.90,224.90,224.90,224.90,231.87,231.87,231.87,231.87,330.02,330.02,330.02,330.02,396.05,396.05,396.05,396.05,397.20,397.20,397.20,397.20,210.39,210.39,210.39,210.39,198.31,198.31,198.31,198.31,202.15,202.15,202.15,202.15,210.86,210.86,210.86,210.86,203.66,203.66,203.66,203.66,199.23,199.23
Book Value [InclRevalReserve]/Share (Rs.),12.92,12.92,12.92,12.92,69.17,69.17,69.17,69.17,114.64,114.64,114.64,114.64,82.35,82.35,82.35,82.35,111.43,111.43,111.43,111.43,136.38,136.38,136.38,136.38,76.73,76.73,76.73,76.73,99.53,99.53,99.53,99.53,126.49,126.49,126.49,126.49,165.86,165.86,165.86,165.86,224.90,224.90,224.90,224.90,231.87,231.87,231.87,231.87,330.02,330.02,330.02,330.02,396.05,396.05,396.05,396.05,397.20,397.20,397.20,397.20,210.39,210.39,210.39,210.39,198.31,198.31,198.31,198.31,202.15,202.15,202.15,202.15,210.86,210.86,210.86,210.86,203.66,203.66,203.66,203.66,199.23,199.23
Dividend / Share(Rs.),1.20,1.20,1.20,1.20,11.50,11.50,11.50,11.50,13.50,13.50,13.50,13.50,11.50,11.50,11.50,11.50,14.00,14.00,14.00,14.00,14.00,14.00,14.00,14.00,20.00,20.00,20.00,20.00,14.00,14.00,14.00,14.00,25.00,25.00,25.00,25.00,22.00,22.00,22.00,22.00,32.00,32.00,32.00,32.00,79.00,79.00,79.00,79.00,43.50,43.50,43.50,43.50,47.00,47.00,47.00,47.00,50.00,50.00,50.00,50.00,30.00,30.00,30.00,30.00,73.00,73.00,73.00,73.00,38.00,38.00,38.00,38.00,43.00,43.00,43.00,43.00,115.00,115.00,115.00,115.00,73.00,73.00
Revenue from Operations/Share (Rs.),0.00,0.00,0.00,0.00,167.70,167.70,167.70,167.70,229.52,229.52,229.52,229.52,152.67,152.67,152.67,152.67,189.39,189.39,189.39,189.39,228.92,228.92,228.92,228.92,117.74,117.74,117.74,117.74,149.58,149.58,149.58,149.58,198.54,198.54,198.54,198.54,247.43,247.43,247.43,247.43,330.18,330.18,330.18,330.18,375.65,375.65,375.65,375.65,435.86,435.86,435.86,435.86,470.52,470.52,470.52,470.52,509.72,509.72,509.72,509.72,328.45,328.45,328.45,328.45,350.15,350.15,350.15,350.15,367.47,367.47,367.47,367.47,438.09,438.09,438.09,438.09,520.09,520.09,520.09,520.09,559.00,559.00
PBDIT/Share (Rs.),4.86,4.86,4.86,4.86,51.08,51.08,51.08,51.08,68.18,68.18,68.18,68.18,46.16,46.16,46.16,46.16,55.86,55.86,55.86,55.86,56.86,56.86,56.86,56.86,35.00,35.00,35.00,35.00,47.30,47.30,47.30,47.30,71.89,71.89,71.89,71.89,84.49,84.49,84.49,84.49,125.84,125.84,125.84,125.84,130.16,130.16,130.16,130.16,156.40,156.40,156.40,156.40,160.70,160.70,160.70,160.70,175.96,175.96,175.96,175.96,113.58,113.58,113.58,113.58,121.16,121.16,121.16,121.16,123.54,123.54,123.54,123.54,146.81,146.81,146.81,146.81,153.89,153.89,153.89,153.89,174.36,174.36
PBIT/Share (Rs.),4.63,4.63,4.63,4.63,48.30,48.30,48.30,48.30,62.92,62.92,62.92,62.92,42.65,42.65,42.65,42.65,51.17,51.17,51.17,51.17,52.60,52.60,52.60,52.60,32.60,32.60,32.60,32.60,44.56,44.56,44.56,44.56,68.38,68.38,68.38,68.38,80.39,80.39,80.39,80.39,120.32,120.32,120.32,120.32,123.05,123.05,123.05,123.05,148.99,148.99,148.99,148.99,152.70,152.70,152.70,152.70,167.34,167.34,167.34,167.34,109.00,109.00,109.00,109.00,113.96,113.96,113.96,113.96,115.29,115.29,115.29,115.29,137.18,137.18,137.18,137.18,143.13,143.13,143.13,143.13,163.63,163.63
PBT/Share (Rs.),4.57,4.57,4.57,4.57,48.09,48.09,48.09,48.09,62.83,62.83,62.83,62.83,42.62,42.62,42.62,42.62,51.13,51.13,51.13,51.13,52.52,52.52,52.52,52.52,32.55,32.55,32.55,32.55,44.45,44.45,44.45,44.45,68.29,68.29,68.29,68.29,80.23,80.23,80.23,80.23,120.20,120.20,120.20,120.20,125.34,125.34,125.34,125.34,148.93,148.93,148.93,148.93,152.62,152.62,152.62,152.62,167.18,167.18,167.18,167.18,108.55,108.55,108.55,108.55,111.98,111.98,111.98,111.98,110.55,110.55,110.55,110.55,135.86,135.86,135.86,135.86,141.23,141.23,141.23,141.23,159.12,159.12
Net Profit/Share (Rs.),4.17,4.17,4.17,4.17,38.15,38.15,38.15,38.15,55.53,55.53,55.53,55.53,38.39,38.39,38.39,38.39,46.07,46.07,46.07,46.07,47.99,47.99,47.99,47.99,28.71,28.71,28.71,28.71,38.68,38.68,38.68,38.68,56.08,56.08,56.08,56.08,65.33,65.33,65.33,65.33,94.32,94.32,94.32,94.32,98.32,98.32,98.32,98.32,117.13,117.13,117.13,117.13,120.07,120.07,120.07,120.07,132.15,132.15,132.15,132.15,80.17,80.17,80.17,80.17,88.69,88.69,88.69,88.69,83.68,83.68,83.68,83.68,104.34,104.34,104.34,104.34,106.85,106.85,106.85,106.85,120.33,120.33
Profitability Ratios,,,,,,,,,,,,,,,,,,,,,,,,,,,,,,,,,,,,,,,,,,,,,,,,,,,,,,,,,,,,,,,,,,,,,,,,,,,,,,,,,,
PBDIT Margin (%),0.00,0.00,0.00,0.00,30.45,30.45,30.45,30.45,29.70,29.70,29.70,29.70,30.23,30.23,30.23,30.23,29.49,29.49,29.49,29.49,24.83,24.83,24.83,24.83,29.72,29.72,29.72,29.72,31.62,31.62,31.62,31.62,36.21,36.21,36.21,36.21,34.14,34.14,34.14,34.14,38.11,38.11,38.11,38.11,34.65,34.65,34.65,34.65,35.88,35.88,35.88,35.88,34.15,34.15,34.15,34.15,34.52,34.52,34.52,34.52,34.57,34.57,34.57,34.57,34.60,34.60,34.60,34.60,33.61,33.61,33.61,33.61,33.51,33.51,33.51,33.51,29.58,29.58,29.58,29.58,31.19,31.19
PBIT Margin (%),0.00,0.00,0.00,0.00,28.80,28.80,28.80,28.80,27.41,27.41,27.41,27.41,27.93,27.93,27.93,27.93,27.01,27.01,27.01,27.01,22.97,22.97,22.97,22.97,27.68,27.68,27.68,27.68,29.78,29.78,29.78,29.78,34.43,34.43,34.43,34.43,32.49,32.49,32.49,32.49,36.44,36.44,36.44,36.44,32.75,32.75,32.75,32.75,34.18,34.18,34.18,34.18,32.45,32.45,32.45,32.45,32.82,32.82,32.82,32.82,33.18,33.18,33.18,33.18,32.54,32.54,32.54,32.54,31.37,31.37,31.37,31.37,31.31,31.31,31.31,31.31,27.51,27.51,27.51,27.51,29.27,29.27
PBT Margin (%),0.00,0.00,0.00,0.00,28.67,28.67,28.67,28.67,27.37,27.37,27.37,27.37,27.91,27.91,27.91,27.91,26.99,26.99,26.99,26.99,22.94,22.94,22.94,22.94,27.64,27.64,27.64,27.64,29.71,29.71,29.71,29.71,34.39,34.39,34.39,34.39,32.42,32.42,32.42,32.42,36.40,36.40,36.40,36.40,33.36,33.36,33.36,33.36,34.16,34.16,34.16,34.16,32.43,32.43,32.43,32.43,32.79,32.79,32.79,32.79,33.04,33.04,33.04,33.04,31.97,31.97,31.97,31.97,30.08,30.08,30.08,30.08,31.01,31.01,31.01,31.01,27.15,27.15,27.15,27.15,28.46,28.46
Net Profit Margin (%),0.00,0.00,0.00,0.00,22.74,22.74,22.74,22.74,24.19,24.19,24.19,24.19,25.14,25.14,25.14,25.14,24.32,24.32,24.32,24.32,20.96,20.96,20.96,20.96,24.38,24.38,24.38,24.38,25.85,25.85,25.85,25.85,28.24,28.24,28.24,28.24,26.40,26.40,26.40,26.40,28.56,28.56,28.56,28.56,26.17,26.17,26.17,26.17,26.87,26.87,26.87,26.87,25.51,25.51,25.51,25.51,25.92,25.92,25.92,25.92,24.40,24.40,24.40,24.40,25.33,25.33,25.33,25.33,22.77,22.77,22.77,22.77,23.81,23.81,23.81,23.81,20.54,20.54,20.54,20.54,21.52,21.52
Return on Networth / Equity (%),32.24,32.24,32.24,32.24,55.14,55.14,55.14,55.14,48.43,48.43,48.43,48.43,46.62,46.62,46.62,46.62,41.34,41.34,41.34,41.34,35.18,35.18,35.18,35.18,37.41,37.41,37.41,37.41,38.86,38.86,38.86,38.86,44.33,44.33,44.33,44.33,39.38,39.38,39.38,39.38,41.93,41.93,41.93,41.93,42.40,42.40,42.40,42.40,35.49,35.49,35.49,35.49,30.31,30.31,30.31,30.31,33.27,33.27,33.27,33.27,38.10,38.10,38.10,38.10,44.72,44.72,44.72,44.72,41.39,41.39,41.39,41.39,49.48,49.48,49.48,49.48,52.46,52.46,52.46,52.46,60.39,60.39
Return on Capital Employed (%),31.58,31.58,31.58,31.58,53.86,53.86,53.86,53.86,47.78,47.78,47.78,47.78,46.22,46.22,46.22,46.22,40.49,40.49,40.49,40.49,34.56,34.56,34.56,34.56,36.98,36.98,36.98,36.98,38.05,38.05,38.05,38.05,43.17,43.17,43.17,43.17,38.35,38.35,38.35,38.35,40.74,40.74,40.74,40.74,41.32,41.32,41.32,41.32,34.90,34.90,34.90,34.90,38.05,38.05,38.05,38.05,41.50,41.50,41.50,41.50,50.71,50.71,50.71,50.71,52.79,52.79,52.79,52.79,52.75,52.75,52.75,52.75,60.23,60.23,60.23,60.23,65.07,65.07,65.07,65.07,75.85,75.85
Return on Assets (%),2.31,2.31,2.31,2.31,38.53,38.53,38.53,38.53,36.59,36.59,36.59,36.59,34.90,34.90,34.90,34.90,30.59,30.59,30.59,30.59,25.32,25.32,25.32,25.32,25.04,25.04,25.04,25.04,29.06,29.06,29.06,29.06,32.03,32.03,32.03,32.03,29.72,29.72,29.72,29.72,32.07,32.07,32.07,32.07,30.53,30.53,30.53,30.53,29.80,29.80,29.80,29.80,26.35,26.35,26.35,26.35,27.72,27.72,27.72,27.72,30.21,30.21,30.21,30.21,31.68,31.68,31.68,31.68,28.30,28.30,28.30,28.30,31.49,31.49,31.49,31.49,32.63,32.63,32.63,32.63,35.95,35.95
Total Debt/Equity (X),7.97,7.97,7.97,7.97,0.04,0.04,0.04,0.04,0.01,0.01,0.01,0.01,0.01,0.01,0.01,0.01,0.00,0.00,0.00,0.00,0.00,0.00,0.00,0.00,0.00,0.00,0.00,0.00,0.00,0.00,0.00,0.00,0.00,0.00,0.00,0.00,0.01,0.01,0.01,0.01,0.00,0.00,0.00,0.00,0.01,0.01,0.01,0.01,0.00,0.00,0.00,0.00,0.00,0.00,0.00,0.00,0.00,0.00,0.00,0.00,0.00,0.00,0.00,0.00,0.00,0.00,0.00,0.00,0.00,0.00,0.00,0.00,0.00,0.00,0.00,0.00,0.00,0.00,0.00,0.00,0.00,0.00
Asset Turnover Ratio (%),0.00,0.00,0.00,0.00,169.39,169.39,169.39,169.39,151.26,151.26,151.26,151.26,138.77,138.77,138.77,138.77,125.77,125.77,125.77,125.77,120.82,120.82,120.82,120.82,102.73,102.73,102.73,102.73,112.41,112.41,112.41,112.41,113.42,113.42,113.42,113.42,112.58,112.58,112.58,112.58,112.27,112.27,112.27,112.27,116.66,116.66,116.66,116.66,110.91,110.91,110.91,110.91,103.26,103.26,103.26,103.26,106.91,106.91,106.91,106.91,123.78,123.78,123.78,123.78,125.08,125.08,125.08,125.08,1.27,1.27,1.27,1.27,1.39,1.39,1.39,1.39,1.58,1.58,1.58,1.58,1.68,1.68
Liquidity Ratios,,,,,,,,,,,,,,,,,,,,,,,,,,,,,,,,,,,,,,,,,,,,,,,,,,,,,,,,,,,,,,,,,,,,,,,,,,,,,,,,,,
Current Ratio (X),0.02,0.02,0.02,0.02,1.71,1.71,1.71,1.71,2.29,2.29,2.29,2.29,1.99,1.99,1.99,1.99,2.04,2.04,2.04,2.04,1.87,1.87,1.87,1.87,1.49,1.49,1.49,1.49,1.72,1.72,1.72,1.72,1.87,1.87,1.87,1.87,2.43,2.43,2.43,2.43,2.84,2.84,2.84,2.84,2.46,2.46,2.46,2.46,4.72,4.72,4.72,4.72,6.40,6.40,6.40,6.40,4.85,4.85,4.85,4.85,4.18,4.18,4.18,4.18,3.30,3.30,3.30,3.30,2.92,2.92,2.92,2.92,2.49,2.49,2.49,2.49,2.36,2.36,2.36,2.36,2.20,2.20
Quick Ratio (X),0.02,0.02,0.02,0.02,1.71,1.71,1.71,1.71,2.28,2.28,2.28,2.28,1.99,1.99,1.99,1.99,2.03,2.03,2.03,2.03,1.86,1.86,1.86,1.86,1.49,1.49,1.49,1.49,1.72,1.72,1.72,1.72,1.87,1.87,1.87,1.87,2.43,2.43,2.43,2.43,2.84,2.84,2.84,2.84,2.45,2.45,2.45,2.45,4.72,4.72,4.72,4.72,6.39,6.39,6.39,6.39,4.85,4.85,4.85,4.85,4.18,4.18,4.18,4.18,3.30,3.30,3.30,3.30,2.92,2.92,2.92,2.92,2.48,2.48,2.48,2.48,2.36,2.36,2.36,2.36,2.20,2.20
Inventory Turnover Ratio (X),0.00,0.00,0.00,0.00,0.00,0.00,0.00,0.00,489.56,489.56,489.56,489.56,1238.80,1238.80,1238.80,1238.80,1078.17,1078.17,1078.17,1078.17,1321.65,1321.65,1321.65,1321.65,3398.89,3398.89,3398.89,3398.89,5451.66,5451.66,5451.66,5451.66,9386.12,9386.12,9386.12,9386.12,7638.19,7638.19,7638.19,7638.19,7546.43,7546.43,7546.43,7546.43,5962.57,5962.57,5962.57,5962.57,9540.44,9540.44,9540.44,9540.44,4413.95,4413.95,4413.95,4413.95,3894.24,3894.24,3894.24,3894.24,12317.00,12317.00,12317.00,12317.00,26261.20,26261.20,26261.20,26261.20,0.00,0.00,0.00,0.00,0.00,0.00,0.00,0.00,0.00,0.00,0.00,0.00,0.00,0.00
Dividend Payout Ratio (NP) (%),28.85,28.85,28.85,28.85,30.14,30.14,30.14,30.14,24.31,24.31,24.31,24.31,29.95,29.95,29.95,29.95,30.38,30.38,30.38,30.38,29.17,29.17,29.17,29.17,69.67,69.67,69.67,69.67,36.19,36.19,36.19,36.19,44.57,44.57,44.57,44.57,33.67,33.67,33.67,33.67,33.92,33.92,33.92,33.92,80.35,80.35,80.35,80.35,34.63,34.63,34.63,34.63,38.73,38.73,38.73,38.73,36.78,36.78,36.78,36.78,33.54,33.54,33.54,33.54,95.89,95.89,95.89,95.89,35.04,35.04,35.04,35.04,34.87,34.87,34.87,34.87,105.73,105.73,105.73,105.73,57.70,57.70
Dividend Payout Ratio (CP) (%),27.34,27.34,27.34,27.34,28.10,28.10,28.10,28.10,22.20,22.20,22.20,22.20,27.44,27.44,27.44,27.44,27.58,27.58,27.58,27.58,26.79,26.79,26.79,26.79,64.29,64.29,64.29,64.29,33.79,33.79,33.79,33.79,41.94,41.94,41.94,41.94,31.68,31.68,31.68,31.68,32.04,32.04,32.04,32.04,74.93,74.93,74.93,74.93,32.57,32.57,32.57,32.57,36.31,36.31,36.31,36.31,34.52,34.52,34.52,34.52,31.73,31.73,31.73,31.73,88.69,88.69,88.69,88.69,31.89,31.89,31.89,31.89,31.92,31.92,31.92,31.92,96.05,96.05,96.05,96.05,52.98,52.98
Earnings Retention Ratio (%),71.15,71.15,71.15,71.15,69.86,69.86,69.86,69.86,75.69,75.69,75.69,75.69,70.05,70.05,70.05,70.05,69.62,69.62,69.62,69.62,70.83,70.83,70.83,70.83,30.33,30.33,30.33,30.33,63.81,63.81,63.81,63.81,55.43,55.43,55.43,55.43,66.33,66.33,66.33,66.33,66.08,66.08,66.08,66.08,19.65,19.65,19.65,19.65,65.37,65.37,65.37,65.37,61.27,61.27,61.27,61.27,63.22,63.22,63.22,63.22,66.46,66.46,66.46,66.46,4.11,4.11,4.11,4.11,64.96,64.96,64.96,64.96,65.13,65.13,65.13,65.13,-5.73,-5.73,-5.73,-5.73,42.30,42.30
Cash Earnings Retention Ratio (%),72.66,72.66,72.66,72.66,71.90,71.90,71.90,71.90,77.80,77.80,77.80,77.80,72.56,72.56,72.56,72.56,72.42,72.42,72.42,72.42,73.21,73.21,73.21,73.21,35.71,35.71,35.71,35.71,66.21,66.21,66.21,66.21,58.06,58.06,58.06,58.06,68.32,68.32,68.32,68.32,67.96,67.96,67.96,67.96,25.07,25.07,25.07,25.07,67.43,67.43,67.43,67.43,63.69,63.69,63.69,63.69,65.48,65.48,65.48,65.48,68.27,68.27,68.27,68.27,11.31,11.31,11.31,11.31,68.11,68.11,68.11,68.11,68.08,68.08,68.08,68.08,3.95,3.95,3.95,3.95,47.02,47.02
Valuation Ratios,,,,,,,,,,,,,,,,,,,,,,,,,,,,,,,,,,,,,,,,,,,,,,,,,,,,,,,,,,,,,,,,,,,,,,,,,,,,,,,,,,
Enterprise Value (Cr.),0.00,0.00,0.00,0.00,68786.33,68786.33,68786.33,68786.33,93523.69,93523.69,93523.69,93523.69,119978.83,119978.83,119978.83,119978.83,78945.40,78945.40,78945.40,78945.40,51379.51,51379.51,51379.51,51379.51,149557.76,149557.76,149557.76,149557.76,228454.71,228454.71,228454.71,228454.71,225487.76,225487.76,225487.76,225487.76,303841.66,303841.66,303841.66,303841.66,404383.76,404383.76,404383.76,404383.76,482638.45,482638.45,482638.45,482638.45,491018.85,491018.85,491018.85,491018.85,477854.70,477854.70,477854.70,477854.70,540949.30,540949.30,540949.30,540949.30,741250.00,741250.00,741250.00,741250.00,678819.75,678819.75,678819.75,678819.75,1172570.00,1172570.00,1172570.00,1172570.00,1354708.80,1354708.80,1354708.80,1354708.80,1168779.80,1168779.80,1168779.80,1168779.80,1399246.10,1399246.10
EV/Net Operating Revenue (X),0.00,0.00,0.00,0.00,8.54,8.54,8.54,8.54,8.33,8.33,8.33,8.33,8.03,8.03,8.03,8.03,4.26,4.26,4.26,4.26,2.29,2.29,2.29,2.29,6.49,6.49,6.49,6.49,7.80,7.80,7.80,7.80,5.80,5.80,5.80,5.80,6.27,6.27,6.27,6.27,6.25,6.25,6.25,6.25,6.56,6.56,6.56,6.56,5.72,5.72,5.72,5.72,5.16,5.16,5.16,5.16,5.56,5.56,5.56,5.56,6.02,6.02,6.02,6.02,5.17,5.17,5.17,5.17,8.62,8.62,8.62,8.62,8.45,8.45,8.45,8.45,6.14,6.14,6.14,6.14,6.91,6.91
EV/EBITDA (X),0.00,0.00,0.00,0.00,28.05,28.05,28.05,28.05,28.03,28.03,28.03,28.03,26.56,26.56,26.56,26.56,14.44,14.44,14.44,14.44,9.23,9.23,9.23,9.23,21.84,21.84,21.84,21.84,24.68,24.68,24.68,24.68,16.03,16.03,16.03,16.03,18.37,18.37,18.37,18.37,16.41,16.41,16.41,16.41,18.93,18.93,18.93,18.93,15.94,15.94,15.94,15.94,15.09,15.09,15.09,15.09,16.10,16.10,16.10,16.10,17.40,17.40,17.40,17.40,14.94,14.94,14.94,14.94,25.65,25.65,25.65,25.65,25.21,25.21,25.21,25.21,20.75,20.75,20.75,20.75,22.17,22.17
MarketCap/Net Operating Revenue (X),0.00,0.00,0.00,0.00,8.54,8.54,8.54,8.54,8.34,8.34,8.34,8.34,8.06,8.06,8.06,8.06,4.28,4.28,4.28,4.28,2.36,2.36,2.36,2.36,6.63,6.63,6.63,6.63,7.91,7.91,7.91,7.91,5.88,5.88,5.88,5.88,6.35,6.35,6.35,6.35,6.45,6.45,6.45,6.45,6.78,6.78,6.78,6.78,5.77,5.77,5.77,5.77,5.17,5.17,5.17,5.17,5.59,5.59,5.59,5.59,6.09,6.09,6.09,6.09,5.21,5.21,5.21,5.21,8.65,8.65,8.65,8.65,8.53,8.53,8.53,8.53,6.16,6.16,6.16,6.16,6.95,6.95
Retention Ratios (%),71.14,71.14,71.14,71.14,69.85,69.85,69.85,69.85,75.68,75.68,75.68,75.68,70.04,70.04,70.04,70.04,69.61,69.61,69.61,69.61,70.82,70.82,70.82,70.82,30.32,30.32,30.32,30.32,63.80,63.80,63.80,63.80,55.42,55.42,55.42,55.42,66.32,66.32,66.32,66.32,66.07,66.07,66.07,66.07,19.64,19.64,19.64,19.64,65.36,65.36,65.36,65.36,61.26,61.26,61.26,61.26,63.21,63.21,63.21,63.21,66.45,66.45,66.45,66.45,4.10,4.10,4.10,4.10,64.95,64.95,64.95,64.95,65.12,65.12,65.12,65.12,-5.73,-5.73,-5.73,-5.73,42.29,42.29
Price/BV (X),0.00,0.00,0.00,0.00,20.71,20.71,20.71,20.71,16.70,16.70,16.70,16.70,14.95,14.95,14.95,14.95,7.28,7.28,7.28,7.28,3.96,3.96,3.96,3.96,10.18,10.18,10.18,10.18,11.88,11.88,11.88,11.88,9.23,9.23,9.23,9.23,9.48,9.48,9.48,9.48,9.46,9.46,9.46,9.46,10.98,10.98,10.98,10.98,7.62,7.62,7.62,7.62,6.14,6.14,6.14,6.14,7.17,7.17,7.17,7.17,9.51,9.51,9.51,9.51,9.19,9.19,9.19,9.19,15.72,15.72,15.72,15.72,17.73,17.73,17.73,17.73,15.74,15.74,15.74,15.74,19.49,19.49
Price/Net Operating Revenue,0.00,0.00,0.00,0.00,8.54,8.54,8.54,8.54,8.34,8.34,8.34,8.34,8.06,8.06,8.06,8.06,4.28,4.28,4.28,4.28,2.36,2.36,2.36,2.36,6.63,6.63,6.63,6.63,7.91,7.91,7.91,7.91,5.88,5.88,5.88,5.88,6.35,6.35,6.35,6.35,6.45,6.45,6.45,6.45,6.78,6.78,6.78,6.78,5.77,5.77,5.77,5.77,5.17,5.17,5.17,5.17,5.59,5.59,5.59,5.59,6.09,6.09,6.09,6.09,5.21,5.21,5.21,5.21,8.65,8.65,8.65,8.65,8.53,8.53,8.53,8.53,6.16,6.16,6.16,6.16,6.95,6.95
Earnings Yield,0.00,0.00,0.00,0.00,0.03,0.03,0.03,0.03,0.03,0.03,0.03,0.03,0.03,0.03,0.03,0.03,0.06,0.06,0.06,0.06,0.09,0.09,0.09,0.09,0.04,0.04,0.04,0.04,0.03,0.03,0.03,0.03,0.05,0.05,0.05,0.05,0.04,0.04,0.04,0.04,0.04,0.04,0.04,0.04,0.04,0.04,0.04,0.04,0.05,0.05,0.05,0.05,0.05,0.05,0.05,0.05,0.05,0.05,0.05,0.05,0.04,0.04,0.04,0.04,0.05,0.05,0.05,0.05,0.03,0.03,0.03,0.03,0.03,0.03,0.03,0.03,0.03,0.03,0.03,0.03,0.03,0.03
Other Operating Income,--,--,--,--,--,--,--,--,--,--,--,--,--,--,--,--,--,--,--,--,--,--,--,--,--,--,--,--,--,--,--,--,--,--,--,--,--,--,--,--,--,--,--,--,--,--,--,--,--,--,--,--,--,--,--,--,--,--,--,--,--,--,--,--,--,--,--,--,--,--,--,--,--,--,--,--,--,--,--,--,--,--
Total Income From Operations,--,--,--,--,--,--,--,--,--,--,--,--,--,--,--,--,4942.49,5212.00,5699.96,5875.48,5616.56,5609.60,5744.40,5883.39,5807.06,6410.95,7267.45,7627.26,7969.75,8613.56,9329.24,10544.03,10371.71,11410.65,11925.56,12366.95,12649.40,13944.08,16607.72,16692.65,16893.91,17438.43,18405.05,18936.35,18798.23,20349.00,21636.00,21621.00,22258.00,23087.00,23016.00,23184.00,23406.00,23476.00,24032.00,24278.00,25570.00,29368.00,30792.00,30964.00,32046.00,32657.00,32387.00,33040.00,33222.00,31624.00,33365.00,34957.00,36017.00,37722.00,39315.00,40845.00,42459.00,44480.00,46819.00,49275.00,49780.00,49862.00,50165.00,50844.00,51488.00,52844.00
EXPENDITURE,,,,,,,,,,,,,,,,,,,,,,,,,,,,,,,,,,,,,,,,,,,,,,,,,,,,,,,,,,,,,,,,,,,,,,,,,,,,,,,,,,
Consumption of Raw Materials,--,--,--,--,--,--,--,--,--,--,--,--,--,--,--,--,--,--,--,--,--,--,--,--,--,--,--,--,--,--,--,--,--,--,--,--,--,--,--,--,--,--,--,--,--,--,--,--,--,--,--,--,--,--,--,--,--,--,--,--,--,--,--,--,--,--,--,--,--,--,--,--,--,--,--,--,--,--,--,--,--,--
Purchase of Traded Goods,--,--,--,--,--,--,--,--,--,--,--,--,--,--,--,--,--,--,--,--,--,--,--,--,--,--,--,--,--,--,--,--,--,--,--,--,--,--,--,--,--,--,--,--,--,--,--,--,--,--,--,--,--,--,--,--,--,--,--,--,--,--,--,--,--,--,--,--,--,--,--,--,--,--,--,--,--,--,--,--,--,--
Increase/Decrease in Stocks,--,--,--,--,--,--,--,--,--,--,--,--,--,--,--,--,--,--,--,--,--,--,--,--,--,--,--,--,--,--,--,--,--,--,--,--,--,--,--,--,--,--,--,--,--,--,--,--,--,--,--,--,--,--,--,--,--,--,--,--,--,--,--,--,--,--,--,--,--,--,--,--,--,--,--,--,--,--,--,--,--,--
Power & Fuel,--,--,--,--,--,--,--,--,--,--,--,--,--,--,--,--,--,--,--,--,--,--,--,--,--,--,--,--,--,--,--,--,--,--,--,--,--,--,--,--,--,--,--,--,--,--,--,--,--,--,--,--,--,--,--,--,--,--,--,--,--,--,--,--,--,--,--,--,--,--,--,--,--,--,--,--,--,--,--,--,--,--
Employees Cost,409.74,409.74,419.67,459.21,470.36,504.28,989.37,1086.86,1232.45,1429.75,1507.35,1599.59,1651.93,1513.79,1470.22,1525.35,1505.83,1747.25,1858.48,1942.92,1821.44,1958.57,1988.72,1931.78,2003.36,2259.42,2532.77,2625.5,2780.54,3205.87,3421.71,3644.81,3793.53,4032.97,4205.87,4379.89,4448.53,5007.31,5428.79,5430.93,5354.04,6024.84,6260.67,6440.38,8642.43,10104.0,10318.0,10809.0,11189.0,11891.0,11937.0,11941.0,12347.0,12740.0,12896.0,12669.0,13194.0,14126.0,14812.0,15175.0,15264.0,15723.0,16207.0,16333.0,16643.0,16637.0,17211.0,17779.0,17419.0,19212.0,20007.0,20535.0,21343.0,22971.0,23511.0,24478.0,25258.0,25979.0,26018.0,25511.0,25631.0,26657.0
depreciat,29.6,29.6,30.73,29.63,42.64,46.61,56.33,63.25,75.41,68.7,76.92,87.19,110.6,100.79,107.81,117.98,132.2,81.86,102.86,114.52,118.22,113.2,118.97,118.41,118.77,114.6,126.17,139.23,157.82,157.26,173.87,172.82,184.22,181.79,196.93,202.02,214.63,226.43,261.74,280.36,297.21,335.26,340.71,350.51,367.29,348.0,362.0,365.0,384.0,386.0,396.0,394.0,399.0,396.0,412.0,419.0,420.0,415.0,424.0,430.0,447.0,636.0,664.0,677.0,724.0,739.0,755.0,771.0,788.0,809.0,844.0,925.0,944.0,960.0,976.0,996.0,1008.0,969.0,979.0,964.0,975.0,969.0
Excise Duty,--,--,--,--,--,--,--,--,--,--,--,--,--,--,--,--,--,--,--,--,--,--,--,--,--,--,--,--,--,--,--,--,--,--,--,--,--,--,--,--,--,--,--,--,--,--,--,--,--,--,--,--,--,--,--,--,--,--,--,--,--,--,--,--,--,--,--,--,--,--,--,--,--,--,--,--,--,--,--,--,--,--
Admin. And Selling Expenses,--,--,--,--,--,--,--,--,--,--,--,--,--,--,--,--,--,--,--,--,--,--,--,--,--,--,--,--,--,--,--,--,--,--,--,--,--,--,--,--,--,--,--,--,--,--,--,--,--,--,--,--,--,--,--,--,--,--,--,--,--,--,--,--,--,--,--,--,--,--,--,--,--,--,--,--,--,--,--,--,--,--
R & D Expenses,--,--,--,--,--,--,--,--,--,--,--,--,--,--,--,--,--,--,--,--,--,--,--,--,--,--,--,--,--,--,--,--,--,--,--,--,--,--,--,--,--,--,--,--,--,--,--,--,--,--,--,--,--,--,--,--,--,--,--,--,--,--,--,--,--,--,--,--,--,--,--,--,--,--,--,--,--,--,--,--,--,--
Provisions And Contingencies,--,--,--,--,--,--,--,--,--,--,--,--,--,--,--,--,--,--,--,--,--,--,--,--,--,--,--,--,--,--,--,--,--,--,--,--,--,--,--,--,--,--,--,--,--,--,--,--,--,--,--,--,--,--,--,--,--,--,--,--,--,--,--,--,--,--,--,--,--,--,--,--,--,--,--,--,--,--,--,--,--,--
Exp. Capitalised,--,--,--,--,--,--,--,--,--,--,--,--,--,--,--,--,--,--,--,--,--,--,--,--,--,--,--,--,--,--,--,--,--,--,--,--,--,--,--,--,--,--,--,--,--,--,--,--,--,--,--,--,--,--,--,--,--,--,--,--,--,--,--,--,--,--,--,--,--,--,--,--,--,--,--,--,--,--,--,--,--,--
Other Expenses,850.43,850.43,987.94,1001.35,1122.13,1052.55,759.09,808.59,982.97,1091.26,1087.91,1103.53,1204.26,1560.29,1807.37,1998.72,2132.04,2182.3,2240.24,2318.36,2272.18,2096.8,2083.3,2103.24,2207.01,2290.18,2576.07,2656.69,2790.71,2973.63,3247.14,3648.17,3537.96,3925.83,4144.48,4315.69,4635.84,4766.94,5430.48,5482.53,5974.83,5925.38,6243.0,6354.75,6658.41,3752.0,4247.0,4020.0,4371.0,4389.0,4260.0,4495.0,4344.0,4450.0,4223.0,4492.0,4887.0,6854.0,6998.0,7237.0,7740.0,7273.0,7186.0,7262.0,7326.0,6393.0,6068.0,6500.0,7646.0,7317.0,7673.0,8605.0,9404.0,9680.0,10526.0,11281.0,11652.0,10747.0,10345.0,10970.0,11311.0,11612.0
"P/L Before Other Inc. , Int., Excpt. Items & Tax",--,--,--,--,--,--,--,--,--,--,--,--,--,--,--,--,1172.42,1200.59,1498.38,1499.68,1404.72,1441.03,1553.41,1729.96,1477.92,1746.75,2032.44,2205.84,2240.68,2276.80,2486.52,3078.23,2856.00,3270.06,3378.28,3469.35,3350.40,3943.40,5486.71,5498.83,5267.83,5152.95,5560.67,5790.71,3130.10,6145.00,6709.00,6427.00,6314.00,6421.00,6423.00,6354.00,6316.00,5890.00,6501.00,6698.00,7069.00,7973.00,8558.00,8122.00,8595.00,9025.00,8330.00,8768.00,8529.00,7855.00,9331.00,9907.00,10164.00,10384.00,10791.00,10780.00,10768.00,10869.00,11806.00,12520.00,11862.00,12167.00,12823.00,13399.00,13571.00,13606.00
Other Income,25.77,25.77,10.75,123.06,-30.33,26.26,11.24,7.74,6.95,31.66,19.4,25.47,103.48,155.75,104.62,107.11,78.47,109.88,-179.17,-143.27,-243.68,1.26,-25.36,40.36,161.34,36.43,103.22,137.19,217.89,257.4,1420.48,763.84,243.46,169.26,1148.69,455.4,453.55,275.08,1513.63,653.13,685.89,798.96,865.17,1503.16,1299.44,991.0,679.0,1147.0,940.0,979.0,1175.0,1360.0,1054.0,2414.0,807.0,1043.0,1539.0,2381.0,1725.0,1873.0,1648.0,2205.0,2638.0,1206.0,2033.0,706.0,1734.0,2096.0,864.0,756.0,2524.0,2225.0,1981.0,715.0,1622.0,1558.0,1433.0,1903.0,1755.0,1809.0,1806.0,2417.0
"P/L Before Int., Excpt. Items & Tax",--,--,--,--,--,--,--,--,--,--,--,--,--,--,--,--,1250.89,1310.47,1319.21,1356.41,1161.04,1442.29,1528.05,1770.32,1639.26,1783.18,2135.66,2343.03,2458.57,2534.20,3907.00,3842.07,3099.46,3439.32,4526.97,3924.75,3803.95,4218.48,7000.34,6151.96,5953.72,5951.91,6425.84,7293.87,4429.54,7136.00,7388.00,7574.00,7254.00,7400.00,7598.00,7714.00,7370.00,8304.00,7308.00,7741.00,8608.00,10354.00,10283.00,9995.00,10243.00,11230.00,10968.00,9974.00,10562.00,8561.00,11065.00,12003.00,11028.00,11140.00,13315.00,13005.00,12749.00,11584.00,13428.00,14078.00,13295.00,14070.00,14578.00,15208.00,15377.00,16023.00
Interest,2.79,2.79,2.92,3.08,1.59,0.59,0.08,1.24,1.22,0.09,0.16,1.16,2.02,0.11,1.1,1.1,1.11,0.41,0.17,4.57,2.29,1.44,1.42,2.51,4.17,1.94,14.27,2.6,1.2,2.36,8.47,3.14,2.43,4.26,13.29,3.81,9.21,5.02,9.83,4.0,4.55,3.73,58.14,12.54,5.16,1.0,3.0,5.0,4.0,6.0,3.0,3.0,4.0,21.0,4.0,2.0,3.0,12.0,130.0,8.0,20.0,233.0,99.0,200.0,211.0,118.0,149.0,159.0,111.0,120.0,117.0,126.0,123.0,184.0,125.0,136.0,250.0,138.0,134.0,204.0,197.0,145.0
P/L Before Exceptional Items & Tax,--,--,--,--,--,--,--,--,--,--,--,--,--,--,--,--,1249.78,1310.06,1319.04,1351.84,1158.75,1440.85,1526.63,1767.81,1635.09,1781.24,2121.39,2340.43,2457.37,2531.84,3898.53,3838.93,3097.03,3435.06,4513.68,3920.94,3794.74,4213.46,6990.51,6147.96,5949.17,5948.18,6367.70,7281.33,4424.38,7135.00,7385.00,7569.00,7250.00,7394.00,7595.00,7711.00,7366.00,8283.00,7304.00,7739.00,8605.00,10342.00,10153.00,9987.00,10223.00,10997.00,10869.00,9774.00,10351.00,8443.00,10916.00,11844.00,10917.00,11020.00,13198.00,12879.00,12626.00,11400.00,13303.00,13942.00,13045.00,13932.00,14444.00,15004.00,15180.00,15878.00
Exceptional Items,--,--,--,--,--,--,--,--,--,--,--,--,--,--,--,--,--,--,--,--,--,--,--,--,--,--,--,--,--,--,--,--,--,--,--,--,--,--,--,--,--,527.76,--,--,0.62,--,--,--,--,--,--,--,--,--,--,--,--,--,--,--,--,--,--,--,--,--,-1218.00,--,--,--,--,--,--,--,--,--,--,--,--,-958.00,--,--
P/L Before Tax,--,--,--,--,--,--,--,--,--,--,--,--,--,--,--,--,1249.78,1310.06,1319.04,1351.84,1158.75,1440.85,1526.63,1767.81,1635.09,1781.24,2121.39,2340.43,2457.37,2531.84,3898.53,3838.93,3097.03,3435.06,4513.68,3920.94,3794.74,4213.46,6990.51,6147.96,5949.17,6475.94,6367.70,7281.33,4425.00,7135.00,7385.00,7569.00,7250.00,7394.00,7595.00,7711.00,7366.00,8283.00,7304.00,7739.00,8605.00,10342.00,10153.00,9987.00,10223.00,10997.00,10869.00,9774.00,10351.00,8443.00,9698.00,11844.00,10917.00,11020.00,13198.00,12879.00,12626.00,11400.00,13303.00,13942.00,13045.00,13932.00,14444.00,14046.00,15180.00,15878.00
Tax,66.83,66.83,76.98,82.78,53.91,93.43,90.54,88.34,50.05,79.41,80.21,107.7,146.07,86.91,147.88,119.34,140.97,106.05,146.0,139.95,51.48,164.41,179.03,213.61,194.82,224.83,308.74,288.68,308.19,469.41,711.42,670.83,538.69,637.47,790.92,703.83,779.96,915.71,1382.76,1371.2,1320.65,1379.07,1376.02,1570.18,967.74,1502.0,1662.0,1578.0,1522.0,1616.0,1637.0,1627.0,1533.0,1613.0,1558.0,1670.0,1849.0,3206.0,2533.0,2501.0,2400.0,2283.0,2233.0,2091.0,2124.0,2347.0,2250.0,2602.0,2743.0,2739.0,3046.0,2920.0,2831.0,2812.0,3244.0,3283.0,3245.0,3448.0,3515.0,3293.0,3787.0,3763.0
P/L After Tax from Ordinary Activities,--,--,--,--,--,--,--,--,--,--,--,--,--,--,--,--,1108.81,1204.01,1173.04,1211.89,1107.27,1276.44,1347.60,1554.20,1440.27,1556.41,1812.65,2051.75,2149.18,2062.43,3187.11,3168.10,2558.34,2797.59,3722.76,3217.11,3014.78,3297.75,5607.75,4776.76,4628.52,5096.87,4991.68,5711.15,3457.26,5633.00,5723.00,5991.00,5728.00,5778.00,5958.00,6084.00,5833.00,6670.00,5746.00,6069.00,6756.00,7136.00,7620.00,7486.00,7823.00,8714.00,8636.00,7683.00,8227.00,6096.00,7448.00,9242.00,8174.00,8281.00,10152.00,9959.00,9795.00,8588.00,10059.00,10659.00,9800.00,10484.00,10929.00,10753.00,11393.00,12115.00
Prior Year Adjustments,--,--,--,--,--,--,--,--,--,--,--,--,--,--,--,--,--,--,--,--,--,--,--,--,--,--,--,--,--,--,--,--,--,--,--,--,--,--,--,--,--,--,--,--,--,--,--,--,--,--,--,--,--,--,--,--,--,--,--,--,--,--,--,--,--,--,--,--,--,--,--,--,--,--,--,--,--,--,--,--,--,--
Extra Ordinary Items,--,--,-196.47,--,--,--,--,--,--,--,--,--,--,--,--,--,--,--,--,--,--,--,--,--,--,--,--,--,--,--,--,--,--,--,--,--,--,--,--,--,--,--,--,--,--,--,--,--,--,--,--,--,--,--,--,--,--,--,--,--,--,--,--,--,--,--,--,--,--,--,--,--,--,--,--,--,--,--,--,--,--,--
Net Profit/(Loss) For the Period,424.6,424.6,342.19,643.81,426.7,578.86,620.32,679.65,750.06,796.69,931.32,950.52,1078.76,1073.85,1147.11,1178.99,1108.81,1204.01,1173.04,1211.89,1107.27,1276.44,1347.6,1554.2,1440.27,1556.41,1812.65,2051.75,2149.18,2062.43,3187.11,3168.1,2558.34,2797.59,3722.76,3217.11,3014.78,3297.75,5607.75,4776.76,4628.52,5096.87,4991.68,5711.15,3457.26,5633.0,5723.0,5991.0,5728.0,5778.0,5958.0,6084.0,5833.0,6670.0,5746.0,6069.0,6756.0,7136.0,7620.0,7486.0,7823.0,8714.0,8636.0,7683.0,8227.0,6096.0,7448.0,9242.0,8174.0,8281.0,10152.0,9959.0,9795.0,8588.0,10059.0,10659.0,9800.0,10484.0,10929.0,10753.0,11393.0,12115.0
Equity Share Capital,47.83,47.83,48.01,48.01,48.01,48.01,48.01,48.01,48.93,48.93,97.86,97.86,97.86,97.86,97.86,97.86,97.86,97.86,97.86,97.86,97.86,195.72,195.72,195.72,195.72,195.72,195.72,195.72,195.72,195.72,195.72,195.72,195.72,195.72,195.72,195.72,195.72,195.72,195.87,195.87,195.87,195.87,195.87,195.87,195.87,197.04,197.04,197.04,197.04,197.04,197.04,197.04,197.04,191.0,191.0,191.0,191.0,383.0,375.0,375.0,375.0,375.0,375.0,375.0,375.0,375.0,375.0,375.0,370.0,370.0,370.0,370.0,366.0,366.0,366.0,366.0,366.0,366.0,366.0,362.0,362.0,362.0
Reserves Excluding Revaluation Reserves,--,--,--,--,--,--,--,--,--,--,--,--,--,--,--,--,10806.95,--,--,--,13248.39,--,--,--,14820.90,--,--,--,19283.77,--,--,--,--,--,--,--,--,--,--,--,--,--,--,--,--,--,--,--,--,--,--,--,--,--,--,--,--,--,--,--,--,--,--,--,--,--,--,--,--,--,--,--,--,--,--,--,--,--,--,--,--,--
Equity Dividend Rate (%),--,--,--,--,--,--,--,--,--,--,--,--,--,--,--,--,--,--,--,--,--,--,--,--,--,--,--,--,--,--,--,--,--,--,--,--,--,--,--,--,--,--,--,--,--,--,--,--,--,--,--,--,--,--,--,--,--,--,--,--,--,--,--,--,--,--,--,--,--,--,--,--,--,--,--,--,--,--,--,--,--,--
EPS Before Extra Ordinary,,,,,,,,,,,,,,,,,,,,,,,,,,,,,,,,,,,,,,,,,,,,,,,,,,,,,,,,,,,,,,,,,,,,,,,,,,,,,,,,,,
Basic EPS,--,--,--,--,--,--,--,--,--,--,--,--,--,--,--,--,--,--,--,--,--,--,--,--,--,7.93,9.24,10.46,10.99,10.52,16.27,16.17,12.99,14.26,18.99,16.40,15.37,16.82,28.60,24.36,23.54,26.02,25.48,29.16,17.65,28.59,29.04,30.40,29.07,29.32,30.24,30.88,29.61,34.11,30.02,31.70,35.29,18.64,19.92,19.95,20.85,23.22,23.02,20.47,21.92,16.25,19.85,24.63,22.08,22.39,27.45,26.93,26.48,23.47,27.49,29.13,26.79,28.65,29.87,29.45,31.48,33.48
Diluted EPS,--,--,--,--,--,--,--,--,--,--,--,--,--,--,--,--,--,--,--,--,--,--,--,--,--,7.93,9.24,10.46,10.99,10.52,16.27,16.17,12.99,14.26,18.99,16.40,15.37,16.82,28.60,24.36,23.54,26.02,25.48,29.16,17.65,28.59,29.04,30.40,29.07,29.32,30.24,30.88,29.61,34.11,30.02,31.70,35.29,18.64,19.92,19.95,20.85,23.22,23.02,20.47,21.92,16.25,19.85,24.63,22.08,22.39,27.45,26.93,26.48,23.47,27.49,29.13,26.79,28.65,29.87,29.45,31.48,33.48
EPS After Extra Ordinary,,,,,,,,,,,,,,,,,,,,,,,,,,,,,,,,,,,,,,,,,,,,,,,,,,,,,,,,,,,,,,,,,,,,,,,,,,,,,,,,,,
Basic EPS.,--,--,--,--,--,--,--,--,--,--,--,--,--,--,--,--,--,--,--,--,--,--,--,--,--,7.93,9.24,10.46,10.99,10.52,16.27,16.17,12.99,14.26,18.99,16.40,15.37,16.82,28.60,24.36,23.54,26.02,25.48,29.16,17.65,28.59,29.04,30.40,29.07,29.32,30.24,30.88,29.61,34.11,30.02,31.70,35.29,18.64,19.92,19.95,20.85,23.22,23.02,20.47,21.92,16.26,19.86,24.65,22.09,22.38,27.45,26.93,26.48,23.47,27.49,29.13,26.79,28.65,29.87,29.45,31.48,33.48
Diluted EPS.,--,--,--,--,--,--,--,--,--,--,--,--,--,--,--,--,--,--,--,--,--,--,--,--,--,7.93,9.24,10.46,10.99,10.52,16.27,16.17,12.99,14.26,18.99,16.40,15.37,16.82,28.60,24.36,23.54,26.02,25.48,29.16,17.65,28.59,29.04,30.40,29.07,29.32,30.24,30.88,29.61,34.11,30.02,31.70,35.29,18.64,19.92,19.95,20.85,23.22,23.02,20.47,21.92,16.25,19.85,24.63,22.08,22.39,27.45,26.93,26.48,23.47,27.49,29.13,26.79,28.65,29.87,29.45,31.48,33.48
Public Share Holding,,,,,,,,,,,,,,,,,,,,,,,,,,,,,,,,,,,,,,,,,,,,,,,,,,,,,,,,,,,,,,,,,,,,,,,,,,,,,,,,,,
No Of Shares (Crores),--,--,7.28,7.28,7.28,7.28,7.28,7.75,7.98,7.98,16.01,17.14,11.68,19.46,19.73,21.74,21.97,23.14,23.14,--,--,--,--,--,--,--,--,50.78,50.79,50.74,50.74,50.74,50.93,50.93,50.97,50.97,50.97,50.97,50.97,51.13,51.13,51.13,51.13,51.13,51.13,51.20,--,--,--,--,--,--,--,--,--,--,--,--,--,--,--,--,--,--,--,--,--,--,--,--,--,--,--,--,--,--,--,--,--,--,--,--
Share Holding (%),--,--,15.15,15.16,15.16,15.16,15.16,16.14,16.31,16.31,16.36,17.51,11.94,19.88,11.72,22.22,22.45,23.64,23.65,--,--,--,--,--,--,--,--,25.95,25.95,25.93,25.92,25.92,26.02,26.02,26.04,26.04,26.04,26.04,26.04,26.10,26.10,26.10,26.10,26.10,26.10,26.14,--,--,--,--,--,--,--,--,--,--,--,--,--,--,--,--,--,--,--,--,--,--,--,--,--,--,--,--,--,--,--,--,--,--,--,--
Promoters and Promoter Group Shareholding,,,,,,,,,,,,,,,,,,,,,,,,,,,,,,,,,,,,,,,,,,,,,,,,,,,,,,,,,,,,,,,,,,,,,,,,,,,,,,,,,,
a) Pledged/Encumbered,,,,,,,,,,,,,,,,,,,,,,,,,,,,,,,,,,,,,,,,,,,,,,,,,,,,,,,,,,,,,,,,,,,,,,,,,,,,,,,,,,
- Number of shares (Crores),--,--,--,--,--,--,--,--,--,--,--,--,--,--,--,--,--,--,--,--,--,--,--,--,--,--,--,--,20.33,16.11,8.31,8.31,7.95,7.95,7.75,7.24,6.93,4.50,3.52,2.65,2.61,3.21,2.87,2.86,2.86,2.86,--,--,--,--,--,--,--,--,--,--,--,--,--,--,--,--,--,--,--,--,--,--,--,--,--,--,--,--,--,--,--,--,--,--,--,--
- Per. of shares (as a % of the total sh. of prom. and promoter group),--,--,--,--,--,--,--,--,--,--,--,--,--,--,--,--,--,--,--,--,--,--,--,--,--,--,--,--,14.03,11.11,5.73,5.73,5.49,5.49,5.35,5.00,4.78,3.11,2.43,1.83,1.80,2.22,1.98,1.98,1.98,1.98,--,--,--,--,--,--,--,--,--,--,--,--,--,--,--,--,--,--,--,--,--,--,--,--,--,--,--,--,--,--,--,--,--,--,--,--
- Per. of shares (as a % of the total Share Cap. of the company),--,--,--,--,--,--,--,--,--,--,--,--,--,--,--,--,--,--,--,--,--,--,--,--,--,--,--,--,10.39,8.23,4.25,4.25,4.06,4.06,3.96,3.70,3.54,2.30,1.80,1.35,1.33,1.64,1.46,1.46,1.46,1.46,--,--,--,--,--,--,--,--,--,--,--,--,--,--,--,--,--,--,--,--,--,--,--,--,--,--,--,--,--,--,--,--,--,--,--,--
b) Non-encumbered,,,,,,,,,,,,,,,,,,,,,,,,,,,,,,,,,,,,,,,,,,,,,,,,,,,,,,,,,,,,,,,,,,,,,,,,,,,,,,,,,,
- Number of shares (Crores).,--,--,--,--,--,--,--,--,--,--,--,--,--,--,--,--,--,--,--,--,--,--,--,--,--,--,--,--,124.60,128.87,136.68,136.68,136.84,136.84,137.01,137.52,137.83,140.25,141.23,142.09,142.13,141.53,141.87,141.88,141.88,141.82,--,--,--,--,--,--,--,--,--,--,--,--,--,--,--,--,--,--,--,--,--,--,--,--,--,--,--,--,--,--,--,--,--,--,--,--
- Per. of shares (as a % of the total sh. of prom. and promoter group).,--,--,--,--,--,--,--,--,--,--,--,--,--,--,--,--,--,--,--,--,--,--,--,--,--,--,--,--,85.97,88.89,94.27,94.27,94.51,94.51,94.65,95.00,95.22,96.89,97.57,98.17,98.20,97.78,98.02,98.02,98.02,98.02,--,--,--,--,--,--,--,--,--,--,--,--,--,--,--,--,--,--,--,--,--,--,--,--,--,--,--,--,--,--,--,--,--,--,--,--
- Per. of shares (as a % of the total Share Cap. of the company).,--,--,--,--,--,--,--,--,--,--,--,--,--,--,--,--,--,--,--,--,--,--,--,--,--,--,--,--,63.66,65.84,69.83,69.83,69.92,69.92,70.00,70.26,70.42,71.66,72.16,72.55,72.57,72.26,72.44,72.44,72.44,72.40,--,--,--,--,--,--,--,--,--,--,--,--,--,--,--,--,--,--,--,--,--,--,--,--,--,--,--,--,--,--,--,--,--,--,--,--
