HCLTECH,Mar 4,Jun 4,Sep 4,Dec 4,Mar 5,Jun 5,Sep 5,Dec 5,Mar 6,Jun 6,Sep 6,Dec 6,Mar 7,Jun 7,Sep 7,Dec 7,Mar 8,Jun 8,Sep 8,Dec 8,Mar 9,Jun 9,Sep 9,Dec 9,Mar 10,Jun 10,Sep 10,Dec 10,Mar 11,Jun 11,Sep 11,Dec 11,Mar 12,Jun 12,Sep 12,Dec 12,Mar 13,Jun 13,Sep 13,Dec 13,Mar 14,Jun 14,Sep 14,Dec 14,Mar 15,Jun 15,Sep 15,Dec 15,Mar 16,Jun 16,Sep 16,Dec 16,Mar 17,Jun 17,Sep 17,Dec 17,Mar 18,Jun 18,Sep 18,Dec 18,Mar 19,Jun 19,Sep 19,Dec 19,Mar 20,Jun 20,Sep 20,Dec 20,Mar 21,Jun 21,Sep 21,Dec 21,Mar 22,Jun 22,Sep 22,Dec 22,Mar 23,Jun 23,Sep 23,Dec 23,Mar 24,Jun 24
EQUITIES AND LIABILITIES,,,,,,,,,,,,,,,,,,,,,,,,,,,,,,,,,,,,,,,,,,,,,,,,,,,,,,,,,,,,,,,,,,,,,,,,,,,,,,,,,,
SHAREHOLDER'S FUNDS,,,,,,,,,,,,,,,,,,,,,,,,,,,,,,,,,,,,,,,,,,,,,,,,,,,,,,,,,,,,,,,,,,,,,,,,,,,,,,,,,,
Equity Share Capital,59.22,59.22,59.22,59.22,63.84,63.84,63.84,63.84,64.69,64.69,64.69,64.69,132.74,132.74,132.74,132.74,133.27,133.27,133.27,133.27,134.05,134.05,134.05,134.05,135.76,135.76,135.76,135.76,137.74,137.74,137.74,137.74,138.66,138.66,138.66,138.66,139.37,139.37,139.37,139.37,140.0,140.0,140.0,140.0,281.2,281.2,281.2,281.2,282.08,282.08,282.08,282.08,285.0,285.0,285.0,285.0,278.0,278.0,278.0,278.0,271.0,271.0,271.0,271.0,543.0,543.0,543.0,543.0,543.0,543.0,543.0,543.0,543.0,543.0,543.0,543.0,543.0,543.0,543.0,543.0,543.0,543.0
Total Share Capital,59.22,59.22,59.22,59.22,63.84,63.84,63.84,63.84,64.69,64.69,64.69,64.69,132.74,132.74,132.74,132.74,133.27,133.27,133.27,133.27,134.05,134.05,134.05,134.05,135.76,135.76,135.76,135.76,137.74,137.74,137.74,137.74,138.66,138.66,138.66,138.66,139.37,139.37,139.37,139.37,140.0,140.0,140.0,140.0,281.2,281.2,281.2,281.2,282.08,282.08,282.08,282.08,285.0,285.0,285.0,285.0,278.0,278.0,278.0,278.0,271.0,271.0,271.0,271.0,543.0,543.0,543.0,543.0,543.0,543.0,543.0,543.0,543.0,543.0,543.0,543.0,543.0,543.0,543.0,543.0,543.0,543.0
Reserves and Surplus,2231.96,2231.96,2231.96,2231.96,2796.14,2796.14,2796.14,2796.14,2511.18,2511.18,2511.18,2511.18,3292.28,3292.28,3292.28,3292.28,3079.85,3079.85,3079.85,3079.85,3353.72,3353.72,3353.72,3353.72,4798.09,4798.09,4798.09,4798.09,5720.41,5720.41,5720.41,5720.41,6465.15,6465.15,6465.15,6465.15,10093.36,10093.36,10093.36,10093.36,15605.61,15605.61,15605.61,15605.61,19124.53,19124.53,19124.53,19124.53,21214.49,21214.49,21214.49,21214.49,25688.0,25688.0,25688.0,25688.0,27285.0,27285.0,27285.0,27285.0,30168.0,30168.0,30168.0,30168.0,36753.0,36753.0,36753.0,36753.0,43010.0,43010.0,43010.0,43010.0,42048.0,42048.0,42048.0,42048.0,40561.0,40561.0,40561.0,40561.0,38927.0,38927.0
Total Reserves and Surplus,2231.96,2231.96,2231.96,2231.96,2796.14,2796.14,2796.14,2796.14,2511.18,2511.18,2511.18,2511.18,3292.28,3292.28,3292.28,3292.28,3079.85,3079.85,3079.85,3079.85,3353.72,3353.72,3353.72,3353.72,4798.09,4798.09,4798.09,4798.09,5720.41,5720.41,5720.41,5720.41,6465.15,6465.15,6465.15,6465.15,10093.36,10093.36,10093.36,10093.36,15605.61,15605.61,15605.61,15605.61,19124.53,19124.53,19124.53,19124.53,21214.49,21214.49,21214.49,21214.49,25688.0,25688.0,25688.0,25688.0,27285.0,27285.0,27285.0,27285.0,30168.0,30168.0,30168.0,30168.0,36753.0,36753.0,36753.0,36753.0,43010.0,43010.0,43010.0,43010.0,42048.0,42048.0,42048.0,42048.0,40561.0,40561.0,40561.0,40561.0,38927.0,38927.0
Total Shareholders Funds,2291.18,2291.18,2291.18,2291.18,2859.98,2859.98,2859.98,2859.98,2575.87,2575.87,2575.87,2575.87,3425.02,3425.02,3425.02,3425.02,3213.12,3213.12,3213.12,3213.12,3487.77,3487.77,3487.77,3487.77,4933.85,4933.85,4933.85,4933.85,5858.15,5858.15,5858.15,5858.15,6603.81,6603.81,6603.81,6603.81,10232.73,10232.73,10232.73,10232.73,15745.61,15745.61,15745.61,15745.61,19405.73,19405.73,19405.73,19405.73,21496.57,21496.57,21496.57,21496.57,25973.0,25973.0,25973.0,25973.0,27563.0,27563.0,27563.0,27563.0,30439.0,30439.0,30439.0,30439.0,37296.0,37296.0,37296.0,37296.0,43553.0,43553.0,43553.0,43553.0,42591.0,42591.0,42591.0,42591.0,41104.0,41104.0,41104.0,41104.0,39470.0,39470.0
NON-CURRENT LIABILITIES,,,,,,,,,,,,,,,,,,,,,,,,,,,,,,,,,,,,,,,,,,,,,,,,,,,,,,,,,,,,,,,,,,,,,,,,,,,,,,,,,,
Long Term Borrowings,98.23,98.23,98.23,98.23,96.69,96.69,96.69,96.69,13.38,13.38,13.38,13.38,40.89,40.89,40.89,40.89,25.33,25.33,25.33,25.33,26.89,26.89,26.89,26.89,1030.51,1030.51,1030.51,1030.51,847.11,847.11,847.11,847.11,525.65,525.65,525.65,525.65,532.66,532.66,532.66,532.66,27.45,27.45,27.45,27.45,27.22,27.22,27.22,27.22,28.16,28.16,28.16,28.16,31.0,31.0,31.0,31.0,33.0,33.0,33.0,33.0,32.0,32.0,32.0,32.0,160.0,160.0,160.0,160.0,207.0,207.0,207.0,207.0,164.0,164.0,164.0,164.0,51.0,51.0,51.0,51.0,26.0,26.0
Deferred Tax Liabilities [Net],0.0,0.0,0.0,0.0,0.0,0.0,0.0,0.0,0.0,0.0,0.0,0.0,0.0,0.0,0.0,0.0,0.0,0.0,0.0,0.0,1.45,1.45,1.45,1.45,1.53,1.53,1.53,1.53,0.0,0.0,0.0,0.0,0.0,0.0,0.0,0.0,0.0,0.0,0.0,0.0,0.0,0.0,0.0,0.0,0.0,0.0,0.0,0.0,0.0,0.0,0.0,0.0,0.0,0.0,0.0,0.0,0.0,0.0,0.0,0.0,0.0,0.0,0.0,0.0,0.0,0.0,0.0,0.0,0.0,0.0,0.0,0.0,0.0,0.0,0.0,0.0,0.0,0.0,0.0,0.0,465.0,465.0
Other Long Term Liabilities,0.0,0.0,0.0,0.0,0.0,0.0,0.0,0.0,0.0,0.0,0.0,0.0,0.0,0.0,0.0,0.0,0.0,0.0,0.0,0.0,0.0,0.0,0.0,0.0,0.0,0.0,0.0,0.0,92.05,92.05,92.05,92.05,349.63,349.63,349.63,349.63,436.92,436.92,436.92,436.92,515.43,515.43,515.43,515.43,282.94,282.94,282.94,282.94,206.24,206.24,206.24,206.24,41.0,41.0,41.0,41.0,58.0,58.0,58.0,58.0,53.0,53.0,53.0,53.0,1343.0,1343.0,1343.0,1343.0,716.0,716.0,716.0,716.0,667.0,667.0,667.0,667.0,659.0,659.0,659.0,659.0,817.0,817.0
Long Term Provisions,0.0,0.0,0.0,0.0,0.0,0.0,0.0,0.0,0.0,0.0,0.0,0.0,0.0,0.0,0.0,0.0,0.0,0.0,0.0,0.0,0.0,0.0,0.0,0.0,0.0,0.0,0.0,0.0,100.72,100.72,100.72,100.72,163.18,163.18,163.18,163.18,165.98,165.98,165.98,165.98,175.28,175.28,175.28,175.28,198.77,198.77,198.77,198.77,344.08,344.08,344.08,344.08,411.0,411.0,411.0,411.0,471.0,471.0,471.0,471.0,553.0,553.0,553.0,553.0,775.0,775.0,775.0,775.0,866.0,866.0,866.0,866.0,958.0,958.0,958.0,958.0,879.0,879.0,879.0,879.0,1065.0,1065.0
Total Non-Current Liabilities,98.23,98.23,98.23,98.23,96.69,96.69,96.69,96.69,13.38,13.38,13.38,13.38,40.89,40.89,40.89,40.89,25.33,25.33,25.33,25.33,28.34,28.34,28.34,28.34,1032.04,1032.04,1032.04,1032.04,1039.88,1039.88,1039.88,1039.88,1038.46,1038.46,1038.46,1038.46,1135.56,1135.56,1135.56,1135.56,718.16,718.16,718.16,718.16,508.93,508.93,508.93,508.93,578.48,578.48,578.48,578.48,483.0,483.0,483.0,483.0,562.0,562.0,562.0,562.0,638.0,638.0,638.0,638.0,2278.0,2278.0,2278.0,2278.0,1789.0,1789.0,1789.0,1789.0,1789.0,1789.0,1789.0,1789.0,1589.0,1589.0,1589.0,1589.0,2373.0,2373.0
CURRENT LIABILITIES,,,,,,,,,,,,,,,,,,,,,,,,,,,,,,,,,,,,,,,,,,,,,,,,,,,,,,,,,,,,,,,,,,,,,,,,,,,,,,,,,,
Short Term Borrowings,0.0,0.0,0.0,0.0,0.0,0.0,0.0,0.0,0.0,0.0,0.0,0.0,0.0,0.0,0.0,0.0,0.0,0.0,0.0,0.0,486.84,486.84,486.84,486.84,366.88,366.88,366.88,366.88,0.29,0.29,0.29,0.29,173.22,173.22,173.22,173.22,82.48,82.48,82.48,82.48,29.25,29.25,29.25,29.25,0.0,0.0,0.0,0.0,0.03,0.03,0.03,0.03,0.0,0.0,0.0,0.0,0.0,0.0,0.0,0.0,0.0,0.0,0.0,0.0,0.0,0.0,0.0,0.0,0.0,0.0,0.0,0.0,62.0,62.0,62.0,62.0,140.0,140.0,140.0,140.0,27.0,27.0
Trade Payables,220.47,220.47,220.47,220.47,339.92,339.92,339.92,339.92,699.89,699.89,699.89,699.89,858.5,858.5,858.5,858.5,1050.06,1050.06,1050.06,1050.06,1361.16,1361.16,1361.16,1361.16,1190.55,1190.55,1190.55,1190.55,340.16,340.16,340.16,340.16,380.32,380.32,380.32,380.32,333.29,333.29,333.29,333.29,392.47,392.47,392.47,392.47,468.58,468.58,468.58,468.58,453.92,453.92,453.92,453.92,485.0,485.0,485.0,485.0,544.0,544.0,544.0,544.0,2367.0,2367.0,2367.0,2367.0,2273.0,2273.0,2273.0,2273.0,2707.0,2707.0,2707.0,2707.0,2783.0,2783.0,2783.0,2783.0,4650.0,4650.0,4650.0,4650.0,4092.0,4092.0
Other Current Liabilities,205.82,205.82,205.82,205.82,171.19,171.19,171.19,171.19,235.13,235.13,235.13,235.13,144.52,144.52,144.52,144.52,778.79,778.79,778.79,778.79,854.83,854.83,854.83,854.83,531.93,531.93,531.93,531.93,1323.2,1323.2,1323.2,1323.2,1883.84,1883.84,1883.84,1883.84,2978.45,2978.45,2978.45,2978.45,4006.16,4006.16,4006.16,4006.16,3643.67,3643.67,3643.67,3643.67,3962.7,3962.7,3962.7,3962.7,5319.0,5319.0,5319.0,5319.0,4020.0,4020.0,4020.0,4020.0,3871.0,3871.0,3871.0,3871.0,11499.0,11499.0,11499.0,11499.0,7085.0,7085.0,7085.0,7085.0,5958.0,5958.0,5958.0,5958.0,5594.0,5594.0,5594.0,5594.0,6003.0,6003.0
Short Term Provisions,154.27,154.27,154.27,154.27,173.93,173.93,173.93,173.93,200.08,200.08,200.08,200.08,430.74,430.74,430.74,430.74,723.54,723.54,723.54,723.54,377.95,377.95,377.95,377.95,433.6,433.6,433.6,433.6,502.12,502.12,502.12,502.12,794.61,794.61,794.61,794.61,1191.81,1191.81,1191.81,1191.81,915.2,915.2,915.2,915.2,888.13,888.13,888.13,888.13,96.34,96.34,96.34,96.34,111.0,111.0,111.0,111.0,129.0,129.0,129.0,129.0,141.0,141.0,141.0,141.0,169.0,169.0,169.0,169.0,227.0,227.0,227.0,227.0,240.0,240.0,240.0,240.0,283.0,283.0,283.0,283.0,342.0,342.0
Total Current Liabilities,580.56,580.56,580.56,580.56,685.04,685.04,685.04,685.04,1135.1,1135.1,1135.1,1135.1,1433.76,1433.76,1433.76,1433.76,2552.39,2552.39,2552.39,2552.39,3080.78,3080.78,3080.78,3080.78,2522.96,2522.96,2522.96,2522.96,2165.77,2165.77,2165.77,2165.77,3231.99,3231.99,3231.99,3231.99,4586.03,4586.03,4586.03,4586.03,5343.08,5343.08,5343.08,5343.08,5000.38,5000.38,5000.38,5000.38,4512.99,4512.99,4512.99,4512.99,5915.0,5915.0,5915.0,5915.0,4693.0,4693.0,4693.0,4693.0,6379.0,6379.0,6379.0,6379.0,13941.0,13941.0,13941.0,13941.0,10019.0,10019.0,10019.0,10019.0,9043.0,9043.0,9043.0,9043.0,10667.0,10667.0,10667.0,10667.0,10464.0,10464.0
Total Capital And Liabilities,2970.0,2970.0,2970.0,2970.0,3643.35,3643.35,3643.35,3643.35,3725.68,3725.68,3725.68,3725.68,4899.67,4899.67,4899.67,4899.67,5792.55,5792.55,5792.55,5792.55,6597.36,6597.36,6597.36,6597.36,8490.86,8490.86,8490.86,8490.86,9064.8,9064.8,9064.8,9064.8,10877.03,10877.03,10877.03,10877.03,15959.33,15959.33,15959.33,15959.33,21814.5,21814.5,21814.5,21814.5,24915.06,24915.06,24915.06,24915.06,26588.04,26588.04,26588.04,26588.04,32371.0,32371.0,32371.0,32371.0,32818.0,32818.0,32818.0,32818.0,37456.0,37456.0,37456.0,37456.0,53515.0,53515.0,53515.0,53515.0,55361.0,55361.0,55361.0,55361.0,53423.0,53423.0,53423.0,53423.0,53360.0,53360.0,53360.0,53360.0,52307.0,52307.0
ASSETS,,,,,,,,,,,,,,,,,,,,,,,,,,,,,,,,,,,,,,,,,,,,,,,,,,,,,,,,,,,,,,,,,,,,,,,,,,,,,,,,,,
NON-CURRENT ASSETS,,,,,,,,,,,,,,,,,,,,,,,,,,,,,,,,,,,,,,,,,,,,,,,,,,,,,,,,,,,,,,,,,,,,,,,,,,,,,,,,,,
Tangible Assets,153.65,153.65,153.65,153.65,300.15,300.15,300.15,300.15,427.84,427.84,427.84,427.84,541.81,541.81,541.81,541.81,535.92,535.92,535.92,535.92,608.86,608.86,608.86,608.86,632.28,632.28,632.28,632.28,1188.53,1188.53,1188.53,1188.53,1552.39,1552.39,1552.39,1552.39,1896.95,1896.95,1896.95,1896.95,2404.3,2404.3,2404.3,2404.3,3024.98,3024.98,3024.98,3024.98,2762.9,2762.9,2762.9,2762.9,3126.0,3126.0,3126.0,3126.0,3293.0,3293.0,3293.0,3293.0,3507.0,3507.0,3507.0,3507.0,4571.0,4571.0,4571.0,4571.0,4502.0,4502.0,4502.0,4502.0,4769.0,4769.0,4769.0,4769.0,4551.0,4551.0,4551.0,4551.0,4273.0,4273.0
Intangible Assets,51.63,51.63,51.63,51.63,59.8,59.8,59.8,59.8,97.84,97.84,97.84,97.84,128.28,128.28,128.28,128.28,189.37,189.37,189.37,189.37,248.12,248.12,248.12,248.12,311.55,311.55,311.55,311.55,107.4,107.4,107.4,107.4,61.32,61.32,61.32,61.32,57.23,57.23,57.23,57.23,44.27,44.27,44.27,44.27,39.25,39.25,39.25,39.25,53.34,53.34,53.34,53.34,4863.0,4863.0,4863.0,4863.0,7135.0,7135.0,7135.0,7135.0,7728.0,7728.0,7728.0,7728.0,18050.0,18050.0,18050.0,18050.0,16403.0,16403.0,16403.0,16403.0,14755.0,14755.0,14755.0,14755.0,13384.0,13384.0,13384.0,13384.0,12060.0,12060.0
Capital Work-In-Progress,118.63,118.63,118.63,118.63,71.78,71.78,71.78,71.78,163.63,163.63,163.63,163.63,212.86,212.86,212.86,212.86,419.03,419.03,419.03,419.03,417.56,417.56,417.56,417.56,477.2,477.2,477.2,477.2,518.69,518.69,518.69,518.69,549.55,549.55,549.55,549.55,488.19,488.19,488.19,488.19,518.5,518.5,518.5,518.5,543.95,543.95,543.95,543.95,582.12,582.12,582.12,582.12,411.0,411.0,411.0,411.0,298.0,298.0,298.0,298.0,212.0,212.0,212.0,212.0,311.0,311.0,311.0,311.0,245.0,245.0,245.0,245.0,79.0,79.0,79.0,79.0,21.0,21.0,21.0,21.0,22.0,22.0
Other Assets,0.0,0.0,0.0,0.0,0.0,0.0,0.0,0.0,0.0,0.0,0.0,0.0,0.0,0.0,0.0,0.0,0.0,0.0,0.0,0.0,0.0,0.0,0.0,0.0,0.0,0.0,0.0,0.0,0.0,0.0,0.0,0.0,0.0,0.0,0.0,0.0,0.0,0.0,0.0,0.0,0.0,0.0,0.0,0.0,0.0,0.0,0.0,0.0,0.0,0.0,0.0,0.0,0.0,0.0,0.0,0.0,0.0,0.0,0.0,0.0,0.0,0.0,0.0,0.0,0.0,0.0,0.0,0.0,0.0,0.0,0.0,0.0,0.0,0.0,0.0,0.0,0.0,0.0,0.0,0.0,0.0,0.0
Fixed Assets,323.91,323.91,323.91,323.91,431.73,431.73,431.73,431.73,689.31,689.31,689.31,689.31,882.95,882.95,882.95,882.95,1144.32,1144.32,1144.32,1144.32,1274.54,1274.54,1274.54,1274.54,1421.03,1421.03,1421.03,1421.03,1814.62,1814.62,1814.62,1814.62,2163.26,2163.26,2163.26,2163.26,2442.37,2442.37,2442.37,2442.37,2967.07,2967.07,2967.07,2967.07,3608.18,3608.18,3608.18,3608.18,3398.36,3398.36,3398.36,3398.36,8400.0,8400.0,8400.0,8400.0,10726.0,10726.0,10726.0,10726.0,11447.0,11447.0,11447.0,11447.0,22932.0,22932.0,22932.0,22932.0,21150.0,21150.0,21150.0,21150.0,19603.0,19603.0,19603.0,19603.0,17956.0,17956.0,17956.0,17956.0,16355.0,16355.0
Non-Current Investments,2250.36,2250.36,2250.36,2250.36,2654.66,2654.66,2654.66,2654.66,1907.76,1907.76,1907.76,1907.76,1988.86,1988.86,1988.86,1988.86,1797.34,1797.34,1797.34,1797.34,562.75,562.75,562.75,562.75,2233.2,2233.2,2233.2,2233.2,2240.65,2240.65,2240.65,2240.65,2933.67,2933.67,2933.67,2933.67,3609.72,3609.72,3609.72,3609.72,3559.72,3559.72,3559.72,3559.72,3500.23,3500.23,3500.23,3500.23,3502.58,3502.58,3502.58,3502.58,3810.0,3810.0,3810.0,3810.0,4068.0,4068.0,4068.0,4068.0,3808.0,3808.0,3808.0,3808.0,4207.0,4207.0,4207.0,4207.0,5041.0,5041.0,5041.0,5041.0,5057.0,5057.0,5057.0,5057.0,5057.0,5057.0,5057.0,5057.0,5040.0,5040.0
Deferred Tax Assets [Net],7.28,7.28,7.28,7.28,7.5,7.5,7.5,7.5,17.83,17.83,17.83,17.83,29.84,29.84,29.84,29.84,140.6,140.6,140.6,140.6,227.45,227.45,227.45,227.45,107.69,107.69,107.69,107.69,133.06,133.06,133.06,133.06,237.15,237.15,237.15,237.15,376.69,376.69,376.69,376.69,311.79,311.79,311.79,311.79,217.88,217.88,217.88,217.88,1179.72,1179.72,1179.72,1179.72,1211.0,1211.0,1211.0,1211.0,1506.0,1506.0,1506.0,1506.0,2107.0,2107.0,2107.0,2107.0,1997.0,1997.0,1997.0,1997.0,668.0,668.0,668.0,668.0,736.0,736.0,736.0,736.0,543.0,543.0,543.0,543.0,0.0,0.0
Long Term Loans And Advances,0.0,0.0,0.0,0.0,0.0,0.0,0.0,0.0,0.0,0.0,0.0,0.0,0.0,0.0,0.0,0.0,0.0,0.0,0.0,0.0,0.0,0.0,0.0,0.0,0.0,0.0,0.0,0.0,538.89,538.89,538.89,538.89,621.67,621.67,621.67,621.67,764.09,764.09,764.09,764.09,836.78,836.78,836.78,836.78,1106.39,1106.39,1106.39,1106.39,15.0,15.0,15.0,15.0,0.0,0.0,0.0,0.0,235.0,235.0,235.0,235.0,355.0,355.0,355.0,355.0,0.0,0.0,0.0,0.0,0.0,0.0,0.0,0.0,200.0,200.0,200.0,200.0,0.0,0.0,0.0,0.0,286.0,286.0
Other Non-Current Assets,0.0,0.0,0.0,0.0,0.0,0.0,0.0,0.0,0.0,0.0,0.0,0.0,0.0,0.0,0.0,0.0,0.0,0.0,0.0,0.0,0.0,0.0,0.0,0.0,0.0,0.0,0.0,0.0,205.01,205.01,205.01,205.01,242.57,242.57,242.57,242.57,132.7,132.7,132.7,132.7,132.62,132.62,132.62,132.62,308.1,308.1,308.1,308.1,852.2,852.2,852.2,852.2,834.0,834.0,834.0,834.0,835.0,835.0,835.0,835.0,1032.0,1032.0,1032.0,1032.0,849.0,849.0,849.0,849.0,788.0,788.0,788.0,788.0,940.0,940.0,940.0,940.0,1233.0,1233.0,1233.0,1233.0,1081.0,1081.0
Total Non-Current Assets,2581.55,2581.55,2581.55,2581.55,3093.89,3093.89,3093.89,3093.89,2614.9,2614.9,2614.9,2614.9,2901.65,2901.65,2901.65,2901.65,3082.26,3082.26,3082.26,3082.26,2064.74,2064.74,2064.74,2064.74,3761.92,3761.92,3761.92,3761.92,4932.23,4932.23,4932.23,4932.23,6198.32,6198.32,6198.32,6198.32,7325.57,7325.57,7325.57,7325.57,7807.98,7807.98,7807.98,7807.98,8740.78,8740.78,8740.78,8740.78,8947.86,8947.86,8947.86,8947.86,14255.0,14255.0,14255.0,14255.0,17370.0,17370.0,17370.0,17370.0,18749.0,18749.0,18749.0,18749.0,29985.0,29985.0,29985.0,29985.0,27647.0,27647.0,27647.0,27647.0,26536.0,26536.0,26536.0,26536.0,24789.0,24789.0,24789.0,24789.0,22762.0,22762.0
CURRENT ASSETS,,,,,,,,,,,,,,,,,,,,,,,,,,,,,,,,,,,,,,,,,,,,,,,,,,,,,,,,,,,,,,,,,,,,,,,,,,,,,,,,,,
Current Investments,0.0,0.0,0.0,0.0,0.0,0.0,0.0,0.0,0.0,0.0,0.0,0.0,0.0,0.0,0.0,0.0,0.0,0.0,0.0,0.0,0.0,0.0,0.0,0.0,0.0,0.0,0.0,0.0,412.63,412.63,412.63,412.63,364.28,364.28,364.28,364.28,445.98,445.98,445.98,445.98,556.29,556.29,556.29,556.29,624.73,624.73,624.73,624.73,471.72,471.72,471.72,471.72,914.0,914.0,914.0,914.0,2130.0,2130.0,2130.0,2130.0,2002.0,2002.0,2002.0,2002.0,6668.0,6668.0,6668.0,6668.0,6605.0,6605.0,6605.0,6605.0,6039.0,6039.0,6039.0,6039.0,5102.0,5102.0,5102.0,5102.0,6801.0,6801.0
Inventories,0.0,0.0,0.0,0.0,0.0,0.0,0.0,0.0,0.0,0.0,0.0,0.0,0.0,0.0,0.0,0.0,0.0,0.0,0.0,0.0,87.01,87.01,87.01,87.01,12.04,12.04,12.04,12.04,124.97,124.97,124.97,124.97,99.99,99.99,99.99,99.99,81.84,81.84,81.84,81.84,15.54,15.54,15.54,15.54,83.65,83.65,83.65,83.65,128.56,128.56,128.56,128.56,90.0,90.0,90.0,90.0,40.0,40.0,40.0,40.0,18.0,18.0,18.0,18.0,14.0,14.0,14.0,14.0,18.0,18.0,18.0,18.0,23.0,23.0,23.0,23.0,35.0,35.0,35.0,35.0,25.0,25.0
Trade Receivables,168.59,168.59,168.59,168.59,306.41,306.41,306.41,306.41,645.98,645.98,645.98,645.98,712.48,712.48,712.48,712.48,980.02,980.02,980.02,980.02,1489.26,1489.26,1489.26,1489.26,2084.7,2084.7,2084.7,2084.7,1657.26,1657.26,1657.26,1657.26,1992.42,1992.42,1992.42,1992.42,2709.21,2709.21,2709.21,2709.21,3224.19,3224.19,3224.19,3224.19,3578.28,3578.28,3578.28,3578.28,4084.53,4084.53,4084.53,4084.53,4418.0,4418.0,4418.0,4418.0,5427.0,5427.0,5427.0,5427.0,6245.0,6245.0,6245.0,6245.0,7504.0,7504.0,7504.0,7504.0,5217.0,5217.0,5217.0,5217.0,11147.0,11147.0,11147.0,11147.0,12913.0,12913.0,12913.0,12913.0,12158.0,12158.0
Cash And Cash Equivalents,72.78,72.78,72.78,72.78,84.53,84.53,84.53,84.53,106.22,106.22,106.22,106.22,380.94,380.94,380.94,380.94,686.88,686.88,686.88,686.88,1365.83,1365.83,1365.83,1365.83,989.43,989.43,989.43,989.43,953.7,953.7,953.7,953.7,1041.2,1041.2,1041.2,1041.2,2808.83,2808.83,2808.83,2808.83,7911.08,7911.08,7911.08,7911.08,8829.41,8829.41,8829.41,8829.41,8662.96,8662.96,8662.96,8662.96,7962.0,7962.0,7962.0,7962.0,2325.0,2325.0,2325.0,2325.0,6273.0,6273.0,6273.0,6273.0,1291.0,1291.0,1291.0,1291.0,5056.0,5056.0,5056.0,5056.0,4849.0,4849.0,4849.0,4849.0,6231.0,6231.0,6231.0,6231.0,7629.0,7629.0
Short Term Loans And Advances,127.08,127.08,127.08,127.08,158.52,158.52,158.52,158.52,358.58,358.58,358.58,358.58,629.1,629.1,629.1,629.1,980.34,980.34,980.34,980.34,1447.42,1447.42,1447.42,1447.42,1451.87,1451.87,1451.87,1451.87,430.8,430.8,430.8,430.8,428.71,428.71,428.71,428.71,1511.51,1511.51,1511.51,1511.51,984.32,984.32,984.32,984.32,1657.7,1657.7,1657.7,1657.7,2014.37,2014.37,2014.37,2014.37,2543.0,2543.0,2543.0,2543.0,3438.0,3438.0,3438.0,3438.0,1244.0,1244.0,1244.0,1244.0,3391.0,3391.0,3391.0,3391.0,4841.0,4841.0,4841.0,4841.0,3008.0,3008.0,3008.0,3008.0,2602.0,2602.0,2602.0,2602.0,793.0,793.0
OtherCurrentAssets,20.0,20.0,20.0,20.0,0.0,0.0,0.0,0.0,0.0,0.0,0.0,0.0,275.5,275.5,275.5,275.5,63.05,63.05,63.05,63.05,143.1,143.1,143.1,143.1,190.9,190.9,190.9,190.9,553.21,553.21,553.21,553.21,752.11,752.11,752.11,752.11,1076.39,1076.39,1076.39,1076.39,1315.1,1315.1,1315.1,1315.1,1400.51,1400.51,1400.51,1400.51,2278.04,2278.04,2278.04,2278.04,2189.0,2189.0,2189.0,2189.0,2088.0,2088.0,2088.0,2088.0,2925.0,2925.0,2925.0,2925.0,4662.0,4662.0,4662.0,4662.0,5977.0,5977.0,5977.0,5977.0,1821.0,1821.0,1821.0,1821.0,1688.0,1688.0,1688.0,1688.0,2139.0,2139.0
Total Current Assets,388.45,388.45,388.45,388.45,549.46,549.46,549.46,549.46,1110.78,1110.78,1110.78,1110.78,1998.02,1998.02,1998.02,1998.02,2710.29,2710.29,2710.29,2710.29,4532.62,4532.62,4532.62,4532.62,4728.94,4728.94,4728.94,4728.94,4132.57,4132.57,4132.57,4132.57,4678.71,4678.71,4678.71,4678.71,8633.76,8633.76,8633.76,8633.76,14006.52,14006.52,14006.52,14006.52,16174.28,16174.28,16174.28,16174.28,17640.18,17640.18,17640.18,17640.18,18116.0,18116.0,18116.0,18116.0,15448.0,15448.0,15448.0,15448.0,18707.0,18707.0,18707.0,18707.0,23530.0,23530.0,23530.0,23530.0,27714.0,27714.0,27714.0,27714.0,26887.0,26887.0,26887.0,26887.0,28571.0,28571.0,28571.0,28571.0,29545.0,29545.0
Total Assets,2970.0,2970.0,2970.0,2970.0,3643.35,3643.35,3643.35,3643.35,3725.68,3725.68,3725.68,3725.68,4899.67,4899.67,4899.67,4899.67,5792.55,5792.55,5792.55,5792.55,6597.36,6597.36,6597.36,6597.36,8490.86,8490.86,8490.86,8490.86,9064.8,9064.8,9064.8,9064.8,10877.03,10877.03,10877.03,10877.03,15959.33,15959.33,15959.33,15959.33,21814.5,21814.5,21814.5,21814.5,24915.06,24915.06,24915.06,24915.06,26588.04,26588.04,26588.04,26588.04,32371.0,32371.0,32371.0,32371.0,32818.0,32818.0,32818.0,32818.0,37456.0,37456.0,37456.0,37456.0,53515.0,53515.0,53515.0,53515.0,55361.0,55361.0,55361.0,55361.0,53423.0,53423.0,53423.0,53423.0,53360.0,53360.0,53360.0,53360.0,52307.0,52307.0
OTHER ADDITIONAL INFORMATION,,,,,,,,,,,,,,,,,,,,,,,,,,,,,,,,,,,,,,,,,,,,,,,,,,,,,,,,,,,,,,,,,,,,,,,,,,,,,,,,,,
"CONTINGENT LIABILITIES, COMMITMENTS",,,,,,,,,,,,,,,,,,,,,,,,,,,,,,,,,,,,,,,,,,,,,,,,,,,,,,,,,,,,,,,,,,,,,,,,,,,,,,,,,,
Contingent Liabilities,205.15,205.15,205.15,205.15,511.56,511.56,511.56,511.56,331.01,331.01,331.01,331.01,418.65,418.65,418.65,418.65,469.36,469.36,469.36,469.36,3317.46,3317.46,3317.46,3317.46,2505.21,2505.21,2505.21,2505.21,2701.38,2701.38,2701.38,2701.38,3644.36,3644.36,3644.36,3644.36,4186.27,4186.27,4186.27,4186.27,3519.61,3519.61,3519.61,3519.61,1222.24,1222.24,1222.24,1222.24,259.91,259.91,259.91,259.91,408.0,408.0,408.0,408.0,202.0,202.0,202.0,202.0,263.0,263.0,263.0,263.0,318.0,318.0,318.0,318.0,200.0,200.0,200.0,200.0,305.0,305.0,305.0,305.0,93.0,93.0,93.0,93.0,135.0,135.0
CIF VALUE OF IMPORTS,,,,,,,,,,,,,,,,,,,,,,,,,,,,,,,,,,,,,,,,,,,,,,,,,,,,,,,,,,,,,,,,,,,,,,,,,,,,,,,,,,
Raw Materials,0.0,0.0,0.0,0.0,0.0,0.0,0.0,0.0,0.0,0.0,0.0,0.0,0.0,0.0,0.0,0.0,0.0,0.0,0.0,0.0,0.0,0.0,0.0,0.0,0.0,0.0,0.0,0.0,0.0,0.0,0.0,0.0,0.0,0.0,0.0,0.0,0.0,0.0,0.0,0.0,0.0,0.0,0.0,0.0,0.0,0.0,0.0,0.0,0.0,0.0,0.0,0.0,0.0,0.0,0.0,0.0,0.0,0.0,0.0,0.0,0.0,0.0,0.0,0.0,0.0,0.0,0.0,0.0,0.0,0.0,0.0,0.0,0.0,0.0,0.0,0.0,0.0,0.0,0.0,0.0,0.0,0.0
"Stores, Spares And Loose Tools",0.0,0.0,0.0,0.0,0.0,0.0,0.0,0.0,0.0,0.0,0.0,0.0,0.0,0.0,0.0,0.0,0.0,0.0,0.0,0.0,0.0,0.0,0.0,0.0,0.0,0.0,0.0,0.0,0.0,0.0,0.0,0.0,0.0,0.0,0.0,0.0,0.0,0.0,0.0,0.0,0.0,0.0,0.0,0.0,58.28,58.28,58.28,58.28,70.67,70.67,70.67,70.67,19.0,19.0,19.0,19.0,203.0,203.0,203.0,203.0,325.0,325.0,325.0,325.0,344.0,344.0,344.0,344.0,348.0,348.0,348.0,348.0,413.0,413.0,413.0,413.0,366.0,366.0,366.0,366.0,42.0,42.0
Trade/Other Goods,0.0,0.0,0.0,0.0,0.0,0.0,0.0,0.0,0.0,0.0,0.0,0.0,0.0,0.0,0.0,0.0,0.0,0.0,0.0,0.0,0.0,0.0,0.0,0.0,0.0,0.0,0.0,0.0,0.0,0.0,0.0,0.0,0.0,0.0,0.0,0.0,0.0,0.0,0.0,0.0,0.0,0.0,0.0,0.0,58.28,58.28,58.28,58.28,70.67,70.67,70.67,70.67,19.0,19.0,19.0,19.0,203.0,203.0,203.0,203.0,325.0,325.0,325.0,325.0,344.0,344.0,344.0,344.0,348.0,348.0,348.0,348.0,413.0,413.0,413.0,413.0,366.0,366.0,366.0,366.0,42.0,42.0
Capital Goods,15.44,15.44,15.44,15.44,29.08,29.08,29.08,29.08,64.88,64.88,64.88,64.88,50.84,50.84,50.84,50.84,67.78,67.78,67.78,67.78,108.03,108.03,108.03,108.03,114.91,114.91,114.91,114.91,193.06,193.06,193.06,193.06,200.28,200.28,200.28,200.28,133.95,133.95,133.95,133.95,138.25,138.25,138.25,138.25,142.75,142.75,142.75,142.75,95.14,95.14,95.14,95.14,209.0,209.0,209.0,209.0,2952.0,2952.0,2952.0,2952.0,1561.0,1561.0,1561.0,1561.0,163.0,163.0,163.0,163.0,175.0,175.0,175.0,175.0,107.0,107.0,107.0,107.0,0.0,0.0,0.0,0.0,0.0,0.0
EXPENDITURE IN FOREIGN EXCHANGE,,,,,,,,,,,,,,,,,,,,,,,,,,,,,,,,,,,,,,,,,,,,,,,,,,,,,,,,,,,,,,,,,,,,,,,,,,,,,,,,,,
Expenditure In Foreign Currency,371.14,371.14,371.14,371.14,427.22,427.22,427.22,427.22,758.0,758.0,758.0,758.0,913.58,913.58,913.58,913.58,1043.99,1043.99,1043.99,1043.99,702.29,702.29,702.29,702.29,688.5,688.5,688.5,688.5,579.73,579.73,579.73,579.73,884.04,884.04,884.04,884.04,1131.64,1131.64,1131.64,1131.64,1419.4,1419.4,1419.4,1419.4,1535.76,1535.76,1535.76,1535.76,1236.42,1236.42,1236.42,1236.42,2164.0,2164.0,2164.0,2164.0,2012.0,2012.0,2012.0,2012.0,4470.0,4470.0,4470.0,4470.0,6913.0,6913.0,6913.0,6913.0,6922.0,6922.0,6922.0,6922.0,6702.0,6702.0,6702.0,6702.0,6451.0,6451.0,6451.0,6451.0,6559.0,6559.0
REMITTANCES IN FOREIGN CURRENCIES FOR DIVIDENDS,,,,,,,,,,,,,,,,,,,,,,,,,,,,,,,,,,,,,,,,,,,,,,,,,,,,,,,,,,,,,,,,,,,,,,,,,,,,,,,,,,
Dividend Remittance In Foreign Currency,50.74,50.74,50.74,50.74,98.65,98.65,98.65,98.65,98.39,98.39,98.39,98.39,98.4,98.4,98.4,98.4,98.36,98.36,98.36,98.36,110.65,110.65,110.65,110.65,48.58,48.58,48.58,48.58,78.51,78.51,78.51,78.51,120.66,120.66,120.66,120.66,120.06,120.06,120.06,120.06,191.95,191.95,191.95,191.95,407.78,407.78,407.78,407.78,383.82,383.82,383.82,383.82,576.0,576.0,576.0,576.0,285.0,285.0,285.0,285.0,183.0,183.0,183.0,183.0,224.0,224.0,224.0,224.0,510.0,510.0,510.0,510.0,1786.0,1786.0,1786.0,1786.0,2041.0,2041.0,2041.0,2041.0,2210.0,2210.0
EARNINGS IN FOREIGN EXCHANGE,,,,,,,,,,,,,,,,,,,,,,,,,,,,,,,,,,,,,,,,,,,,,,,,,,,,,,,,,,,,,,,,,,,,,,,,,,,,,,,,,,
FOB Value Of Goods,1123.73,1123.73,1123.73,1123.73,1428.12,1428.12,1428.12,1428.12,2994.20,2994.20,2994.20,2994.20,3726.05,3726.05,3726.05,3726.05,4545.86,4545.86,4545.86,4545.86,4572.53,4572.53,4572.53,4572.53,4968.24,4968.24,4968.24,4968.24,5056.95,5056.95,5056.95,5056.95,8384.17,8384.17,8384.17,8384.17,11381.19,11381.19,11381.19,11381.19,14239.77,14239.77,14239.77,14239.77,14684.51,14684.51,14684.51,14684.51,--,--,--,--,--,--,--,--,--,--,--,--,--,--,--,--,--,--,--,--,--,--,--,--,--,--,--,--,--,--,--,--,--,--
Other Earnings,23.81,23.81,23.81,23.81,--,--,--,--,0.07,0.07,0.07,0.07,0.04,0.04,0.04,0.04,0.03,0.03,0.03,0.03,--,--,--,--,--,--,--,--,--,--,--,--,--,--,--,--,--,--,--,--,--,--,--,--,--,--,--,--,11625.13,11625.13,11625.13,11625.13,19545.00,19545.00,19545.00,19545.00,19275.00,19275.00,19275.00,19275.00,22892.00,22892.00,22892.00,22892.00,29195.00,29195.00,29195.00,29195.00,31907.00,31907.00,31907.00,31907.00,35935.00,35935.00,35935.00,35935.00,40884.00,40884.00,40884.00,40884.00,44927.00,44927.00
BONUS DETAILS,,,,,,,,,,,,,,,,,,,,,,,,,,,,,,,,,,,,,,,,,,,,,,,,,,,,,,,,,,,,,,,,,,,,,,,,,,,,,,,,,,
Bonus Equity Share Capital,16.6,16.6,16.6,16.6,16.6,16.6,16.6,16.6,16.6,16.6,16.6,16.6,81.69,81.69,81.69,81.69,81.69,81.69,81.69,81.69,81.69,81.69,81.69,81.69,81.69,81.69,81.69,81.69,81.69,81.69,81.69,81.69,81.69,81.69,81.69,81.69,81.69,81.69,81.69,81.69,81.69,81.69,81.69,81.69,222.26,222.26,222.26,222.26,222.26,222.26,222.26,222.26,222.26,222.26,222.26,222.26,216.8,216.8,216.8,216.8,211.34,211.34,211.34,211.34,482.74,482.74,482.74,482.74,482.74,482.74,482.74,482.74,482.74,482.74,482.74,482.74,482.74,482.74,482.74,482.74,482.74,482.74
NON-CURRENT INVESTMENTS,,,,,,,,,,,,,,,,,,,,,,,,,,,,,,,,,,,,,,,,,,,,,,,,,,,,,,,,,,,,,,,,,,,,,,,,,,,,,,,,,,
Non-Current Investments Quoted Market Value,173.04,173.04,173.04,173.04,33.26,33.26,33.26,33.26,10.11,10.11,10.11,10.11,--,--,--,--,--,--,--,--,--,--,--,--,--,--,--,--,91.80,91.80,91.80,91.80,91.54,91.54,91.54,91.54,48.42,48.42,48.42,48.42,--,--,--,--,--,--,--,--,--,--,--,--,--,--,--,--,260.00,260.00,260.00,260.00,--,--,--,--,--,--,--,--,--,--,--,--,--,--,--,--,--,--,--,--,--,--
Non-Current Investments Unquoted Book Value,2154.54,2154.54,2154.54,2154.54,2622.08,2622.08,2622.08,2622.08,1323.33,1323.33,1323.33,1323.33,1988.86,1988.86,1988.86,1988.86,1797.34,1797.34,1797.34,1797.34,562.75,562.75,562.75,562.75,2233.2,2233.2,2233.2,2233.2,2145.72,2145.72,2145.72,2145.72,2839.03,2839.03,2839.03,2839.03,3559.72,3559.72,3559.72,3559.72,3559.72,3559.72,3559.72,3559.72,3500.23,3500.23,3500.23,3500.23,3502.58,3502.58,3502.58,3502.58,3810.0,3810.0,3810.0,3810.0,3808.0,3808.0,3808.0,3808.0,3808.0,3808.0,3808.0,3808.0,4207.0,4207.0,4207.0,4207.0,5041.0,5041.0,5041.0,5041.0,5057.0,5057.0,5057.0,5057.0,5057.0,5057.0,5057.0,5057.0,5040.0,5040.0
CURRENT INVESTMENTS,,,,,,,,,,,,,,,,,,,,,,,,,,,,,,,,,,,,,,,,,,,,,,,,,,,,,,,,,,,,,,,,,,,,,,,,,,,,,,,,,,
Current Investments Quoted Market Value,--,--,--,--,--,--,--,--,--,--,--,--,--,--,--,--,--,--,--,--,--,--,--,--,--,--,--,--,--,--,--,--,--,--,--,--,43.94,43.94,43.94,43.94,--,--,--,--,--,--,--,--,--,--,--,--,--,--,--,--,--,--,--,--,1226.00,1226.00,1226.00,1226.00,3691.00,3691.00,3691.00,3691.00,5749.00,5749.00,5749.00,5749.00,3783.00,3783.00,3783.00,3783.00,3601.00,3601.00,3601.00,3601.00,3491.00,3491.00
Current Investments Unquoted Book Value,--,--,--,--,--,--,--,--,--,--,--,--,--,--,--,--,--,--,--,--,--,--,--,--,--,--,--,--,412.63,412.63,412.63,412.63,364.28,364.28,364.28,364.28,401.64,401.64,401.64,401.64,344.25,344.25,344.25,344.25,624.73,624.73,624.73,624.73,471.72,471.72,471.72,471.72,914.00,914.00,914.00,914.00,2130.00,2130.00,2130.00,2130.00,776.00,776.00,776.00,776.00,2977.00,2977.00,2977.00,2977.00,856.00,856.00,856.00,856.00,2256.00,2256.00,2256.00,2256.00,1501.00,1501.00,1501.00,1501.00,3310.00,3310.00
Net Profit/Loss Before Extraordinary Items And Tax,339.53,339.53,339.53,339.53,338.93,338.93,338.93,338.93,653.83,653.83,653.83,653.83,1177.69,1177.69,1177.69,1177.69,875.25,875.25,875.25,875.25,1193.92,1193.92,1193.92,1193.92,1152.82,1152.82,1152.82,1152.82,1289.88,1289.88,1289.88,1289.88,2360.74,2360.74,2360.74,2360.74,4451.2,4451.2,4451.2,4451.2,7397.66,7397.66,7397.66,7397.66,7698.54,7698.54,7698.54,7698.54,5781.55,5781.55,5781.55,5781.55,8276.0,8276.0,8276.0,8276.0,9125.0,9125.0,9125.0,9125.0,9931.0,9931.0,9931.0,9931.0,11177.0,11177.0,11177.0,11177.0,12410.0,12410.0,12410.0,12410.0,13268.0,13268.0,13268.0,13268.0,14716.0,14716.0,14716.0,14716.0,15456.0,15456.0
Net CashFlow From Operating Activities,598.16,598.16,598.16,598.16,265.74,265.74,265.74,265.74,774.04,774.04,774.04,774.04,997.93,997.93,997.93,997.93,1056.84,1056.84,1056.84,1056.84,587.94,587.94,587.94,587.94,739.26,739.26,739.26,739.26,1519.39,1519.39,1519.39,1519.39,2160.1,2160.1,2160.1,2160.1,4170.15,4170.15,4170.15,4170.15,6147.22,6147.22,6147.22,6147.22,5335.67,5335.67,5335.67,5335.67,3154.3,3154.3,3154.3,3154.3,6995.0,6995.0,6995.0,6995.0,6339.0,6339.0,6339.0,6339.0,8676.0,8676.0,8676.0,8676.0,9855.0,9855.0,9855.0,9855.0,15765.0,15765.0,15765.0,15765.0,10591.0,10591.0,10591.0,10591.0,13538.0,13538.0,13538.0,13538.0,15282.0,15282.0
Net Cash Used In Investing Activities,-391.35,-391.35,-391.35,-391.35,239.51,239.51,239.51,239.51,-133.33,-133.33,-133.33,-133.33,-341.46,-341.46,-341.46,-341.46,-148.53,-148.53,-148.53,-148.53,306.83,306.83,306.83,306.83,-1399.11,-1399.11,-1399.11,-1399.11,-535.03,-535.03,-535.03,-535.03,-1342.76,-1342.76,-1342.76,-1342.76,-2985.48,-2985.48,-2985.48,-2985.48,-4655.54,-4655.54,-4655.54,-4655.54,-1763.04,-1763.04,-1763.04,-1763.04,-770.52,-770.52,-770.52,-770.52,-2643.0,-2643.0,-2643.0,-2643.0,-973.0,-973.0,-973.0,-973.0,995.0,995.0,995.0,995.0,-11091.0,-11091.0,-11091.0,-11091.0,-4548.0,-4548.0,-4548.0,-4548.0,2232.0,2232.0,2232.0,2232.0,-798.0,-798.0,-798.0,-798.0,-2331.0,-2331.0
Net Cash Used From Financing Activities,-171.35,-171.35,-171.35,-171.35,-493.71,-493.71,-493.71,-493.71,-641.79,-641.79,-641.79,-641.79,-381.57,-381.57,-381.57,-381.57,-602.26,-602.26,-602.26,-602.26,-215.82,-215.82,-215.82,-215.82,583.38,583.38,583.38,583.38,-882.58,-882.58,-882.58,-882.58,-837.12,-837.12,-837.12,-837.12,-1175.37,-1175.37,-1175.37,-1175.37,-1397.67,-1397.67,-1397.67,-1397.67,-3360.21,-3360.21,-3360.21,-3360.21,-2698.98,-2698.98,-2698.98,-2698.98,-4112.0,-4112.0,-4112.0,-4112.0,-5547.0,-5547.0,-5547.0,-5547.0,-5335.0,-5335.0,-5335.0,-5335.0,-1988.0,-1988.0,-1988.0,-1988.0,-9649.0,-9649.0,-9649.0,-9649.0,-12775.0,-12775.0,-12775.0,-12775.0,-13267.0,-13267.0,-13267.0,-13267.0,-14480.0,-14480.0
Foreign Exchange Gains / Losses,0.2,0.2,0.2,0.2,0.0,0.0,0.0,0.0,0.0,0.0,0.0,0.0,0.18,0.18,0.18,0.18,0.11,0.11,0.11,0.11,0.0,0.0,0.0,0.0,-2.69,-2.69,-2.69,-2.69,1.08,1.08,1.08,1.08,-13.23,-13.23,-13.23,-13.23,-9.78,-9.78,-9.78,-9.78,-9.09,-9.09,-9.09,-9.09,-20.42,-20.42,-20.42,-20.42,7.64,7.64,7.64,7.64,-13.0,-13.0,-13.0,-13.0,39.0,39.0,39.0,39.0,-23.0,-23.0,-23.0,-23.0,-8.0,-8.0,-8.0,-8.0,14.0,14.0,14.0,14.0,-17.0,-17.0,-17.0,-17.0,-6.0,-6.0,-6.0,-6.0,-8.0,-8.0
Adjustments On Amalgamation Merger Demerger Others,0.0,0.0,0.0,0.0,0.0,0.0,0.0,0.0,0.0,0.0,0.0,0.0,0.0,0.0,0.0,0.0,0.0,0.0,0.0,0.0,0.0,0.0,0.0,0.0,0.0,0.0,0.0,0.0,0.0,0.0,0.0,0.0,0.0,0.0,0.0,0.0,21.6,21.6,21.6,21.6,0.0,0.0,0.0,0.0,0.0,0.0,0.0,0.0,0.0,0.0,0.0,0.0,0.0,0.0,0.0,0.0,0.0,0.0,0.0,0.0,0.0,0.0,0.0,0.0,0.0,0.0,0.0,0.0,0.0,0.0,0.0,0.0,0.0,0.0,0.0,0.0,0.0,0.0,0.0,0.0,0.0,0.0
Net Inc/Dec In Cash And Cash Equivalents,35.26,35.26,35.26,35.26,11.54,11.54,11.54,11.54,-1.08,-1.08,-1.08,-1.08,274.9,274.9,274.9,274.9,305.94,305.94,305.94,305.94,678.95,678.95,678.95,678.95,-79.16,-79.16,-79.16,-79.16,102.86,102.86,102.86,102.86,-33.01,-33.01,-33.01,-33.01,21.12,21.12,21.12,21.12,84.92,84.92,84.92,84.92,192.0,192.0,192.0,192.0,-307.56,-307.56,-307.56,-307.56,227.0,227.0,227.0,227.0,-142.0,-142.0,-142.0,-142.0,4313.0,4313.0,4313.0,4313.0,-3232.0,-3232.0,-3232.0,-3232.0,1582.0,1582.0,1582.0,1582.0,31.0,31.0,31.0,31.0,-533.0,-533.0,-533.0,-533.0,-1537.0,-1537.0
Cash And Cash Equivalents Begin of Year,37.12,37.12,37.12,37.12,72.99,72.99,72.99,72.99,107.3,107.3,107.3,107.3,106.22,106.22,106.22,106.22,380.94,380.94,380.94,380.94,686.88,686.88,686.88,686.88,144.0,144.0,144.0,144.0,64.84,64.84,64.84,64.84,167.7,167.7,167.7,167.7,134.69,134.69,134.69,134.69,155.81,155.81,155.81,155.81,240.73,240.73,240.73,240.73,432.73,432.73,432.73,432.73,125.0,125.0,125.0,125.0,352.0,352.0,352.0,352.0,210.0,210.0,210.0,210.0,4523.0,4523.0,4523.0,4523.0,1294.0,1294.0,1294.0,1294.0,2876.0,2876.0,2876.0,2876.0,2907.0,2907.0,2907.0,2907.0,2374.0,2374.0
Cash And Cash Equivalents End Of Year,72.78,72.78,72.78,72.78,84.53,84.53,84.53,84.53,106.22,106.22,106.22,106.22,380.94,380.94,380.94,380.94,686.88,686.88,686.88,686.88,1365.83,1365.83,1365.83,1365.83,64.84,64.84,64.84,64.84,167.7,167.7,167.7,167.7,134.69,134.69,134.69,134.69,155.81,155.81,155.81,155.81,240.73,240.73,240.73,240.73,432.73,432.73,432.73,432.73,125.17,125.17,125.17,125.17,352.0,352.0,352.0,352.0,210.0,210.0,210.0,210.0,4523.0,4523.0,4523.0,4523.0,1291.0,1291.0,1291.0,1291.0,2876.0,2876.0,2876.0,2876.0,2907.0,2907.0,2907.0,2907.0,2374.0,2374.0,2374.0,2374.0,837.0,837.0
Key Financial Ratios of HCL Technologies (in Rs. Cr.),Jun 04,Jun 04,Jun 04,Jun 04,Jun 05,Jun 05,Jun 05,Jun 05,Jun 06,Jun 06,Jun 06,Jun 06,Jun 07,Jun 07,Jun 07,Jun 07,Jun 08,Jun 08,Jun 08,Jun 08,Jun 09,Jun 09,Jun 09,Jun 09,Jun 10,Jun 10,Jun 10,Jun 10,Jun 11,Jun 11,Jun 11,Jun 11,Jun 12,Jun 12,Jun 12,Jun 12,Jun 13,Jun 13,Jun 13,Jun 13,Jun 14,Jun 14,Jun 14,Jun 14,Jun 15,Jun 15,Jun 15,Jun 15,Mar 16,Mar 16,Mar 16,Mar 16,Mar 17,Mar 17,Mar 17,Mar 17,Mar 18,Mar 18,Mar 18,Mar 18,Mar 19,Mar 19,Mar 19,Mar 19,Mar 20,Mar 20,Mar 20,Mar 20,Mar 21,Mar 21,Mar 21,Mar 21,Mar 22,Mar 22,Mar 22,Mar 22,Mar 23,Mar 23,Mar 23,Mar 23,Mar 24,Mar 24
Per Share Ratios,,,,,,,,,,,,,,,,,,,,,,,,,,,,,,,,,,,,,,,,,,,,,,,,,,,,,,,,,,,,,,,,,,,,,,,,,,,,,,,,,,
Basic EPS (Rs.),11.00,11.00,11.00,11.00,10.32,10.32,10.32,10.32,19.74,19.74,19.74,19.74,16.60,16.60,16.60,16.60,11.72,11.72,11.72,11.72,14.88,14.88,14.88,14.88,15.56,15.56,15.56,15.56,17.53,17.53,17.53,17.53,28.23,28.23,28.23,28.23,53.32,53.32,53.32,53.32,85.66,85.66,85.66,85.66,45.17,45.17,45.17,45.17,33.52,33.52,33.52,33.52,48.18,48.18,48.18,48.18,52.54,52.54,52.54,52.54,59.69,59.69,59.69,59.69,33.06,33.06,33.06,33.06,32.22,32.22,32.22,32.22,40.10,40.10,40.10,40.10,42.32,42.32,42.32,42.32,43.11,43.11
Diluted EPS (Rs.),11.00,11.00,11.00,11.00,10.32,10.32,10.32,10.32,19.74,19.74,19.74,19.74,16.60,16.60,16.60,16.60,11.72,11.72,11.72,11.72,14.88,14.88,14.88,14.88,15.56,15.56,15.56,15.56,17.18,17.18,17.18,17.18,27.72,27.72,27.72,27.72,52.45,52.45,52.45,52.45,84.51,84.51,84.51,84.51,44.91,44.91,44.91,44.91,33.43,33.43,33.43,33.43,48.13,48.13,48.13,48.13,52.50,52.50,52.50,52.50,59.66,59.66,59.66,59.66,33.05,33.05,33.05,33.05,32.22,32.22,32.22,32.22,40.09,40.09,40.09,40.09,42.27,42.27,42.27,42.27,43.02,43.02
Cash EPS (Rs.),13.01,13.01,13.01,13.01,12.43,12.43,12.43,12.43,24.03,24.03,24.03,24.03,19.29,19.29,19.29,19.29,14.98,14.98,14.98,14.98,18.64,18.64,18.64,18.64,19.60,19.60,19.60,19.60,21.63,21.63,21.63,21.63,33.23,33.23,33.23,33.23,59.51,59.51,59.51,59.51,92.50,92.50,92.50,92.50,47.27,47.27,47.27,47.27,35.42,35.42,35.42,35.42,51.59,51.59,51.59,51.59,59.39,59.39,59.39,59.39,69.82,69.82,69.82,69.82,40.22,40.22,40.22,40.22,42.56,42.56,42.56,42.56,49.68,49.68,49.68,49.68,51.16,51.16,51.16,51.16,51.73,51.73
Book Value [ExclRevalReserve]/Share (Rs.),77.38,77.38,77.38,77.38,89.60,89.60,89.60,89.60,79.64,79.64,79.64,79.64,51.60,51.60,51.60,51.60,48.22,48.22,48.22,48.22,52.04,52.04,52.04,52.04,72.68,72.68,72.68,72.68,85.06,85.06,85.06,85.06,95.25,95.25,95.25,95.25,146.84,146.84,146.84,146.84,224.94,224.94,224.94,224.94,138.02,138.02,138.02,138.02,152.41,152.41,152.41,152.41,182.27,182.27,182.27,182.27,198.29,198.29,198.29,198.29,224.64,224.64,224.64,224.64,137.37,137.37,137.37,137.37,160.42,160.42,160.42,160.42,156.87,156.87,156.87,156.87,151.40,151.40,151.40,151.40,145.38,145.38
Book Value [InclRevalReserve]/Share (Rs.),77.38,77.38,77.38,77.38,89.60,89.60,89.60,89.60,79.64,79.64,79.64,79.64,51.60,51.60,51.60,51.60,48.22,48.22,48.22,48.22,52.04,52.04,52.04,52.04,72.68,72.68,72.68,72.68,85.06,85.06,85.06,85.06,95.25,95.25,95.25,95.25,146.84,146.84,146.84,146.84,224.94,224.94,224.94,224.94,138.02,138.02,138.02,138.02,152.41,152.41,152.41,152.41,182.27,182.27,182.27,182.27,198.29,198.29,198.29,198.29,224.64,224.64,224.64,224.64,137.37,137.37,137.37,137.37,160.42,160.42,160.42,160.42,156.87,156.87,156.87,156.87,151.40,151.40,151.40,151.40,145.38,145.38
Dividend / Share(Rs.),10.00,10.00,10.00,10.00,16.00,16.00,16.00,16.00,16.00,16.00,16.00,16.00,8.00,8.00,8.00,8.00,9.00,9.00,9.00,9.00,7.00,7.00,7.00,7.00,4.00,4.00,4.00,4.00,7.50,7.50,7.50,7.50,12.00,12.00,12.00,12.00,12.00,12.00,12.00,12.00,10.00,10.00,10.00,10.00,30.00,30.00,30.00,30.00,16.00,16.00,16.00,16.00,24.00,24.00,24.00,24.00,12.00,12.00,12.00,12.00,8.00,8.00,8.00,8.00,10.00,10.00,10.00,10.00,10.00,10.00,10.00,10.00,42.00,42.00,42.00,42.00,48.00,48.00,48.00,48.00,52.00,52.00
Revenue from Operations/Share (Rs.),38.09,38.09,38.09,38.09,45.33,45.33,45.33,45.33,93.77,93.77,93.77,93.77,56.78,56.78,56.78,56.78,69.26,69.26,69.26,69.26,69.75,69.75,69.75,69.75,74.82,74.82,74.82,74.82,98.66,98.66,98.66,98.66,128.48,128.48,128.48,128.48,179.63,179.63,179.63,179.63,235.68,235.68,235.68,235.68,122.00,122.00,122.00,122.00,95.25,95.25,95.25,95.25,135.56,135.56,135.56,135.56,158.80,158.80,158.80,158.80,191.97,191.97,191.97,191.97,120.10,120.10,120.10,120.10,131.39,131.39,131.39,131.39,149.68,149.68,149.68,149.68,170.45,170.45,170.45,170.45,177.23,177.23
PBDIT/Share (Rs.),13.55,13.55,13.55,13.55,12.90,12.90,12.90,12.90,24.84,24.84,24.84,24.84,20.60,20.60,20.60,20.60,16.66,16.66,16.66,16.66,21.95,21.95,21.95,21.95,22.46,22.46,22.46,22.46,24.43,24.43,24.43,24.43,40.55,40.55,40.55,40.55,71.31,71.31,71.31,71.31,113.86,113.86,113.86,113.86,57.32,57.32,57.32,57.32,43.28,43.28,43.28,43.28,61.82,61.82,61.82,61.82,72.24,72.24,72.24,72.24,82.83,82.83,82.83,82.83,49.23,49.23,49.23,49.23,56.72,56.72,56.72,56.72,58.90,58.90,58.90,58.90,63.62,63.62,63.62,63.62,66.12,66.12
PBIT/Share (Rs.),11.63,11.63,11.63,11.63,10.78,10.78,10.78,10.78,20.55,20.55,20.55,20.55,17.91,17.91,17.91,17.91,13.39,13.39,13.39,13.39,18.19,18.19,18.19,18.19,18.42,18.42,18.42,18.42,20.20,20.20,20.20,20.20,35.45,35.45,35.45,35.45,64.97,64.97,64.97,64.97,106.85,106.85,106.85,106.85,55.19,55.19,55.19,55.19,41.32,41.32,41.32,41.32,58.46,58.46,58.46,58.46,65.81,65.81,65.81,65.81,73.41,73.41,73.41,73.41,42.04,42.04,42.04,42.04,46.36,46.36,46.36,46.36,49.27,49.27,49.27,49.27,54.67,54.67,54.67,54.67,57.39,57.39
PBT/Share (Rs.),11.47,11.47,11.47,11.47,10.62,10.62,10.62,10.62,20.21,20.21,20.21,20.21,17.74,17.74,17.74,17.74,13.13,13.13,13.13,13.13,17.81,17.81,17.81,17.81,16.98,16.98,16.98,16.98,18.73,18.73,18.73,18.73,34.05,34.05,34.05,34.05,65.22,65.22,65.22,65.22,105.68,105.68,105.68,105.68,54.75,54.75,54.75,54.75,40.99,40.99,40.99,40.99,58.08,58.08,58.08,58.08,65.65,65.65,65.65,65.65,73.29,73.29,73.29,73.29,41.17,41.17,41.17,41.17,45.71,45.71,45.71,45.71,48.87,48.87,48.87,48.87,54.20,54.20,54.20,54.20,56.93,56.93
Net Profit/Share (Rs.),11.00,11.00,11.00,11.00,10.32,10.32,10.32,10.32,19.74,19.74,19.74,19.74,16.60,16.60,16.60,16.60,11.72,11.72,11.72,11.72,14.88,14.88,14.88,14.88,15.56,15.56,15.56,15.56,17.40,17.40,17.40,17.40,28.13,28.13,28.13,28.13,53.16,53.16,53.16,53.16,85.49,85.49,85.49,85.49,45.13,45.13,45.13,45.13,33.46,33.46,33.46,33.46,48.23,48.23,48.23,48.23,52.96,52.96,52.96,52.96,60.41,60.41,60.41,60.41,33.03,33.03,33.03,33.03,32.20,32.20,32.20,32.20,40.05,40.05,40.05,40.05,42.21,42.21,42.21,42.21,43.00,43.00
Profitability Ratios,,,,,,,,,,,,,,,,,,,,,,,,,,,,,,,,,,,,,,,,,,,,,,,,,,,,,,,,,,,,,,,,,,,,,,,,,,,,,,,,,,
PBDIT Margin (%),35.57,35.57,35.57,35.57,28.44,28.44,28.44,28.44,26.49,26.49,26.49,26.49,36.27,36.27,36.27,36.27,24.05,24.05,24.05,24.05,31.46,31.46,31.46,31.46,30.01,30.01,30.01,30.01,24.76,24.76,24.76,24.76,31.55,31.55,31.55,31.55,39.69,39.69,39.69,39.69,48.31,48.31,48.31,48.31,46.98,46.98,46.98,46.98,45.43,45.43,45.43,45.43,45.59,45.59,45.59,45.59,45.48,45.48,45.48,45.48,43.14,43.14,43.14,43.14,40.99,40.99,40.99,40.99,43.16,43.16,43.16,43.16,39.35,39.35,39.35,39.35,37.32,37.32,37.32,37.32,37.30,37.30
PBIT Margin (%),30.52,30.52,30.52,30.52,23.77,23.77,23.77,23.77,21.91,21.91,21.91,21.91,31.54,31.54,31.54,31.54,19.33,19.33,19.33,19.33,26.08,26.08,26.08,26.08,24.62,24.62,24.62,24.62,20.47,20.47,20.47,20.47,27.59,27.59,27.59,27.59,36.16,36.16,36.16,36.16,45.33,45.33,45.33,45.33,45.23,45.23,45.23,45.23,43.37,43.37,43.37,43.37,43.12,43.12,43.12,43.12,41.44,41.44,41.44,41.44,38.24,38.24,38.24,38.24,35.00,35.00,35.00,35.00,35.28,35.28,35.28,35.28,32.91,32.91,32.91,32.91,32.07,32.07,32.07,32.07,32.38,32.38
PBT Margin (%),30.10,30.10,30.10,30.10,23.42,23.42,23.42,23.42,21.55,21.55,21.55,21.55,31.24,31.24,31.24,31.24,18.96,18.96,18.96,18.96,25.53,25.53,25.53,25.53,22.69,22.69,22.69,22.69,18.98,18.98,18.98,18.98,26.50,26.50,26.50,26.50,36.30,36.30,36.30,36.30,44.84,44.84,44.84,44.84,44.88,44.88,44.88,44.88,43.03,43.03,43.03,43.03,42.84,42.84,42.84,42.84,41.34,41.34,41.34,41.34,38.17,38.17,38.17,38.17,34.27,34.27,34.27,34.27,34.78,34.78,34.78,34.78,32.64,32.64,32.64,32.64,31.80,31.80,31.80,31.80,32.12,32.12
Net Profit Margin (%),28.87,28.87,28.87,28.87,22.75,22.75,22.75,22.75,21.04,21.04,21.04,21.04,29.23,29.23,29.23,29.23,16.91,16.91,16.91,16.91,21.33,21.33,21.33,21.33,20.79,20.79,20.79,20.79,17.63,17.63,17.63,17.63,21.89,21.89,21.89,21.89,29.59,29.59,29.59,29.59,36.27,36.27,36.27,36.27,36.99,36.99,36.99,36.99,35.12,35.12,35.12,35.12,35.57,35.57,35.57,35.57,33.35,33.35,33.35,33.35,31.46,31.46,31.46,31.46,27.50,27.50,27.50,27.50,24.50,24.50,24.50,24.50,26.75,26.75,26.75,26.75,24.76,24.76,24.76,24.76,24.26,24.26
Return on Networth / Equity (%),14.21,14.21,14.21,14.21,11.51,11.51,11.51,11.51,24.78,24.78,24.78,24.78,32.16,32.16,32.16,32.16,24.29,24.29,24.29,24.29,28.59,28.59,28.59,28.59,21.40,21.40,21.40,21.40,20.45,20.45,20.45,20.45,29.53,29.53,29.53,29.53,36.20,36.20,36.20,36.20,38.00,38.00,38.00,38.00,32.70,32.70,32.70,32.70,21.95,21.95,21.95,21.95,26.46,26.46,26.46,26.46,26.70,26.70,26.70,26.70,26.88,26.88,26.88,26.88,24.04,24.04,24.04,24.04,20.07,20.07,20.07,20.07,25.53,25.53,25.53,25.53,27.87,27.87,27.87,27.87,29.57,29.57
Return on Capital Employed (%),13.63,13.63,13.63,13.63,11.13,11.13,11.13,11.13,24.64,24.64,24.64,24.64,31.79,31.79,31.79,31.79,24.09,24.09,24.09,24.09,28.36,28.36,28.36,28.36,17.69,17.69,17.69,17.69,17.36,17.36,17.36,17.36,25.51,25.51,25.51,25.51,32.57,32.57,32.57,32.57,36.33,36.33,36.33,36.33,31.86,31.86,31.86,31.86,21.37,21.37,21.37,21.37,31.49,31.49,31.49,31.49,32.52,32.52,32.52,32.52,32.00,32.00,32.00,32.00,28.84,28.84,28.84,28.84,27.76,27.76,27.76,27.76,30.14,30.14,30.14,30.14,34.76,34.76,34.76,34.76,37.23,37.23
Return on Assets (%),10.96,10.96,10.96,10.96,9.03,9.03,9.03,9.03,17.13,17.13,17.13,17.13,22.48,22.48,22.48,22.48,13.47,13.47,13.47,13.47,15.11,15.11,15.11,15.11,12.43,12.43,12.43,12.43,13.21,13.21,13.21,13.21,17.93,17.93,17.93,17.93,23.21,23.21,23.21,23.21,27.43,27.43,27.43,27.43,25.47,25.47,25.47,25.47,17.74,17.74,17.74,17.74,21.23,21.23,21.23,21.23,22.43,22.43,22.43,22.43,21.85,21.85,21.85,21.85,16.75,16.75,16.75,16.75,15.79,15.79,15.79,15.79,20.35,20.35,20.35,20.35,21.47,21.47,21.47,21.47,22.31,22.31
Total Debt/Equity (X),0.04,0.04,0.04,0.04,0.03,0.03,0.03,0.03,0.01,0.01,0.01,0.01,0.01,0.01,0.01,0.01,0.01,0.01,0.01,0.01,0.15,0.15,0.15,0.15,0.28,0.28,0.28,0.28,0.14,0.14,0.14,0.14,0.11,0.11,0.11,0.11,0.06,0.06,0.06,0.06,0.00,0.00,0.00,0.00,0.00,0.00,0.00,0.00,0.00,0.00,0.00,0.00,0.00,0.00,0.00,0.00,0.00,0.00,0.00,0.00,0.00,0.00,0.00,0.00,0.00,0.00,0.00,0.00,0.00,0.00,0.00,0.00,0.01,0.01,0.01,0.01,0.00,0.00,0.00,0.00,0.00,0.00
Asset Turnover Ratio (%),37.97,37.97,37.97,37.97,39.71,39.71,39.71,39.71,81.40,81.40,81.40,81.40,76.91,76.91,76.91,76.91,79.67,79.67,79.67,79.67,70.86,70.86,70.86,70.86,59.81,59.81,59.81,59.81,74.95,74.95,74.95,74.95,81.89,81.89,81.89,81.89,78.43,78.43,78.43,78.43,75.62,75.62,75.62,75.62,68.84,68.84,68.84,68.84,50.52,50.52,50.52,50.52,59.67,59.67,59.67,59.67,67.25,67.25,67.25,67.25,69.44,69.44,69.44,69.44,60.92,60.92,60.92,60.92,64.43,64.43,64.43,64.43,0.75,0.75,0.75,0.75,0.87,0.87,0.87,0.87,0.91,0.91
Liquidity Ratios,,,,,,,,,,,,,,,,,,,,,,,,,,,,,,,,,,,,,,,,,,,,,,,,,,,,,,,,,,,,,,,,,,,,,,,,,,,,,,,,,,
Current Ratio (X),0.67,0.67,0.67,0.67,0.80,0.80,0.80,0.80,0.98,0.98,0.98,0.98,1.39,1.39,1.39,1.39,1.06,1.06,1.06,1.06,1.47,1.47,1.47,1.47,1.87,1.87,1.87,1.87,1.91,1.91,1.91,1.91,1.45,1.45,1.45,1.45,1.88,1.88,1.88,1.88,2.62,2.62,2.62,2.62,3.23,3.23,3.23,3.23,3.91,3.91,3.91,3.91,3.06,3.06,3.06,3.06,3.29,3.29,3.29,3.29,2.93,2.93,2.93,2.93,1.69,1.69,1.69,1.69,2.77,2.77,2.77,2.77,2.97,2.97,2.97,2.97,2.68,2.68,2.68,2.68,2.82,2.82
Quick Ratio (X),0.67,0.67,0.67,0.67,0.80,0.80,0.80,0.80,0.98,0.98,0.98,0.98,1.39,1.39,1.39,1.39,1.06,1.06,1.06,1.06,1.44,1.44,1.44,1.44,1.87,1.87,1.87,1.87,1.85,1.85,1.85,1.85,1.42,1.42,1.42,1.42,1.86,1.86,1.86,1.86,2.62,2.62,2.62,2.62,3.22,3.22,3.22,3.22,3.88,3.88,3.88,3.88,3.05,3.05,3.05,3.05,3.28,3.28,3.28,3.28,2.93,2.93,2.93,2.93,1.69,1.69,1.69,1.69,2.76,2.76,2.76,2.76,2.97,2.97,2.97,2.97,2.68,2.68,2.68,2.68,2.82,2.82
Inventory Turnover Ratio (X),0.00,0.00,0.00,0.00,0.00,0.00,0.00,0.00,0.00,0.00,0.00,0.00,0.00,0.00,0.00,0.00,0.00,0.00,0.00,0.00,53.73,53.73,53.73,53.73,421.82,421.82,421.82,421.82,54.37,54.37,54.37,54.37,89.08,89.08,89.08,89.08,152.95,152.95,152.95,152.95,1061.61,1061.61,1061.61,1061.61,205.06,205.06,205.06,205.06,104.50,104.50,104.50,104.50,214.64,214.64,214.64,214.64,551.83,551.83,551.83,551.83,1445.11,1445.11,1445.11,1445.11,2329.00,2329.00,2329.00,2329.00,1981.83,1981.83,1981.83,1981.83,0.00,0.00,0.00,0.00,0.00,0.00,0.00,0.00,0.00,0.00
Dividend Payout Ratio (NP) (%),90.82,90.82,90.82,90.82,152.38,152.38,152.38,152.38,80.84,80.84,80.84,80.84,47.70,47.70,47.70,47.70,76.67,76.67,76.67,76.67,47.08,47.08,47.08,47.08,25.58,25.58,25.58,25.58,42.93,42.93,42.93,42.93,42.58,42.58,42.58,42.58,22.54,22.54,22.54,22.54,11.70,11.70,11.70,11.70,37.59,37.59,37.59,37.59,57.16,57.16,57.16,57.16,49.26,49.26,49.26,49.26,22.98,22.98,22.98,22.98,13.42,13.42,13.42,13.42,15.12,15.12,15.12,15.12,37.25,37.25,37.25,37.25,104.75,104.75,104.75,104.75,113.40,113.40,113.40,113.40,120.60,120.60
Dividend Payout Ratio (CP) (%),76.82,76.82,76.82,76.82,126.43,126.43,126.43,126.43,66.40,66.40,66.40,66.40,41.06,41.06,41.06,41.06,59.94,59.94,59.94,59.94,37.59,37.59,37.59,37.59,20.31,20.31,20.31,20.31,34.53,34.53,34.53,34.53,36.05,36.05,36.05,36.05,20.14,20.14,20.14,20.14,10.81,10.81,10.81,10.81,35.89,35.89,35.89,35.89,53.99,53.99,53.99,53.99,46.06,46.06,46.06,46.06,20.49,20.49,20.49,20.49,11.61,11.61,11.61,11.61,12.42,12.42,12.42,12.42,28.18,28.18,28.18,28.18,84.44,84.44,84.44,84.44,93.55,93.55,93.55,93.55,100.24,100.24
Earnings Retention Ratio (%),9.18,9.18,9.18,9.18,-52.38,-52.38,-52.38,-52.38,19.16,19.16,19.16,19.16,52.30,52.30,52.30,52.30,23.33,23.33,23.33,23.33,52.92,52.92,52.92,52.92,74.42,74.42,74.42,74.42,57.07,57.07,57.07,57.07,57.42,57.42,57.42,57.42,77.46,77.46,77.46,77.46,88.30,88.30,88.30,88.30,62.41,62.41,62.41,62.41,42.84,42.84,42.84,42.84,50.74,50.74,50.74,50.74,77.02,77.02,77.02,77.02,86.58,86.58,86.58,86.58,84.88,84.88,84.88,84.88,62.75,62.75,62.75,62.75,-4.75,-4.75,-4.75,-4.75,-13.40,-13.40,-13.40,-13.40,-20.60,-20.60
Cash Earnings Retention Ratio (%),23.18,23.18,23.18,23.18,-26.43,-26.43,-26.43,-26.43,33.60,33.60,33.60,33.60,58.94,58.94,58.94,58.94,40.06,40.06,40.06,40.06,62.41,62.41,62.41,62.41,79.69,79.69,79.69,79.69,65.47,65.47,65.47,65.47,63.95,63.95,63.95,63.95,79.86,79.86,79.86,79.86,89.19,89.19,89.19,89.19,64.11,64.11,64.11,64.11,46.01,46.01,46.01,46.01,53.94,53.94,53.94,53.94,79.51,79.51,79.51,79.51,88.39,88.39,88.39,88.39,87.58,87.58,87.58,87.58,71.82,71.82,71.82,71.82,15.56,15.56,15.56,15.56,6.45,6.45,6.45,6.45,-0.24,-0.24
Valuation Ratios,,,,,,,,,,,,,,,,,,,,,,,,,,,,,,,,,,,,,,,,,,,,,,,,,,,,,,,,,,,,,,,,,,,,,,,,,,,,,,,,,,
Enterprise Value (Cr.),8855.15,8855.15,8855.15,8855.15,12425.85,12425.85,12425.85,12425.85,16147.58,16147.58,16147.58,16147.58,22491.23,22491.23,22491.23,22491.23,16043.84,16043.84,16043.84,16043.84,11594.44,11594.44,11594.44,11594.44,25177.37,25177.37,25177.37,25177.37,33877.60,33877.60,33877.60,33877.60,32672.62,32672.62,32672.62,32672.62,51888.84,51888.84,51888.84,51888.84,96904.12,96904.12,96904.12,96904.12,120697.44,120697.44,120697.44,120697.44,106192.95,106192.95,106192.95,106192.95,116478.63,116478.63,116478.63,116478.63,132468.50,132468.50,132468.50,132468.50,141183.00,141183.00,141183.00,141183.00,117446.63,117446.63,117446.63,117446.63,262157.68,262157.68,262157.68,262157.68,311226.53,311226.53,311226.53,311226.53,288863.30,288863.30,288863.30,288863.30,411429.95,411429.95
EV/Net Operating Revenue (X),7.85,7.85,7.85,7.85,8.59,8.59,8.59,8.59,5.32,5.32,5.32,5.32,5.97,5.97,5.97,5.97,3.48,3.48,3.48,3.48,2.48,2.48,2.48,2.48,4.96,4.96,4.96,4.96,4.99,4.99,4.99,4.99,3.67,3.67,3.67,3.67,4.15,4.15,4.15,4.15,5.87,5.87,5.87,5.87,7.04,7.04,7.04,7.04,7.90,7.90,7.90,7.90,6.03,6.03,6.03,6.03,6.00,6.00,6.00,6.00,5.43,5.43,5.43,5.43,3.60,3.60,3.60,3.60,7.35,7.35,7.35,7.35,7.66,7.66,7.66,7.66,6.24,6.24,6.24,6.24,8.55,8.55
EV/EBITDA (X),22.07,22.07,22.07,22.07,30.19,30.19,30.19,30.19,20.10,20.10,20.10,20.10,16.45,16.45,16.45,16.45,14.45,14.45,14.45,14.45,7.88,7.88,7.88,7.88,16.51,16.51,16.51,16.51,20.13,20.13,20.13,20.13,11.62,11.62,11.62,11.62,10.44,10.44,10.44,10.44,12.16,12.16,12.16,12.16,14.98,14.98,14.98,14.98,17.40,17.40,17.40,17.40,13.22,13.22,13.22,13.22,13.19,13.19,13.19,13.19,12.58,12.58,12.58,12.58,8.79,8.79,8.79,8.79,17.02,17.02,17.02,17.02,19.46,19.46,19.46,19.46,16.72,16.72,16.72,16.72,22.92,22.92
MarketCap/Net Operating Revenue (X),7.83,7.83,7.83,7.83,8.58,8.58,8.58,8.58,5.35,5.35,5.35,5.35,6.06,6.06,6.06,6.06,3.62,3.62,3.62,3.62,2.66,2.66,2.66,2.66,4.88,4.88,4.88,4.88,5.00,5.00,5.00,5.00,3.71,3.71,3.71,3.71,4.32,4.32,4.32,4.32,6.35,6.35,6.35,6.35,7.55,7.55,7.55,7.55,8.55,8.55,8.55,8.55,6.44,6.44,6.44,6.44,6.11,6.11,6.11,6.11,5.67,5.67,5.67,5.67,3.64,3.64,3.64,3.64,7.48,7.48,7.48,7.48,7.77,7.77,7.77,7.77,6.37,6.37,6.37,6.37,8.71,8.71
Retention Ratios (%),9.17,9.17,9.17,9.17,-52.38,-52.38,-52.38,-52.38,19.15,19.15,19.15,19.15,52.29,52.29,52.29,52.29,23.32,23.32,23.32,23.32,52.91,52.91,52.91,52.91,74.41,74.41,74.41,74.41,57.06,57.06,57.06,57.06,57.41,57.41,57.41,57.41,77.45,77.45,77.45,77.45,88.29,88.29,88.29,88.29,62.40,62.40,62.40,62.40,42.83,42.83,42.83,42.83,50.73,50.73,50.73,50.73,77.01,77.01,77.01,77.01,86.57,86.57,86.57,86.57,84.87,84.87,84.87,84.87,62.74,62.74,62.74,62.74,-4.75,-4.75,-4.75,-4.75,-13.40,-13.40,-13.40,-13.40,-20.60,-20.60
Price/BV (X),3.85,3.85,3.85,3.85,4.34,4.34,4.34,4.34,6.30,6.30,6.30,6.30,6.67,6.67,6.67,6.67,5.20,5.20,5.20,5.20,3.57,3.57,3.57,3.57,5.02,5.02,5.02,5.02,5.80,5.80,5.80,5.80,5.00,5.00,5.00,5.00,5.29,5.29,5.29,5.29,6.65,6.65,6.65,6.65,6.67,6.67,6.67,6.67,5.34,5.34,5.34,5.34,4.79,4.79,4.79,4.79,4.89,4.89,4.89,4.89,4.84,4.84,4.84,4.84,3.18,3.18,3.18,3.18,6.13,6.13,6.13,6.13,7.42,7.42,7.42,7.42,7.17,7.17,7.17,7.17,10.62,10.62
Price/Net Operating Revenue,7.83,7.83,7.83,7.83,8.58,8.58,8.58,8.58,5.35,5.35,5.35,5.35,6.06,6.06,6.06,6.06,3.62,3.62,3.62,3.62,2.66,2.66,2.66,2.66,4.88,4.88,4.88,4.88,5.00,5.00,5.00,5.00,3.71,3.71,3.71,3.71,4.32,4.32,4.32,4.32,6.35,6.35,6.35,6.35,7.55,7.55,7.55,7.55,8.55,8.55,8.55,8.55,6.44,6.44,6.44,6.44,6.11,6.11,6.11,6.11,5.67,5.67,5.67,5.67,3.64,3.64,3.64,3.64,7.48,7.48,7.48,7.48,7.77,7.77,7.77,7.77,6.37,6.37,6.37,6.37,8.71,8.71
Earnings Yield,0.04,0.04,0.04,0.04,0.03,0.03,0.03,0.03,0.04,0.04,0.04,0.04,0.05,0.05,0.05,0.05,0.05,0.05,0.05,0.05,0.08,0.08,0.08,0.08,0.04,0.04,0.04,0.04,0.04,0.04,0.04,0.04,0.06,0.06,0.06,0.06,0.07,0.07,0.07,0.07,0.06,0.06,0.06,0.06,0.05,0.05,0.05,0.05,0.04,0.04,0.04,0.04,0.06,0.06,0.06,0.06,0.05,0.05,0.05,0.05,0.06,0.06,0.06,0.06,0.08,0.08,0.08,0.08,0.03,0.03,0.03,0.03,0.03,0.03,0.03,0.03,0.04,0.04,0.04,0.04,0.03,0.03
Other Operating Income,--,--,--,--,--,--,--,--,--,--,--,--,--,--,--,--,--,--,--,--,--,--,--,--,--,--,--,--,--,--,--,--,--,--,--,--,--,--,--,--,--,--,--,--,--,--,--,--,--,--,--,--,--,--,--,--,--,--,--,--,--,--,--,--,--,--,--,--,--,--,--,--,--,--,--,--,--,--,--,--,--,--
Total Income From Operations,--,--,--,--,--,--,--,--,--,--,--,--,--,--,--,--,1275.58,1107.75,1175.80,1304.85,1048.90,1145.54,1247.32,1213.71,1287.11,1330.61,1498.32,1649.06,1697.73,1949.36,1979.22,2191.18,2164.72,2572.10,2696.72,2766.22,2943.69,4111.19,3843.81,3836.21,4045.91,4771.44,4054.40,4247.59,4385.95,4465.50,4350.15,4471.85,4612.64,4608.80,4705.77,4889.26,5114.48,5179.00,5460.00,5723.00,5711.00,6013.00,6485.00,6556.00,6958.00,6765.00,8130.00,8654.00,9057.00,8362.00,8658.00,9404.00,9249.00,9556.00,9786.00,10662.00,10634.00,10817.00,11424.00,12398.00,11637.00,11451.00,12059.00,12531.00,12077.00,11784.00
EXPENDITURE,,,,,,,,,,,,,,,,,,,,,,,,,,,,,,,,,,,,,,,,,,,,,,,,,,,,,,,,,,,,,,,,,,,,,,,,,,,,,,,,,,
Consumption of Raw Materials,--,--,--,--,--,--,--,--,--,--,--,--,--,--,--,--,--,--,--,--,--,--,--,--,--,--,--,--,--,--,--,--,--,--,--,--,--,--,--,--,--,--,--,--,--,--,--,--,--,--,--,--,--,--,--,--,--,--,--,--,--,--,--,--,--,--,--,--,--,--,--,--,--,--,--,--,--,--,--,--,--,--
Purchase of Traded Goods,--,--,--,--,--,--,--,--,--,--,--,--,--,--,--,--,--,--,--,--,--,--,--,--,--,--,--,--,--,--,--,--,--,--,--,--,--,--,--,--,--,--,--,--,--,111.33,47.60,37.18,77.88,64.52,14.51,23.81,20.47,37.00,32.00,34.00,35.00,10.00,21.00,77.00,34.00,45.00,2.00,46.00,51.00,31.00,34.00,60.00,17.00,29.00,34.00,59.00,33.00,31.00,29.00,83.00,25.00,30.00,30.00,26.00,49.00,31.00
Increase/Decrease in Stocks,--,--,--,--,--,--,--,--,--,--,--,--,--,--,--,--,--,--,--,--,--,--,--,--,--,--,--,--,--,--,--,--,--,--,--,--,--,--,--,--,--,--,--,--,--,-25.39,-28.09,-16.08,-2.62,-38.35,9.00,-8.78,76.76,35.00,-4.00,-1.00,20.00,31.00,-6.00,-8.00,5.00,-28.00,27.00,5.00,--,-7.00,-4.00,1.00,7.00,-13.00,6.00,-7.00,9.00,-5.00,-3.00,-7.00,3.00,7.00,8.00,-11.00,6.00,14.00
Power & Fuel,--,--,--,--,--,--,--,--,--,--,--,--,--,--,--,--,--,--,--,--,--,--,--,--,--,--,--,--,--,--,--,--,--,--,--,--,--,--,--,--,--,--,--,--,--,--,--,--,--,--,--,--,--,--,--,--,--,--,--,--,--,--,--,--,--,--,--,--,--,--,--,--,--,--,--,--,--,--,--,--,--,--
Employees Cost,91.07,95.26,114.43,118.09,126.24,132.27,157.84,429.42,288.35,296.29,334.13,363.7,380.68,370.08,416.85,437.9,430.5,441.13,488.71,509.12,459.66,472.73,496.72,478.92,592.13,619.88,766.82,830.23,830.92,831.12,931.22,991.59,989.06,1011.19,1113.4,1096.06,1143.56,1275.59,1286.78,1261.07,1269.09,1307.01,1368.13,1457.59,1535.66,1563.24,1635.14,1651.37,1580.41,1569.51,1639.67,1694.91,1939.29,1761.0,1890.0,1878.0,1836.0,1861.0,2008.0,2064.0,2146.0,2329.0,2444.0,2521.0,2622.0,2650.0,2835.0,2886.0,3378.0,3440.0,3751.0,4200.0,4481.0,4661.0,4899.0,5100.0,5139.0,5185.0,5305.0,5173.0,5302.0,5405.0
depreciat,13.89,14.73,15.35,16.44,17.47,18.3,18.96,50.84,34.29,34.7,38.04,44.04,46.37,49.76,50.04,52.73,55.73,59.37,62.42,60.65,62.4,66.42,68.45,67.4,64.73,73.43,73.43,72.15,69.54,76.25,82.08,86.26,89.84,94.89,100.56,103.84,102.84,134.66,124.31,120.11,119.04,127.24,69.35,72.28,74.52,83.77,88.38,95.71,92.8,93.36,102.27,123.42,159.84,131.0,184.0,294.0,284.0,318.0,312.0,328.0,318.0,393.0,393.0,566.0,600.0,651.0,659.0,719.0,784.0,660.0,644.0,728.0,583.0,586.0,560.0,686.0,599.0,506.0,583.0,678.0,604.0,571.0
Excise Duty,--,--,--,--,--,--,--,--,--,--,--,--,--,--,--,--,--,--,--,--,--,--,--,--,--,--,--,--,--,--,--,--,--,--,--,--,--,--,--,--,--,--,--,--,--,--,--,--,--,--,--,--,--,--,--,--,--,--,--,--,--,--,--,--,--,--,--,--,--,--,--,--,--,--,--,--,--,--,--,--,--,--
Admin. And Selling Expenses,41.37,63.69,59.26,48.75,46.60,--,57.96,164.56,95.59,--,--,122.10,119.64,152.84,156.27,151.78,224.09,127.20,152.96,142.34,159.95,--,--,--,132.76,--,--,--,--,--,--,--,--,--,--,--,--,--,--,--,--,--,--,--,--,--,--,--,--,--,--,--,--,--,--,--,--,--,--,--,--,--,--,--,--,--,--,--,--,--,--,--,--,--,--,--,--,--,--,--,--,--
R & D Expenses,--,--,--,--,--,--,--,--,--,--,--,--,--,--,--,--,--,--,--,--,--,--,--,--,--,--,--,--,--,--,--,--,--,--,--,--,--,--,--,--,--,--,--,--,--,--,--,--,--,--,--,--,--,--,--,--,--,--,--,--,--,--,--,--,--,--,--,--,--,--,--,--,--,--,--,--,--,--,--,--,--,--
Provisions And Contingencies,--,--,--,--,--,--,--,--,--,--,--,--,--,--,--,--,--,--,--,--,--,--,--,--,--,--,--,--,--,--,--,--,--,--,--,--,--,--,--,--,--,--,--,--,--,--,--,--,--,--,--,--,--,--,--,--,--,--,--,--,--,--,--,--,--,--,--,--,--,--,--,--,--,--,--,--,--,--,--,--,--,--
Exp. Capitalised,--,--,--,--,--,--,--,--,--,--,--,--,--,--,--,--,--,--,--,--,--,--,--,--,--,--,--,--,--,--,--,--,--,--,--,--,--,--,--,--,--,--,--,--,--,--,--,--,--,--,--,--,--,--,--,--,--,--,--,--,--,--,--,--,--,--,--,--,--,--,--,--,--,--,--,--,--,--,--,--,--,--
Other Expenses,84.62,103.41,94.2,98.7,99.45,186.79,127.15,183.96,176.14,333.63,336.17,218.39,226.64,214.83,243.2,257.43,309.72,477.52,244.7,236.35,225.02,375.46,369.69,407.54,218.21,397.76,453.18,451.11,498.58,615.41,516.95,516.0,595.87,688.92,637.96,644.13,760.24,1195.82,934.01,1012.66,1065.65,1050.21,888.87,924.99,1101.37,1243.3,1115.68,1010.95,1131.49,904.06,1080.12,1153.58,1240.29,1234.0,1243.0,1271.0,1433.0,1626.0,1773.0,1825.0,2127.0,1891.0,2486.0,2580.0,2805.0,2212.0,2054.0,2250.0,2834.0,2358.0,2351.0,2510.0,2285.0,2363.0,2546.0,2666.0,2503.0,2547.0,2402.0,2506.0,2677.0,2636.0
"P/L Before Other Inc. , Int., Excpt. Items & Tax",--,--,--,--,--,--,--,--,--,--,--,--,--,--,--,--,255.54,2.53,227.01,356.39,141.87,230.93,312.46,259.85,279.28,239.54,204.89,295.57,298.69,426.58,448.97,597.33,489.95,777.10,844.80,922.19,937.05,1505.12,1498.71,1442.37,1592.13,2286.98,1728.05,1792.73,1674.40,1489.25,1491.44,1692.72,1732.68,2015.70,1860.20,1902.32,1677.83,1981.00,2115.00,2247.00,2103.00,2167.00,2377.00,2270.00,2328.00,2135.00,2778.00,2936.00,2979.00,2825.00,3080.00,3488.00,2229.00,3082.00,3000.00,3172.00,3243.00,3181.00,3393.00,3870.00,3368.00,3176.00,3731.00,4159.00,3439.00,3127.00
Other Income,42.06,36.88,42.73,10.4,15.26,21.49,11.97,31.71,21.22,18.45,30.88,46.55,64.4,297.59,43.25,56.1,36.25,34.81,49.86,125.61,44.17,46.17,47.87,45.51,34.06,35.61,42.02,38.53,37.86,47.12,49.55,25.35,31.55,38.21,43.7,39.92,60.37,174.51,114.27,139.65,169.93,235.27,365.08,253.08,251.97,204.61,268.11,361.13,283.4,220.01,237.87,187.53,230.64,199.0,162.0,143.0,198.0,211.0,264.0,116.0,214.0,209.0,93.0,127.0,158.0,316.0,181.0,218.0,250.0,261.0,177.0,187.0,255.0,334.0,184.0,288.0,225.0,262.0,252.0,261.0,301.0,321.0
"P/L Before Int., Excpt. Items & Tax",--,--,--,--,--,--,--,--,--,--,--,--,--,--,--,--,291.79,37.34,276.87,482.00,186.04,277.10,360.33,305.36,313.34,275.15,246.91,334.10,336.55,473.70,498.52,622.68,521.50,815.31,888.50,962.11,997.42,1679.63,1612.98,1582.02,1762.06,2522.25,2093.13,2045.81,1926.37,1693.86,1759.55,2053.85,2016.08,2235.71,2098.07,2089.85,1908.47,2180.00,2277.00,2390.00,2301.00,2378.00,2641.00,2386.00,2542.00,2344.00,2871.00,3063.00,3137.00,3141.00,3261.00,3706.00,2479.00,3343.00,3177.00,3359.00,3498.00,3515.00,3577.00,4158.00,3593.00,3438.00,3983.00,4420.00,3740.00,3448.00
Interest,1.01,2.25,0.82,1.36,1.68,1.76,1.42,4.0,1.59,5.73,2.91,4.15,2.55,3.36,3.8,5.76,6.15,3.36,2.56,3.3,1.9,20.33,15.23,36.07,24.61,25.45,26.29,25.41,24.51,25.19,22.29,22.14,28.92,23.92,22.84,19.66,19.96,14.0,18.47,21.54,19.18,22.46,21.49,12.47,12.21,14.47,16.65,14.74,14.43,10.27,2.49,9.43,33.84,6.0,5.0,6.0,6.0,5.0,4.0,5.0,2.0,27.0,72.0,72.0,67.0,66.0,27.0,64.0,20.0,30.0,25.0,28.0,26.0,27.0,33.0,33.0,34.0,29.0,33.0,29.0,34.0,47.0
P/L Before Exceptional Items & Tax,--,--,--,--,--,--,--,--,--,--,--,--,--,--,--,--,285.64,33.98,274.31,478.70,184.14,256.77,345.10,269.29,288.73,249.70,220.62,308.69,312.04,448.51,476.23,600.54,492.58,791.39,865.66,942.45,977.46,1665.63,1594.51,1560.48,1742.88,2499.79,2071.64,2033.34,1914.16,1679.39,1742.90,2039.11,2001.65,2225.44,2095.58,2080.42,1874.63,2174.00,2272.00,2384.00,2295.00,2373.00,2637.00,2381.00,2540.00,2317.00,2799.00,2991.00,3070.00,3075.00,3234.00,3642.00,2459.00,3313.00,3152.00,3331.00,3472.00,3488.00,3544.00,4125.00,3559.00,3409.00,3950.00,4391.00,3706.00,3401.00
Exceptional Items,--,--,--,--,--,--,--,--,--,--,--,--,--,--,--,--,--,--,--,--,--,--,--,--,--,--,--,--,--,--,--,--,--,--,--,--,--,93.54,--,--,--,--,--,--,--,--,--,--,--,--,--,--,--,--,--,--,--,--,--,--,--,--,--,--,--,--,--,--,--,--,--,--,--,--,--,--,--,--,--,--,--,--
P/L Before Tax,--,--,--,--,--,--,--,--,--,--,--,--,--,--,--,--,285.64,33.98,274.31,478.70,184.14,256.77,345.10,269.29,288.73,249.70,220.62,308.69,312.04,448.51,476.23,600.54,492.58,791.39,865.66,942.45,977.46,1759.17,1594.51,1560.48,1742.88,2499.79,2071.64,2033.34,1914.16,1679.39,1742.90,2039.11,2001.65,2225.44,2095.58,2080.42,1874.63,2174.00,2272.00,2384.00,2295.00,2373.00,2637.00,2381.00,2540.00,2317.00,2799.00,2991.00,3070.00,3075.00,3234.00,3642.00,2459.00,3313.00,3152.00,3331.00,3472.00,3488.00,3544.00,4125.00,3559.00,3409.00,3950.00,4391.00,3706.00,3401.00
Tax,0.02,6.34,4.46,2.52,2.93,-0.25,3.14,6.93,-1.0,6.38,5.44,4.91,8.9,56.62,11.78,12.75,22.56,47.52,20.52,80.69,31.57,63.83,44.35,13.85,26.16,11.88,25.74,22.72,52.02,62.92,78.68,106.57,92.43,132.64,165.82,217.73,144.5,311.96,303.54,262.61,330.34,516.55,389.08,369.87,349.42,244.22,343.61,389.45,330.14,426.15,404.86,418.88,153.49,412.0,482.0,415.0,454.0,387.0,483.0,367.0,509.0,524.0,567.0,547.0,570.0,715.0,704.0,245.0,2003.0,641.0,590.0,694.0,469.0,810.0,803.0,929.0,715.0,813.0,984.0,1042.0,943.0,922.0
P/L After Tax from Ordinary Activities,--,--,--,--,--,--,--,--,--,--,--,--,--,--,--,--,263.08,-13.54,253.79,398.01,152.57,192.94,300.75,255.44,262.57,237.82,194.88,285.97,260.02,385.59,397.55,493.97,400.15,658.75,699.84,724.72,832.96,1447.21,1290.97,1297.87,1412.54,1983.24,1682.56,1663.47,1564.74,1435.17,1399.29,1649.66,1671.51,1799.29,1690.72,1661.54,1721.14,1762.00,1790.00,1969.00,1841.00,1986.00,2154.00,2014.00,2031.00,1793.00,2232.00,2444.00,2500.00,2360.00,2530.00,3397.00,456.00,2672.00,2562.00,2637.00,3003.00,2678.00,2741.00,3196.00,2844.00,2596.00,2966.00,3349.00,2763.00,2479.00
Prior Year Adjustments,--,--,--,--,--,--,--,--,--,--,--,--,--,--,--,--,--,--,--,--,--,--,--,--,--,--,--,--,71.79,--,--,--,--,--,--,--,--,--,--,--,--,--,--,--,--,--,--,--,--,--,--,--,--,--,--,--,--,--,--,--,--,--,--,--,--,--,--,--,--,--,--,--,--,--,--,--,--,--,--,--,--,--
Extra Ordinary Items,--,--,--,--,--,--,--,--,--,--,--,--,--,--,--,--,--,--,--,--,--,--,--,--,--,--,--,--,--,--,--,--,--,--,--,--,--,--,--,--,--,--,--,--,--,--,--,--,--,--,--,--,--,--,--,--,--,--,--,--,--,--,--,--,--,--,--,--,--,--,--,--,--,--,--,--,--,--,--,--,--,--
Net Profit/(Loss) For the Period,97.48,57.71,90.75,76.54,76.76,85.22,89.39,277.79,134.76,136.45,205.83,266.14,238.59,391.23,264.17,266.95,263.08,-13.54,253.79,398.01,152.57,192.94,300.75,255.44,262.57,237.82,194.88,285.97,331.81,385.59,397.55,493.97,400.15,658.75,699.84,724.72,832.96,1447.21,1290.97,1297.87,1412.54,1983.24,1682.56,1663.47,1564.74,1435.17,1399.29,1649.66,1671.51,1799.29,1690.72,1661.54,1721.14,1762.0,1790.0,1969.0,1841.0,1986.0,2154.0,2014.0,2031.0,1793.0,2232.0,2444.0,2500.0,2360.0,2530.0,3397.0,456.0,2672.0,2562.0,2637.0,3003.0,2678.0,2741.0,3196.0,2844.0,2596.0,2966.0,3349.0,2763.0,2479.0
Equity Share Capital,59.18,59.22,59.3,63.44,63.63,63.84,64.0,64.33,64.56,64.69,64.83,64.95,132.74,132.74,132.76,132.76,133.03,133.27,133.74,133.93,133.95,134.05,134.25,134.7,135.22,135.76,136.0,136.81,137.15,137.74,137.96,138.15,138.47,138.66,138.81,138.91,139.22,139.37,139.56,139.77,139.88,140.0,140.26,140.47,281.14,281.2,281.25,281.86,282.08,282.15,282.18,282.24,285.36,285.36,278.41,278.41,278.45,278.45,279.0,271.25,271.25,271.25,271.0,542.73,543.0,542.73,543.0,542.73,543.0,543.0,543.0,543.0,543.0,543.0,543.0,543.0,543.0,543.0,543.0,543.0,543.0,543.0
Reserves Excluding Revaluation Reserves,2328.95,2231.96,2206.44,2902.57,--,2796.14,2885.11,2435.23,2466.94,2511.18,2600.26,2765.11,3024.85,3292.28,3651.72,3815.49,3778.84,3079.85,2895.98,3077.95,2914.42,3353.72,3645.72,4104.68,4502.74,4798.09,4949.04,5195.10,5432.64,5720.41,5747.44,5854.87,6342.06,6465.15,7326.83,7850.69,8677.47,10093.36,10935.27,12158.35,13513.59,15605.61,15866.07,16866.69,17696.73,19124.53,--,--,--,--,--,--,--,--,--,--,--,--,--,--,--,--,--,--,--,--,--,--,--,--,--,--,--,--,--,--,--,--,--,--,--,--
Equity Dividend Rate (%),--,--,--,--,--,--,--,--,--,--,--,--,--,--,--,--,--,--,--,--,--,--,--,--,--,--,--,--,--,--,--,--,--,--,--,--,--,--,--,--,--,--,--,--,--,--,--,--,--,--,--,--,--,--,--,--,--,--,--,--,--,--,--,--,--,--,--,--,--,--,--,--,--,--,--,--,--,--,--,--,--,--
EPS Before Extra Ordinary,,,,,,,,,,,,,,,,,,,,,,,,,,,,,,,,,,,,,,,,,,,,,,,,,,,,,,,,,,,,,,,,,,,,,,,,,,,,,,,,,,
Basic EPS,--,--,--,--,--,--,--,--,--,--,--,--,--,--,--,--,--,--,--,--,--,--,--,--,--,3.51,2.87,4.19,4.84,5.61,5.77,7.16,5.78,9.51,10.09,10.44,11.99,20.78,18.52,18.58,20.20,28.34,24.02,23.71,11.13,10.21,9.95,11.72,11.86,12.76,11.98,11.78,12.06,12.35,12.84,14.14,13.22,14.26,15.47,14.81,14.97,13.22,16.46,9.01,9.20,8.70,9.32,12.52,1.68,9.85,9.44,9.72,11.09,9.89,10.12,11.80,10.50,9.59,10.95,12.37,10.20,9.14
Diluted EPS,--,--,--,--,--,--,--,--,--,--,--,--,--,--,--,--,--,--,--,--,--,--,--,--,--,3.43,2.81,4.10,4.74,5.50,5.66,7.03,5.68,9.33,9.90,10.24,11.75,20.47,18.22,18.34,19.96,28.02,23.80,23.57,11.08,10.15,9.90,11.68,11.83,12.74,11.97,11.76,12.05,12.28,12.83,14.13,13.21,14.26,15.43,14.80,14.97,13.21,16.45,9.01,9.20,8.70,9.32,12.52,1.68,9.85,9.44,9.72,11.09,9.89,10.12,11.79,10.49,9.57,10.93,12.34,10.18,9.14
EPS After Extra Ordinary,,,,,,,,,,,,,,,,,,,,,,,,,,,,,,,,,,,,,,,,,,,,,,,,,,,,,,,,,,,,,,,,,,,,,,,,,,,,,,,,,,
Basic EPS.,--,--,--,--,--,--,--,--,--,--,--,--,--,--,--,--,--,--,--,--,--,--,--,--,--,3.51,2.87,4.19,4.84,5.61,5.77,7.16,5.78,9.51,10.09,10.44,11.99,20.78,18.52,18.58,20.20,28.34,24.02,23.71,11.13,10.21,9.95,11.72,11.86,12.76,11.98,11.78,12.06,12.35,12.84,14.14,13.22,14.26,15.47,14.81,14.97,13.22,16.46,9.01,9.20,8.70,9.32,12.52,1.68,9.84,9.44,9.72,11.09,9.89,10.12,11.80,10.50,9.59,10.95,12.37,10.20,9.14
Diluted EPS.,--,--,--,--,--,--,--,--,--,--,--,--,--,--,--,--,--,--,--,--,--,--,--,--,--,3.43,2.81,4.10,4.74,5.50,5.66,7.03,5.68,9.33,9.90,10.24,11.75,20.47,18.22,18.34,19.96,28.02,23.80,23.57,11.08,10.15,9.90,11.68,11.83,12.74,11.97,11.76,12.05,12.28,12.83,14.13,13.21,14.26,15.43,14.80,14.97,13.21,16.45,9.01,9.20,8.70,9.32,12.52,1.68,9.85,9.44,9.72,11.09,9.89,10.12,11.79,10.49,9.57,10.93,12.34,10.18,9.14
Public Share Holding,,,,,,,,,,,,,,,,,,,,,,,,,,,,,,,,,,,,,,,,,,,,,,,,,,,,,,,,,,,,,,,,,,,,,,,,,,,,,,,,,,
No Of Shares (Crores),7.06,7.10,7.16,9.24,9.33,9.44,9.58,9.75,9.86,9.93,10.00,10.06,21.54,21.54,21.55,21.55,21.69,21.63,21.86,21.72,21.30,21.34,21.11,21.34,21.60,23.54,23.67,24.07,24.24,24.53,24.65,24.74,25.08,26.18,26.25,26.30,26.46,26.54,26.63,26.73,26.79,26.85,26.98,27.09,55.40,55.43,--,--,--,--,--,--,--,--,--,--,--,--,--,--,--,--,--,--,--,--,--,--,--,--,--,--,--,--,--,--,--,--,--,--,--,--
Share Holding (%),23.85,23.96,24.14,29.12,29.33,29.56,29.95,30.31,30.56,30.70,30.85,30.98,32.45,32.45,32.46,32.47,32.60,32.46,32.70,32.43,31.80,31.85,31.46,31.68,31.95,34.68,34.80,35.19,35.35,35.63,35.73,35.82,36.23,37.76,37.82,37.87,38.01,38.08,38.16,38.25,38.31,38.36,38.47,38.57,39.41,39.42,--,--,--,--,--,--,--,--,--,--,--,--,--,--,--,--,--,--,--,--,--,--,--,--,--,--,--,--,--,--,--,--,--,--,--,--
Promoters and Promoter Group Shareholding,,,,,,,,,,,,,,,,,,,,,,,,,,,,,,,,,,,,,,,,,,,,,,,,,,,,,,,,,,,,,,,,,,,,,,,,,,,,,,,,,,
a) Pledged/Encumbered,,,,,,,,,,,,,,,,,,,,,,,,,,,,,,,,,,,,,,,,,,,,,,,,,,,,,,,,,,,,,,,,,,,,,,,,,,,,,,,,,,
- Number of shares (Crores),--,--,--,--,--,--,--,--,--,--,--,--,--,--,--,--,--,--,--,--,--,--,--,--,--,--,--,--,--,--,--,--,--,--,--,--,--,--,--,--,--,--,--,--,--,--,--,--,--,--,--,--,--,--,--,--,--,--,--,--,--,--,--,--,--,--,--,--,--,--,--,--,--,--,--,--,--,--,--,--,--,--
- Per. of shares (as a % of the total sh. of prom. and promoter group),--,--,--,--,--,--,--,--,--,--,--,--,--,--,--,--,--,--,--,--,--,--,--,--,--,--,--,--,--,--,--,--,--,--,--,--,--,--,--,--,--,--,--,--,--,--,--,--,--,--,--,--,--,--,--,--,--,--,--,--,--,--,--,--,--,--,--,--,--,--,--,--,--,--,--,--,--,--,--,--,--,--
- Per. of shares (as a % of the total Share Cap. of the company),--,--,--,--,--,--,--,--,--,--,--,--,--,--,--,--,--,--,--,--,--,--,--,--,--,--,--,--,--,--,--,--,--,--,--,--,--,--,--,--,--,--,--,--,--,--,--,--,--,--,--,--,--,--,--,--,--,--,--,--,--,--,--,--,--,--,--,--,--,--,--,--,--,--,--,--,--,--,--,--,--,--
b) Non-encumbered,,,,,,,,,,,,,,,,,,,,,,,,,,,,,,,,,,,,,,,,,,,,,,,,,,,,,,,,,,,,,,,,,,,,,,,,,,,,,,,,,,
- Number of shares (Crores).,--,--,--,--,--,--,--,--,--,--,--,--,--,--,--,--,--,--,--,--,--,--,--,--,--,44.34,44.33,44.33,44.33,44.33,44.33,44.33,44.15,43.15,43.15,43.15,43.15,43.15,43.15,43.15,43.15,43.15,43.15,43.15,85.17,85.17,--,--,--,--,--,--,--,--,--,--,--,--,--,--,--,--,--,--,--,--,--,--,--,--,--,--,--,--,--,--,--,--,--,--,--,--
- Per. of shares (as a % of the total sh. of prom. and promoter group).,--,--,--,--,--,--,--,--,--,--,--,--,--,--,--,--,--,--,--,--,--,--,--,--,--,100.00,100.00,100.00,100.00,100.00,100.00,100.00,100.00,100.00,100.00,100.00,100.00,100.00,100.00,100.00,100.00,100.00,100.00,100.00,100.00,100.00,--,--,--,--,--,--,--,--,--,--,--,--,--,--,--,--,--,--,--,--,--,--,--,--,--,--,--,--,--,--,--,--,--,--,--,--
- Per. of shares (as a % of the total Share Cap. of the company).,--,--,--,--,--,--,--,--,--,--,--,--,--,--,--,--,--,--,--,--,--,--,--,--,--,65.32,65.20,64.81,64.65,64.37,64.27,64.18,63.77,62.24,62.18,62.13,61.99,61.92,61.84,61.75,61.69,61.64,61.53,61.43,60.59,60.58,--,--,--,--,--,--,--,--,--,--,--,--,--,--,--,--,--,--,--,--,--,--,--,--,--,--,--,--,--,--,--,--,--,--,--,--
