,HCLTECH,4-Mar,4-Jun,4-Sep,4-Dec,5-Mar,5-Jun,5-Sep,5-Dec,6-Mar,6-Jun,6-Sep,6-Dec,7-Mar,7-Jun,7-Sep,7-Dec,8-Mar,8-Jun,8-Sep,8-Dec,9-Mar,9-Jun,9-Sep,9-Dec,10-Mar,10-Jun,10-Sep,10-Dec,11-Mar,11-Jun,11-Sep,11-Dec,12-Mar,12-Jun,12-Sep,12-Dec,13-Mar,13-Jun,13-Sep,13-Dec,14-Mar,14-Jun,14-Sep,14-Dec,15-Mar,15-Jun,15-Sep,15-Dec,16-Mar,16-Jun,16-Sep,16-Dec,17-Mar,17-Jun,17-Sep,17-Dec,18-Mar,18-Jun,18-Sep,18-Dec,19-Mar,19-Jun,19-Sep,19-Dec,20-Mar,20-Jun,20-Sep,20-Dec,21-Mar,21-Jun,21-Sep,21-Dec,22-Mar,22-Jun,22-Sep,22-Dec,23-Mar,23-Jun,23-Sep,23-Dec,24-Mar,24-Jun
0,Close,30.96249962,37.3125,44.52500153,42.99499893,46.5625,48.6875,56.90750122,67.38749695,81.77500153,63.08250046,68.77500153,80.1875,72.84999847,85.98750305,75.13749695,82.41249847,63.3125,63.13750076,48.61249924,28.82500076,25.51250076,46.48749924,85.19999695,92.82499695,89.59999847,91.03749847,105.1875,114.0625,119.4875031,123.6875,102.2874985,96.98750305,120.8125,119.1125031,144.3625031,154.6750031,198.75,194,271.7999878,315.6375122,347.6749878,375.0375061,428.6875,399.2250061,490.2000122,459.875,491.0750122,427.5499878,407.0499878,365.2250061,399.9500122,413.9750061,437.375,425.4500122,437.3999939,445.25,484.2999878,463.125,543.9000244,482.1749878,543.7249756,532.3250122,540.2999878,568.0999756,436.3999939,556.8499756,811.5999756,946.1500244,982.6500244,983.5,1279.550049,1319.099976,1163.75,973.25,932.3499756,1039.300049,1085.25,1187.949951,1234.800049,1466.099976,1543.550049,1459.599976
3,Equity Share Capital,59.22,59.22,59.22,59.22,63.84,63.84,63.84,63.84,64.69,64.69,64.69,64.69,132.74,132.74,132.74,132.74,133.27,133.27,133.27,133.27,134.05,134.05,134.05,134.05,135.76,135.76,135.76,135.76,137.74,137.74,137.74,137.74,138.66,138.66,138.66,138.66,139.37,139.37,139.37,139.37,140,140,140,140,281.2,281.2,281.2,281.2,282.08,282.08,282.08,282.08,285,285,285,285,278,278,278,278,271,271,271,271,543,543,543,543,543,543,543,543,543,543,543,543,543,543,543,543,543,543
4,Total Share Capital,59.22,59.22,59.22,59.22,63.84,63.84,63.84,63.84,64.69,64.69,64.69,64.69,132.74,132.74,132.74,132.74,133.27,133.27,133.27,133.27,134.05,134.05,134.05,134.05,135.76,135.76,135.76,135.76,137.74,137.74,137.74,137.74,138.66,138.66,138.66,138.66,139.37,139.37,139.37,139.37,140,140,140,140,281.2,281.2,281.2,281.2,282.08,282.08,282.08,282.08,285,285,285,285,278,278,278,278,271,271,271,271,543,543,543,543,543,543,543,543,543,543,543,543,543,543,543,543,543,543
5,Reserves and Surplus,2231.96,2231.96,2231.96,2231.96,2796.14,2796.14,2796.14,2796.14,2511.18,2511.18,2511.18,2511.18,3292.28,3292.28,3292.28,3292.28,3079.85,3079.85,3079.85,3079.85,3353.72,3353.72,3353.72,3353.72,4798.09,4798.09,4798.09,4798.09,5720.41,5720.41,5720.41,5720.41,6465.15,6465.15,6465.15,6465.15,10093.36,10093.36,10093.36,10093.36,15605.61,15605.61,15605.61,15605.61,19124.53,19124.53,19124.53,19124.53,21214.49,21214.49,21214.49,21214.49,25688,25688,25688,25688,27285,27285,27285,27285,30168,30168,30168,30168,36753,36753,36753,36753,43010,43010,43010,43010,42048,42048,42048,42048,40561,40561,40561,40561,38927,38927
6,Total Reserves and Surplus,2231.96,2231.96,2231.96,2231.96,2796.14,2796.14,2796.14,2796.14,2511.18,2511.18,2511.18,2511.18,3292.28,3292.28,3292.28,3292.28,3079.85,3079.85,3079.85,3079.85,3353.72,3353.72,3353.72,3353.72,4798.09,4798.09,4798.09,4798.09,5720.41,5720.41,5720.41,5720.41,6465.15,6465.15,6465.15,6465.15,10093.36,10093.36,10093.36,10093.36,15605.61,15605.61,15605.61,15605.61,19124.53,19124.53,19124.53,19124.53,21214.49,21214.49,21214.49,21214.49,25688,25688,25688,25688,27285,27285,27285,27285,30168,30168,30168,30168,36753,36753,36753,36753,43010,43010,43010,43010,42048,42048,42048,42048,40561,40561,40561,40561,38927,38927
7,Total Shareholders Funds,2291.18,2291.18,2291.18,2291.18,2859.98,2859.98,2859.98,2859.98,2575.87,2575.87,2575.87,2575.87,3425.02,3425.02,3425.02,3425.02,3213.12,3213.12,3213.12,3213.12,3487.77,3487.77,3487.77,3487.77,4933.85,4933.85,4933.85,4933.85,5858.15,5858.15,5858.15,5858.15,6603.81,6603.81,6603.81,6603.81,10232.73,10232.73,10232.73,10232.73,15745.61,15745.61,15745.61,15745.61,19405.73,19405.73,19405.73,19405.73,21496.57,21496.57,21496.57,21496.57,25973,25973,25973,25973,27563,27563,27563,27563,30439,30439,30439,30439,37296,37296,37296,37296,43553,43553,43553,43553,42591,42591,42591,42591,41104,41104,41104,41104,39470,39470
9,Long Term Borrowings,98.23,98.23,98.23,98.23,96.69,96.69,96.69,96.69,13.38,13.38,13.38,13.38,40.89,40.89,40.89,40.89,25.33,25.33,25.33,25.33,26.89,26.89,26.89,26.89,1030.51,1030.51,1030.51,1030.51,847.11,847.11,847.11,847.11,525.65,525.65,525.65,525.65,532.66,532.66,532.66,532.66,27.45,27.45,27.45,27.45,27.22,27.22,27.22,27.22,28.16,28.16,28.16,28.16,31,31,31,31,33,33,33,33,32,32,32,32,160,160,160,160,207,207,207,207,164,164,164,164,51,51,51,51,26,26
10,Deferred Tax Liabilities [Net],0,0,0,0,0,0,0,0,0,0,0,0,0,0,0,0,0,0,0,0,1.45,1.45,1.45,1.45,1.53,1.53,1.53,1.53,0,0,0,0,0,0,0,0,0,0,0,0,0,0,0,0,0,0,0,0,0,0,0,0,0,0,0,0,0,0,0,0,0,0,0,0,0,0,0,0,0,0,0,0,0,0,0,0,0,0,0,0,465,465
11,Other Long Term Liabilities,0,0,0,0,0,0,0,0,0,0,0,0,0,0,0,0,0,0,0,0,0,0,0,0,0,0,0,0,92.05,92.05,92.05,92.05,349.63,349.63,349.63,349.63,436.92,436.92,436.92,436.92,515.43,515.43,515.43,515.43,282.94,282.94,282.94,282.94,206.24,206.24,206.24,206.24,41,41,41,41,58,58,58,58,53,53,53,53,1343,1343,1343,1343,716,716,716,716,667,667,667,667,659,659,659,659,817,817
12,Long Term Provisions,0,0,0,0,0,0,0,0,0,0,0,0,0,0,0,0,0,0,0,0,0,0,0,0,0,0,0,0,100.72,100.72,100.72,100.72,163.18,163.18,163.18,163.18,165.98,165.98,165.98,165.98,175.28,175.28,175.28,175.28,198.77,198.77,198.77,198.77,344.08,344.08,344.08,344.08,411,411,411,411,471,471,471,471,553,553,553,553,775,775,775,775,866,866,866,866,958,958,958,958,879,879,879,879,1065,1065
13,Total Non-Current Liabilities,98.23,98.23,98.23,98.23,96.69,96.69,96.69,96.69,13.38,13.38,13.38,13.38,40.89,40.89,40.89,40.89,25.33,25.33,25.33,25.33,28.34,28.34,28.34,28.34,1032.04,1032.04,1032.04,1032.04,1039.88,1039.88,1039.88,1039.88,1038.46,1038.46,1038.46,1038.46,1135.56,1135.56,1135.56,1135.56,718.16,718.16,718.16,718.16,508.93,508.93,508.93,508.93,578.48,578.48,578.48,578.48,483,483,483,483,562,562,562,562,638,638,638,638,2278,2278,2278,2278,1789,1789,1789,1789,1789,1789,1789,1789,1589,1589,1589,1589,2373,2373
15,Short Term Borrowings,0,0,0,0,0,0,0,0,0,0,0,0,0,0,0,0,0,0,0,0,486.84,486.84,486.84,486.84,366.88,366.88,366.88,366.88,0.29,0.29,0.29,0.29,173.22,173.22,173.22,173.22,82.48,82.48,82.48,82.48,29.25,29.25,29.25,29.25,0,0,0,0,0.03,0.03,0.03,0.03,0,0,0,0,0,0,0,0,0,0,0,0,0,0,0,0,0,0,0,0,62,62,62,62,140,140,140,140,27,27
16,Trade Payables,220.47,220.47,220.47,220.47,339.92,339.92,339.92,339.92,699.89,699.89,699.89,699.89,858.5,858.5,858.5,858.5,1050.06,1050.06,1050.06,1050.06,1361.16,1361.16,1361.16,1361.16,1190.55,1190.55,1190.55,1190.55,340.16,340.16,340.16,340.16,380.32,380.32,380.32,380.32,333.29,333.29,333.29,333.29,392.47,392.47,392.47,392.47,468.58,468.58,468.58,468.58,453.92,453.92,453.92,453.92,485,485,485,485,544,544,544,544,2367,2367,2367,2367,2273,2273,2273,2273,2707,2707,2707,2707,2783,2783,2783,2783,4650,4650,4650,4650,4092,4092
17,Other Current Liabilities,205.82,205.82,205.82,205.82,171.19,171.19,171.19,171.19,235.13,235.13,235.13,235.13,144.52,144.52,144.52,144.52,778.79,778.79,778.79,778.79,854.83,854.83,854.83,854.83,531.93,531.93,531.93,531.93,1323.2,1323.2,1323.2,1323.2,1883.84,1883.84,1883.84,1883.84,2978.45,2978.45,2978.45,2978.45,4006.16,4006.16,4006.16,4006.16,3643.67,3643.67,3643.67,3643.67,3962.7,3962.7,3962.7,3962.7,5319,5319,5319,5319,4020,4020,4020,4020,3871,3871,3871,3871,11499,11499,11499,11499,7085,7085,7085,7085,5958,5958,5958,5958,5594,5594,5594,5594,6003,6003
18,Short Term Provisions,154.27,154.27,154.27,154.27,173.93,173.93,173.93,173.93,200.08,200.08,200.08,200.08,430.74,430.74,430.74,430.74,723.54,723.54,723.54,723.54,377.95,377.95,377.95,377.95,433.6,433.6,433.6,433.6,502.12,502.12,502.12,502.12,794.61,794.61,794.61,794.61,1191.81,1191.81,1191.81,1191.81,915.2,915.2,915.2,915.2,888.13,888.13,888.13,888.13,96.34,96.34,96.34,96.34,111,111,111,111,129,129,129,129,141,141,141,141,169,169,169,169,227,227,227,227,240,240,240,240,283,283,283,283,342,342
19,Total Current Liabilities,580.56,580.56,580.56,580.56,685.04,685.04,685.04,685.04,1135.1,1135.1,1135.1,1135.1,1433.76,1433.76,1433.76,1433.76,2552.39,2552.39,2552.39,2552.39,3080.78,3080.78,3080.78,3080.78,2522.96,2522.96,2522.96,2522.96,2165.77,2165.77,2165.77,2165.77,3231.99,3231.99,3231.99,3231.99,4586.03,4586.03,4586.03,4586.03,5343.08,5343.08,5343.08,5343.08,5000.38,5000.38,5000.38,5000.38,4512.99,4512.99,4512.99,4512.99,5915,5915,5915,5915,4693,4693,4693,4693,6379,6379,6379,6379,13941,13941,13941,13941,10019,10019,10019,10019,9043,9043,9043,9043,10667,10667,10667,10667,10464,10464
20,Total Capital And Liabilities,2970,2970,2970,2970,3643.35,3643.35,3643.35,3643.35,3725.68,3725.68,3725.68,3725.68,4899.67,4899.67,4899.67,4899.67,5792.55,5792.55,5792.55,5792.55,6597.36,6597.36,6597.36,6597.36,8490.86,8490.86,8490.86,8490.86,9064.8,9064.8,9064.8,9064.8,10877.03,10877.03,10877.03,10877.03,15959.33,15959.33,15959.33,15959.33,21814.5,21814.5,21814.5,21814.5,24915.06,24915.06,24915.06,24915.06,26588.04,26588.04,26588.04,26588.04,32371,32371,32371,32371,32818,32818,32818,32818,37456,37456,37456,37456,53515,53515,53515,53515,55361,55361,55361,55361,53423,53423,53423,53423,53360,53360,53360,53360,52307,52307
23,Tangible Assets,153.65,153.65,153.65,153.65,300.15,300.15,300.15,300.15,427.84,427.84,427.84,427.84,541.81,541.81,541.81,541.81,535.92,535.92,535.92,535.92,608.86,608.86,608.86,608.86,632.28,632.28,632.28,632.28,1188.53,1188.53,1188.53,1188.53,1552.39,1552.39,1552.39,1552.39,1896.95,1896.95,1896.95,1896.95,2404.3,2404.3,2404.3,2404.3,3024.98,3024.98,3024.98,3024.98,2762.9,2762.9,2762.9,2762.9,3126,3126,3126,3126,3293,3293,3293,3293,3507,3507,3507,3507,4571,4571,4571,4571,4502,4502,4502,4502,4769,4769,4769,4769,4551,4551,4551,4551,4273,4273
24,Intangible Assets,51.63,51.63,51.63,51.63,59.8,59.8,59.8,59.8,97.84,97.84,97.84,97.84,128.28,128.28,128.28,128.28,189.37,189.37,189.37,189.37,248.12,248.12,248.12,248.12,311.55,311.55,311.55,311.55,107.4,107.4,107.4,107.4,61.32,61.32,61.32,61.32,57.23,57.23,57.23,57.23,44.27,44.27,44.27,44.27,39.25,39.25,39.25,39.25,53.34,53.34,53.34,53.34,4863,4863,4863,4863,7135,7135,7135,7135,7728,7728,7728,7728,18050,18050,18050,18050,16403,16403,16403,16403,14755,14755,14755,14755,13384,13384,13384,13384,12060,12060
25,Capital Work-In-Progress,118.63,118.63,118.63,118.63,71.78,71.78,71.78,71.78,163.63,163.63,163.63,163.63,212.86,212.86,212.86,212.86,419.03,419.03,419.03,419.03,417.56,417.56,417.56,417.56,477.2,477.2,477.2,477.2,518.69,518.69,518.69,518.69,549.55,549.55,549.55,549.55,488.19,488.19,488.19,488.19,518.5,518.5,518.5,518.5,543.95,543.95,543.95,543.95,582.12,582.12,582.12,582.12,411,411,411,411,298,298,298,298,212,212,212,212,311,311,311,311,245,245,245,245,79,79,79,79,21,21,21,21,22,22
26,Other Assets,0,0,0,0,0,0,0,0,0,0,0,0,0,0,0,0,0,0,0,0,0,0,0,0,0,0,0,0,0,0,0,0,0,0,0,0,0,0,0,0,0,0,0,0,0,0,0,0,0,0,0,0,0,0,0,0,0,0,0,0,0,0,0,0,0,0,0,0,0,0,0,0,0,0,0,0,0,0,0,0,0,0
27,Fixed Assets,323.91,323.91,323.91,323.91,431.73,431.73,431.73,431.73,689.31,689.31,689.31,689.31,882.95,882.95,882.95,882.95,1144.32,1144.32,1144.32,1144.32,1274.54,1274.54,1274.54,1274.54,1421.03,1421.03,1421.03,1421.03,1814.62,1814.62,1814.62,1814.62,2163.26,2163.26,2163.26,2163.26,2442.37,2442.37,2442.37,2442.37,2967.07,2967.07,2967.07,2967.07,3608.18,3608.18,3608.18,3608.18,3398.36,3398.36,3398.36,3398.36,8400,8400,8400,8400,10726,10726,10726,10726,11447,11447,11447,11447,22932,22932,22932,22932,21150,21150,21150,21150,19603,19603,19603,19603,17956,17956,17956,17956,16355,16355
28,Non-Current Investments,2250.36,2250.36,2250.36,2250.36,2654.66,2654.66,2654.66,2654.66,1907.76,1907.76,1907.76,1907.76,1988.86,1988.86,1988.86,1988.86,1797.34,1797.34,1797.34,1797.34,562.75,562.75,562.75,562.75,2233.2,2233.2,2233.2,2233.2,2240.65,2240.65,2240.65,2240.65,2933.67,2933.67,2933.67,2933.67,3609.72,3609.72,3609.72,3609.72,3559.72,3559.72,3559.72,3559.72,3500.23,3500.23,3500.23,3500.23,3502.58,3502.58,3502.58,3502.58,3810,3810,3810,3810,4068,4068,4068,4068,3808,3808,3808,3808,4207,4207,4207,4207,5041,5041,5041,5041,5057,5057,5057,5057,5057,5057,5057,5057,5040,5040
29,Deferred Tax Assets [Net],7.28,7.28,7.28,7.28,7.5,7.5,7.5,7.5,17.83,17.83,17.83,17.83,29.84,29.84,29.84,29.84,140.6,140.6,140.6,140.6,227.45,227.45,227.45,227.45,107.69,107.69,107.69,107.69,133.06,133.06,133.06,133.06,237.15,237.15,237.15,237.15,376.69,376.69,376.69,376.69,311.79,311.79,311.79,311.79,217.88,217.88,217.88,217.88,1179.72,1179.72,1179.72,1179.72,1211,1211,1211,1211,1506,1506,1506,1506,2107,2107,2107,2107,1997,1997,1997,1997,668,668,668,668,736,736,736,736,543,543,543,543,0,0
30,Long Term Loans And Advances,0,0,0,0,0,0,0,0,0,0,0,0,0,0,0,0,0,0,0,0,0,0,0,0,0,0,0,0,538.89,538.89,538.89,538.89,621.67,621.67,621.67,621.67,764.09,764.09,764.09,764.09,836.78,836.78,836.78,836.78,1106.39,1106.39,1106.39,1106.39,15,15,15,15,0,0,0,0,235,235,235,235,355,355,355,355,0,0,0,0,0,0,0,0,200,200,200,200,0,0,0,0,286,286
31,Other Non-Current Assets,0,0,0,0,0,0,0,0,0,0,0,0,0,0,0,0,0,0,0,0,0,0,0,0,0,0,0,0,205.01,205.01,205.01,205.01,242.57,242.57,242.57,242.57,132.7,132.7,132.7,132.7,132.62,132.62,132.62,132.62,308.1,308.1,308.1,308.1,852.2,852.2,852.2,852.2,834,834,834,834,835,835,835,835,1032,1032,1032,1032,849,849,849,849,788,788,788,788,940,940,940,940,1233,1233,1233,1233,1081,1081
32,Total Non-Current Assets,2581.55,2581.55,2581.55,2581.55,3093.89,3093.89,3093.89,3093.89,2614.9,2614.9,2614.9,2614.9,2901.65,2901.65,2901.65,2901.65,3082.26,3082.26,3082.26,3082.26,2064.74,2064.74,2064.74,2064.74,3761.92,3761.92,3761.92,3761.92,4932.23,4932.23,4932.23,4932.23,6198.32,6198.32,6198.32,6198.32,7325.57,7325.57,7325.57,7325.57,7807.98,7807.98,7807.98,7807.98,8740.78,8740.78,8740.78,8740.78,8947.86,8947.86,8947.86,8947.86,14255,14255,14255,14255,17370,17370,17370,17370,18749,18749,18749,18749,29985,29985,29985,29985,27647,27647,27647,27647,26536,26536,26536,26536,24789,24789,24789,24789,22762,22762
34,Current Investments,0,0,0,0,0,0,0,0,0,0,0,0,0,0,0,0,0,0,0,0,0,0,0,0,0,0,0,0,412.63,412.63,412.63,412.63,364.28,364.28,364.28,364.28,445.98,445.98,445.98,445.98,556.29,556.29,556.29,556.29,624.73,624.73,624.73,624.73,471.72,471.72,471.72,471.72,914,914,914,914,2130,2130,2130,2130,2002,2002,2002,2002,6668,6668,6668,6668,6605,6605,6605,6605,6039,6039,6039,6039,5102,5102,5102,5102,6801,6801
35,Inventories,0,0,0,0,0,0,0,0,0,0,0,0,0,0,0,0,0,0,0,0,87.01,87.01,87.01,87.01,12.04,12.04,12.04,12.04,124.97,124.97,124.97,124.97,99.99,99.99,99.99,99.99,81.84,81.84,81.84,81.84,15.54,15.54,15.54,15.54,83.65,83.65,83.65,83.65,128.56,128.56,128.56,128.56,90,90,90,90,40,40,40,40,18,18,18,18,14,14,14,14,18,18,18,18,23,23,23,23,35,35,35,35,25,25
36,Trade Receivables,168.59,168.59,168.59,168.59,306.41,306.41,306.41,306.41,645.98,645.98,645.98,645.98,712.48,712.48,712.48,712.48,980.02,980.02,980.02,980.02,1489.26,1489.26,1489.26,1489.26,2084.7,2084.7,2084.7,2084.7,1657.26,1657.26,1657.26,1657.26,1992.42,1992.42,1992.42,1992.42,2709.21,2709.21,2709.21,2709.21,3224.19,3224.19,3224.19,3224.19,3578.28,3578.28,3578.28,3578.28,4084.53,4084.53,4084.53,4084.53,4418,4418,4418,4418,5427,5427,5427,5427,6245,6245,6245,6245,7504,7504,7504,7504,5217,5217,5217,5217,11147,11147,11147,11147,12913,12913,12913,12913,12158,12158
37,Cash And Cash Equivalents,72.78,72.78,72.78,72.78,84.53,84.53,84.53,84.53,106.22,106.22,106.22,106.22,380.94,380.94,380.94,380.94,686.88,686.88,686.88,686.88,1365.83,1365.83,1365.83,1365.83,989.43,989.43,989.43,989.43,953.7,953.7,953.7,953.7,1041.2,1041.2,1041.2,1041.2,2808.83,2808.83,2808.83,2808.83,7911.08,7911.08,7911.08,7911.08,8829.41,8829.41,8829.41,8829.41,8662.96,8662.96,8662.96,8662.96,7962,7962,7962,7962,2325,2325,2325,2325,6273,6273,6273,6273,1291,1291,1291,1291,5056,5056,5056,5056,4849,4849,4849,4849,6231,6231,6231,6231,7629,7629
38,Short Term Loans And Advances,127.08,127.08,127.08,127.08,158.52,158.52,158.52,158.52,358.58,358.58,358.58,358.58,629.1,629.1,629.1,629.1,980.34,980.34,980.34,980.34,1447.42,1447.42,1447.42,1447.42,1451.87,1451.87,1451.87,1451.87,430.8,430.8,430.8,430.8,428.71,428.71,428.71,428.71,1511.51,1511.51,1511.51,1511.51,984.32,984.32,984.32,984.32,1657.7,1657.7,1657.7,1657.7,2014.37,2014.37,2014.37,2014.37,2543,2543,2543,2543,3438,3438,3438,3438,1244,1244,1244,1244,3391,3391,3391,3391,4841,4841,4841,4841,3008,3008,3008,3008,2602,2602,2602,2602,793,793
39,OtherCurrentAssets,20,20,20,20,0,0,0,0,0,0,0,0,275.5,275.5,275.5,275.5,63.05,63.05,63.05,63.05,143.1,143.1,143.1,143.1,190.9,190.9,190.9,190.9,553.21,553.21,553.21,553.21,752.11,752.11,752.11,752.11,1076.39,1076.39,1076.39,1076.39,1315.1,1315.1,1315.1,1315.1,1400.51,1400.51,1400.51,1400.51,2278.04,2278.04,2278.04,2278.04,2189,2189,2189,2189,2088,2088,2088,2088,2925,2925,2925,2925,4662,4662,4662,4662,5977,5977,5977,5977,1821,1821,1821,1821,1688,1688,1688,1688,2139,2139
40,Total Current Assets,388.45,388.45,388.45,388.45,549.46,549.46,549.46,549.46,1110.78,1110.78,1110.78,1110.78,1998.02,1998.02,1998.02,1998.02,2710.29,2710.29,2710.29,2710.29,4532.62,4532.62,4532.62,4532.62,4728.94,4728.94,4728.94,4728.94,4132.57,4132.57,4132.57,4132.57,4678.71,4678.71,4678.71,4678.71,8633.76,8633.76,8633.76,8633.76,14006.52,14006.52,14006.52,14006.52,16174.28,16174.28,16174.28,16174.28,17640.18,17640.18,17640.18,17640.18,18116,18116,18116,18116,15448,15448,15448,15448,18707,18707,18707,18707,23530,23530,23530,23530,27714,27714,27714,27714,26887,26887,26887,26887,28571,28571,28571,28571,29545,29545
41,Total Assets,2970,2970,2970,2970,3643.35,3643.35,3643.35,3643.35,3725.68,3725.68,3725.68,3725.68,4899.67,4899.67,4899.67,4899.67,5792.55,5792.55,5792.55,5792.55,6597.36,6597.36,6597.36,6597.36,8490.86,8490.86,8490.86,8490.86,9064.8,9064.8,9064.8,9064.8,10877.03,10877.03,10877.03,10877.03,15959.33,15959.33,15959.33,15959.33,21814.5,21814.5,21814.5,21814.5,24915.06,24915.06,24915.06,24915.06,26588.04,26588.04,26588.04,26588.04,32371,32371,32371,32371,32818,32818,32818,32818,37456,37456,37456,37456,53515,53515,53515,53515,55361,55361,55361,55361,53423,53423,53423,53423,53360,53360,53360,53360,52307,52307
44,Contingent Liabilities,205.15,205.15,205.15,205.15,511.56,511.56,511.56,511.56,331.01,331.01,331.01,331.01,418.65,418.65,418.65,418.65,469.36,469.36,469.36,469.36,3317.46,3317.46,3317.46,3317.46,2505.21,2505.21,2505.21,2505.21,2701.38,2701.38,2701.38,2701.38,3644.36,3644.36,3644.36,3644.36,4186.27,4186.27,4186.27,4186.27,3519.61,3519.61,3519.61,3519.61,1222.24,1222.24,1222.24,1222.24,259.91,259.91,259.91,259.91,408,408,408,408,202,202,202,202,263,263,263,263,318,318,318,318,200,200,200,200,305,305,305,305,93,93,93,93,135,135
46,Raw Materials,0,0,0,0,0,0,0,0,0,0,0,0,0,0,0,0,0,0,0,0,0,0,0,0,0,0,0,0,0,0,0,0,0,0,0,0,0,0,0,0,0,0,0,0,0,0,0,0,0,0,0,0,0,0,0,0,0,0,0,0,0,0,0,0,0,0,0,0,0,0,0,0,0,0,0,0,0,0,0,0,0,0
47,"Stores, Spares And Loose Tools",0,0,0,0,0,0,0,0,0,0,0,0,0,0,0,0,0,0,0,0,0,0,0,0,0,0,0,0,0,0,0,0,0,0,0,0,0,0,0,0,0,0,0,0,58.28,58.28,58.28,58.28,70.67,70.67,70.67,70.67,19,19,19,19,203,203,203,203,325,325,325,325,344,344,344,344,348,348,348,348,413,413,413,413,366,366,366,366,42,42
48,Trade/Other Goods,0,0,0,0,0,0,0,0,0,0,0,0,0,0,0,0,0,0,0,0,0,0,0,0,0,0,0,0,0,0,0,0,0,0,0,0,0,0,0,0,0,0,0,0,58.28,58.28,58.28,58.28,70.67,70.67,70.67,70.67,19,19,19,19,203,203,203,203,325,325,325,325,344,344,344,344,348,348,348,348,413,413,413,413,366,366,366,366,42,42
49,Capital Goods,15.44,15.44,15.44,15.44,29.08,29.08,29.08,29.08,64.88,64.88,64.88,64.88,50.84,50.84,50.84,50.84,67.78,67.78,67.78,67.78,108.03,108.03,108.03,108.03,114.91,114.91,114.91,114.91,193.06,193.06,193.06,193.06,200.28,200.28,200.28,200.28,133.95,133.95,133.95,133.95,138.25,138.25,138.25,138.25,142.75,142.75,142.75,142.75,95.14,95.14,95.14,95.14,209,209,209,209,2952,2952,2952,2952,1561,1561,1561,1561,163,163,163,163,175,175,175,175,107,107,107,107,0,0,0,0,0,0
51,Expenditure In Foreign Currency,371.14,371.14,371.14,371.14,427.22,427.22,427.22,427.22,758,758,758,758,913.58,913.58,913.58,913.58,1043.99,1043.99,1043.99,1043.99,702.29,702.29,702.29,702.29,688.5,688.5,688.5,688.5,579.73,579.73,579.73,579.73,884.04,884.04,884.04,884.04,1131.64,1131.64,1131.64,1131.64,1419.4,1419.4,1419.4,1419.4,1535.76,1535.76,1535.76,1535.76,1236.42,1236.42,1236.42,1236.42,2164,2164,2164,2164,2012,2012,2012,2012,4470,4470,4470,4470,6913,6913,6913,6913,6922,6922,6922,6922,6702,6702,6702,6702,6451,6451,6451,6451,6559,6559
53,Dividend Remittance In Foreign Currency,50.74,50.74,50.74,50.74,98.65,98.65,98.65,98.65,98.39,98.39,98.39,98.39,98.4,98.4,98.4,98.4,98.36,98.36,98.36,98.36,110.65,110.65,110.65,110.65,48.58,48.58,48.58,48.58,78.51,78.51,78.51,78.51,120.66,120.66,120.66,120.66,120.06,120.06,120.06,120.06,191.95,191.95,191.95,191.95,407.78,407.78,407.78,407.78,383.82,383.82,383.82,383.82,576,576,576,576,285,285,285,285,183,183,183,183,224,224,224,224,510,510,510,510,1786,1786,1786,1786,2041,2041,2041,2041,2210,2210
58,Bonus Equity Share Capital,16.6,16.6,16.6,16.6,16.6,16.6,16.6,16.6,16.6,16.6,16.6,16.6,81.69,81.69,81.69,81.69,81.69,81.69,81.69,81.69,81.69,81.69,81.69,81.69,81.69,81.69,81.69,81.69,81.69,81.69,81.69,81.69,81.69,81.69,81.69,81.69,81.69,81.69,81.69,81.69,81.69,81.69,81.69,81.69,222.26,222.26,222.26,222.26,222.26,222.26,222.26,222.26,222.26,222.26,222.26,222.26,216.8,216.8,216.8,216.8,211.34,211.34,211.34,211.34,482.74,482.74,482.74,482.74,482.74,482.74,482.74,482.74,482.74,482.74,482.74,482.74,482.74,482.74,482.74,482.74,482.74,482.74
61,Non-Current Investments Unquoted Book Value,2154.54,2154.54,2154.54,2154.54,2622.08,2622.08,2622.08,2622.08,1323.33,1323.33,1323.33,1323.33,1988.86,1988.86,1988.86,1988.86,1797.34,1797.34,1797.34,1797.34,562.75,562.75,562.75,562.75,2233.2,2233.2,2233.2,2233.2,2145.72,2145.72,2145.72,2145.72,2839.03,2839.03,2839.03,2839.03,3559.72,3559.72,3559.72,3559.72,3559.72,3559.72,3559.72,3559.72,3500.23,3500.23,3500.23,3500.23,3502.58,3502.58,3502.58,3502.58,3810,3810,3810,3810,3808,3808,3808,3808,3808,3808,3808,3808,4207,4207,4207,4207,5041,5041,5041,5041,5057,5057,5057,5057,5057,5057,5057,5057,5040,5040
65,Net Profit/Loss Before Extraordinary Items And Tax,339.53,339.53,339.53,339.53,338.93,338.93,338.93,338.93,653.83,653.83,653.83,653.83,1177.69,1177.69,1177.69,1177.69,875.25,875.25,875.25,875.25,1193.92,1193.92,1193.92,1193.92,1152.82,1152.82,1152.82,1152.82,1289.88,1289.88,1289.88,1289.88,2360.74,2360.74,2360.74,2360.74,4451.2,4451.2,4451.2,4451.2,7397.66,7397.66,7397.66,7397.66,7698.54,7698.54,7698.54,7698.54,5781.55,5781.55,5781.55,5781.55,8276,8276,8276,8276,9125,9125,9125,9125,9931,9931,9931,9931,11177,11177,11177,11177,12410,12410,12410,12410,13268,13268,13268,13268,14716,14716,14716,14716,15456,15456
66,Net CashFlow From Operating Activities,598.16,598.16,598.16,598.16,265.74,265.74,265.74,265.74,774.04,774.04,774.04,774.04,997.93,997.93,997.93,997.93,1056.84,1056.84,1056.84,1056.84,587.94,587.94,587.94,587.94,739.26,739.26,739.26,739.26,1519.39,1519.39,1519.39,1519.39,2160.1,2160.1,2160.1,2160.1,4170.15,4170.15,4170.15,4170.15,6147.22,6147.22,6147.22,6147.22,5335.67,5335.67,5335.67,5335.67,3154.3,3154.3,3154.3,3154.3,6995,6995,6995,6995,6339,6339,6339,6339,8676,8676,8676,8676,9855,9855,9855,9855,15765,15765,15765,15765,10591,10591,10591,10591,13538,13538,13538,13538,15282,15282
67,Net Cash Used In Investing Activities,-391.35,-391.35,-391.35,-391.35,239.51,239.51,239.51,239.51,-133.33,-133.33,-133.33,-133.33,-341.46,-341.46,-341.46,-341.46,-148.53,-148.53,-148.53,-148.53,306.83,306.83,306.83,306.83,-1399.11,-1399.11,-1399.11,-1399.11,-535.03,-535.03,-535.03,-535.03,-1342.76,-1342.76,-1342.76,-1342.76,-2985.48,-2985.48,-2985.48,-2985.48,-4655.54,-4655.54,-4655.54,-4655.54,-1763.04,-1763.04,-1763.04,-1763.04,-770.52,-770.52,-770.52,-770.52,-2643,-2643,-2643,-2643,-973,-973,-973,-973,995,995,995,995,-11091,-11091,-11091,-11091,-4548,-4548,-4548,-4548,2232,2232,2232,2232,-798,-798,-798,-798,-2331,-2331
68,Net Cash Used From Financing Activities,-171.35,-171.35,-171.35,-171.35,-493.71,-493.71,-493.71,-493.71,-641.79,-641.79,-641.79,-641.79,-381.57,-381.57,-381.57,-381.57,-602.26,-602.26,-602.26,-602.26,-215.82,-215.82,-215.82,-215.82,583.38,583.38,583.38,583.38,-882.58,-882.58,-882.58,-882.58,-837.12,-837.12,-837.12,-837.12,-1175.37,-1175.37,-1175.37,-1175.37,-1397.67,-1397.67,-1397.67,-1397.67,-3360.21,-3360.21,-3360.21,-3360.21,-2698.98,-2698.98,-2698.98,-2698.98,-4112,-4112,-4112,-4112,-5547,-5547,-5547,-5547,-5335,-5335,-5335,-5335,-1988,-1988,-1988,-1988,-9649,-9649,-9649,-9649,-12775,-12775,-12775,-12775,-13267,-13267,-13267,-13267,-14480,-14480
69,Foreign Exchange Gains / Losses,0.2,0.2,0.2,0.2,0,0,0,0,0,0,0,0,0.18,0.18,0.18,0.18,0.11,0.11,0.11,0.11,0,0,0,0,-2.69,-2.69,-2.69,-2.69,1.08,1.08,1.08,1.08,-13.23,-13.23,-13.23,-13.23,-9.78,-9.78,-9.78,-9.78,-9.09,-9.09,-9.09,-9.09,-20.42,-20.42,-20.42,-20.42,7.64,7.64,7.64,7.64,-13,-13,-13,-13,39,39,39,39,-23,-23,-23,-23,-8,-8,-8,-8,14,14,14,14,-17,-17,-17,-17,-6,-6,-6,-6,-8,-8
70,Adjustments On Amalgamation Merger Demerger Others,0,0,0,0,0,0,0,0,0,0,0,0,0,0,0,0,0,0,0,0,0,0,0,0,0,0,0,0,0,0,0,0,0,0,0,0,21.6,21.6,21.6,21.6,0,0,0,0,0,0,0,0,0,0,0,0,0,0,0,0,0,0,0,0,0,0,0,0,0,0,0,0,0,0,0,0,0,0,0,0,0,0,0,0,0,0
71,Net Inc/Dec In Cash And Cash Equivalents,35.26,35.26,35.26,35.26,11.54,11.54,11.54,11.54,-1.08,-1.08,-1.08,-1.08,274.9,274.9,274.9,274.9,305.94,305.94,305.94,305.94,678.95,678.95,678.95,678.95,-79.16,-79.16,-79.16,-79.16,102.86,102.86,102.86,102.86,-33.01,-33.01,-33.01,-33.01,21.12,21.12,21.12,21.12,84.92,84.92,84.92,84.92,192,192,192,192,-307.56,-307.56,-307.56,-307.56,227,227,227,227,-142,-142,-142,-142,4313,4313,4313,4313,-3232,-3232,-3232,-3232,1582,1582,1582,1582,31,31,31,31,-533,-533,-533,-533,-1537,-1537
72,Cash And Cash Equivalents Begin of Year,37.12,37.12,37.12,37.12,72.99,72.99,72.99,72.99,107.3,107.3,107.3,107.3,106.22,106.22,106.22,106.22,380.94,380.94,380.94,380.94,686.88,686.88,686.88,686.88,144,144,144,144,64.84,64.84,64.84,64.84,167.7,167.7,167.7,167.7,134.69,134.69,134.69,134.69,155.81,155.81,155.81,155.81,240.73,240.73,240.73,240.73,432.73,432.73,432.73,432.73,125,125,125,125,352,352,352,352,210,210,210,210,4523,4523,4523,4523,1294,1294,1294,1294,2876,2876,2876,2876,2907,2907,2907,2907,2374,2374
73,Cash And Cash Equivalents End Of Year,72.78,72.78,72.78,72.78,84.53,84.53,84.53,84.53,106.22,106.22,106.22,106.22,380.94,380.94,380.94,380.94,686.88,686.88,686.88,686.88,1365.83,1365.83,1365.83,1365.83,64.84,64.84,64.84,64.84,167.7,167.7,167.7,167.7,134.69,134.69,134.69,134.69,155.81,155.81,155.81,155.81,240.73,240.73,240.73,240.73,432.73,432.73,432.73,432.73,125.17,125.17,125.17,125.17,352,352,352,352,210,210,210,210,4523,4523,4523,4523,1291,1291,1291,1291,2876,2876,2876,2876,2907,2907,2907,2907,2374,2374,2374,2374,837,837
76,Basic EPS (Rs.),11,11,11,11,10.32,10.32,10.32,10.32,19.74,19.74,19.74,19.74,16.6,16.6,16.6,16.6,11.72,11.72,11.72,11.72,14.88,14.88,14.88,14.88,15.56,15.56,15.56,15.56,17.53,17.53,17.53,17.53,28.23,28.23,28.23,28.23,53.32,53.32,53.32,53.32,85.66,85.66,85.66,85.66,45.17,45.17,45.17,45.17,33.52,33.52,33.52,33.52,48.18,48.18,48.18,48.18,52.54,52.54,52.54,52.54,59.69,59.69,59.69,59.69,33.06,33.06,33.06,33.06,32.22,32.22,32.22,32.22,40.1,40.1,40.1,40.1,42.32,42.32,42.32,42.32,43.11,43.11
77,Diluted EPS (Rs.),11,11,11,11,10.32,10.32,10.32,10.32,19.74,19.74,19.74,19.74,16.6,16.6,16.6,16.6,11.72,11.72,11.72,11.72,14.88,14.88,14.88,14.88,15.56,15.56,15.56,15.56,17.18,17.18,17.18,17.18,27.72,27.72,27.72,27.72,52.45,52.45,52.45,52.45,84.51,84.51,84.51,84.51,44.91,44.91,44.91,44.91,33.43,33.43,33.43,33.43,48.13,48.13,48.13,48.13,52.5,52.5,52.5,52.5,59.66,59.66,59.66,59.66,33.05,33.05,33.05,33.05,32.22,32.22,32.22,32.22,40.09,40.09,40.09,40.09,42.27,42.27,42.27,42.27,43.02,43.02
78,Cash EPS (Rs.),13.01,13.01,13.01,13.01,12.43,12.43,12.43,12.43,24.03,24.03,24.03,24.03,19.29,19.29,19.29,19.29,14.98,14.98,14.98,14.98,18.64,18.64,18.64,18.64,19.6,19.6,19.6,19.6,21.63,21.63,21.63,21.63,33.23,33.23,33.23,33.23,59.51,59.51,59.51,59.51,92.5,92.5,92.5,92.5,47.27,47.27,47.27,47.27,35.42,35.42,35.42,35.42,51.59,51.59,51.59,51.59,59.39,59.39,59.39,59.39,69.82,69.82,69.82,69.82,40.22,40.22,40.22,40.22,42.56,42.56,42.56,42.56,49.68,49.68,49.68,49.68,51.16,51.16,51.16,51.16,51.73,51.73
79,Book Value [ExclRevalReserve]/Share (Rs.),77.38,77.38,77.38,77.38,89.6,89.6,89.6,89.6,79.64,79.64,79.64,79.64,51.6,51.6,51.6,51.6,48.22,48.22,48.22,48.22,52.04,52.04,52.04,52.04,72.68,72.68,72.68,72.68,85.06,85.06,85.06,85.06,95.25,95.25,95.25,95.25,146.84,146.84,146.84,146.84,224.94,224.94,224.94,224.94,138.02,138.02,138.02,138.02,152.41,152.41,152.41,152.41,182.27,182.27,182.27,182.27,198.29,198.29,198.29,198.29,224.64,224.64,224.64,224.64,137.37,137.37,137.37,137.37,160.42,160.42,160.42,160.42,156.87,156.87,156.87,156.87,151.4,151.4,151.4,151.4,145.38,145.38
80,Book Value [InclRevalReserve]/Share (Rs.),77.38,77.38,77.38,77.38,89.6,89.6,89.6,89.6,79.64,79.64,79.64,79.64,51.6,51.6,51.6,51.6,48.22,48.22,48.22,48.22,52.04,52.04,52.04,52.04,72.68,72.68,72.68,72.68,85.06,85.06,85.06,85.06,95.25,95.25,95.25,95.25,146.84,146.84,146.84,146.84,224.94,224.94,224.94,224.94,138.02,138.02,138.02,138.02,152.41,152.41,152.41,152.41,182.27,182.27,182.27,182.27,198.29,198.29,198.29,198.29,224.64,224.64,224.64,224.64,137.37,137.37,137.37,137.37,160.42,160.42,160.42,160.42,156.87,156.87,156.87,156.87,151.4,151.4,151.4,151.4,145.38,145.38
81,Dividend / Share(Rs.),10,10,10,10,16,16,16,16,16,16,16,16,8,8,8,8,9,9,9,9,7,7,7,7,4,4,4,4,7.5,7.5,7.5,7.5,12,12,12,12,12,12,12,12,10,10,10,10,30,30,30,30,16,16,16,16,24,24,24,24,12,12,12,12,8,8,8,8,10,10,10,10,10,10,10,10,42,42,42,42,48,48,48,48,52,52
82,Revenue from Operations/Share (Rs.),38.09,38.09,38.09,38.09,45.33,45.33,45.33,45.33,93.77,93.77,93.77,93.77,56.78,56.78,56.78,56.78,69.26,69.26,69.26,69.26,69.75,69.75,69.75,69.75,74.82,74.82,74.82,74.82,98.66,98.66,98.66,98.66,128.48,128.48,128.48,128.48,179.63,179.63,179.63,179.63,235.68,235.68,235.68,235.68,122,122,122,122,95.25,95.25,95.25,95.25,135.56,135.56,135.56,135.56,158.8,158.8,158.8,158.8,191.97,191.97,191.97,191.97,120.1,120.1,120.1,120.1,131.39,131.39,131.39,131.39,149.68,149.68,149.68,149.68,170.45,170.45,170.45,170.45,177.23,177.23
83,PBDIT/Share (Rs.),13.55,13.55,13.55,13.55,12.9,12.9,12.9,12.9,24.84,24.84,24.84,24.84,20.6,20.6,20.6,20.6,16.66,16.66,16.66,16.66,21.95,21.95,21.95,21.95,22.46,22.46,22.46,22.46,24.43,24.43,24.43,24.43,40.55,40.55,40.55,40.55,71.31,71.31,71.31,71.31,113.86,113.86,113.86,113.86,57.32,57.32,57.32,57.32,43.28,43.28,43.28,43.28,61.82,61.82,61.82,61.82,72.24,72.24,72.24,72.24,82.83,82.83,82.83,82.83,49.23,49.23,49.23,49.23,56.72,56.72,56.72,56.72,58.9,58.9,58.9,58.9,63.62,63.62,63.62,63.62,66.12,66.12
84,PBIT/Share (Rs.),11.63,11.63,11.63,11.63,10.78,10.78,10.78,10.78,20.55,20.55,20.55,20.55,17.91,17.91,17.91,17.91,13.39,13.39,13.39,13.39,18.19,18.19,18.19,18.19,18.42,18.42,18.42,18.42,20.2,20.2,20.2,20.2,35.45,35.45,35.45,35.45,64.97,64.97,64.97,64.97,106.85,106.85,106.85,106.85,55.19,55.19,55.19,55.19,41.32,41.32,41.32,41.32,58.46,58.46,58.46,58.46,65.81,65.81,65.81,65.81,73.41,73.41,73.41,73.41,42.04,42.04,42.04,42.04,46.36,46.36,46.36,46.36,49.27,49.27,49.27,49.27,54.67,54.67,54.67,54.67,57.39,57.39
85,PBT/Share (Rs.),11.47,11.47,11.47,11.47,10.62,10.62,10.62,10.62,20.21,20.21,20.21,20.21,17.74,17.74,17.74,17.74,13.13,13.13,13.13,13.13,17.81,17.81,17.81,17.81,16.98,16.98,16.98,16.98,18.73,18.73,18.73,18.73,34.05,34.05,34.05,34.05,65.22,65.22,65.22,65.22,105.68,105.68,105.68,105.68,54.75,54.75,54.75,54.75,40.99,40.99,40.99,40.99,58.08,58.08,58.08,58.08,65.65,65.65,65.65,65.65,73.29,73.29,73.29,73.29,41.17,41.17,41.17,41.17,45.71,45.71,45.71,45.71,48.87,48.87,48.87,48.87,54.2,54.2,54.2,54.2,56.93,56.93
86,Net Profit/Share (Rs.),11,11,11,11,10.32,10.32,10.32,10.32,19.74,19.74,19.74,19.74,16.6,16.6,16.6,16.6,11.72,11.72,11.72,11.72,14.88,14.88,14.88,14.88,15.56,15.56,15.56,15.56,17.4,17.4,17.4,17.4,28.13,28.13,28.13,28.13,53.16,53.16,53.16,53.16,85.49,85.49,85.49,85.49,45.13,45.13,45.13,45.13,33.46,33.46,33.46,33.46,48.23,48.23,48.23,48.23,52.96,52.96,52.96,52.96,60.41,60.41,60.41,60.41,33.03,33.03,33.03,33.03,32.2,32.2,32.2,32.2,40.05,40.05,40.05,40.05,42.21,42.21,42.21,42.21,43,43
88,PBDIT Margin (%),35.57,35.57,35.57,35.57,28.44,28.44,28.44,28.44,26.49,26.49,26.49,26.49,36.27,36.27,36.27,36.27,24.05,24.05,24.05,24.05,31.46,31.46,31.46,31.46,30.01,30.01,30.01,30.01,24.76,24.76,24.76,24.76,31.55,31.55,31.55,31.55,39.69,39.69,39.69,39.69,48.31,48.31,48.31,48.31,46.98,46.98,46.98,46.98,45.43,45.43,45.43,45.43,45.59,45.59,45.59,45.59,45.48,45.48,45.48,45.48,43.14,43.14,43.14,43.14,40.99,40.99,40.99,40.99,43.16,43.16,43.16,43.16,39.35,39.35,39.35,39.35,37.32,37.32,37.32,37.32,37.3,37.3
89,PBIT Margin (%),30.52,30.52,30.52,30.52,23.77,23.77,23.77,23.77,21.91,21.91,21.91,21.91,31.54,31.54,31.54,31.54,19.33,19.33,19.33,19.33,26.08,26.08,26.08,26.08,24.62,24.62,24.62,24.62,20.47,20.47,20.47,20.47,27.59,27.59,27.59,27.59,36.16,36.16,36.16,36.16,45.33,45.33,45.33,45.33,45.23,45.23,45.23,45.23,43.37,43.37,43.37,43.37,43.12,43.12,43.12,43.12,41.44,41.44,41.44,41.44,38.24,38.24,38.24,38.24,35,35,35,35,35.28,35.28,35.28,35.28,32.91,32.91,32.91,32.91,32.07,32.07,32.07,32.07,32.38,32.38
90,PBT Margin (%),30.1,30.1,30.1,30.1,23.42,23.42,23.42,23.42,21.55,21.55,21.55,21.55,31.24,31.24,31.24,31.24,18.96,18.96,18.96,18.96,25.53,25.53,25.53,25.53,22.69,22.69,22.69,22.69,18.98,18.98,18.98,18.98,26.5,26.5,26.5,26.5,36.3,36.3,36.3,36.3,44.84,44.84,44.84,44.84,44.88,44.88,44.88,44.88,43.03,43.03,43.03,43.03,42.84,42.84,42.84,42.84,41.34,41.34,41.34,41.34,38.17,38.17,38.17,38.17,34.27,34.27,34.27,34.27,34.78,34.78,34.78,34.78,32.64,32.64,32.64,32.64,31.8,31.8,31.8,31.8,32.12,32.12
91,Net Profit Margin (%),28.87,28.87,28.87,28.87,22.75,22.75,22.75,22.75,21.04,21.04,21.04,21.04,29.23,29.23,29.23,29.23,16.91,16.91,16.91,16.91,21.33,21.33,21.33,21.33,20.79,20.79,20.79,20.79,17.63,17.63,17.63,17.63,21.89,21.89,21.89,21.89,29.59,29.59,29.59,29.59,36.27,36.27,36.27,36.27,36.99,36.99,36.99,36.99,35.12,35.12,35.12,35.12,35.57,35.57,35.57,35.57,33.35,33.35,33.35,33.35,31.46,31.46,31.46,31.46,27.5,27.5,27.5,27.5,24.5,24.5,24.5,24.5,26.75,26.75,26.75,26.75,24.76,24.76,24.76,24.76,24.26,24.26
92,Return on Networth / Equity (%),14.21,14.21,14.21,14.21,11.51,11.51,11.51,11.51,24.78,24.78,24.78,24.78,32.16,32.16,32.16,32.16,24.29,24.29,24.29,24.29,28.59,28.59,28.59,28.59,21.4,21.4,21.4,21.4,20.45,20.45,20.45,20.45,29.53,29.53,29.53,29.53,36.2,36.2,36.2,36.2,38,38,38,38,32.7,32.7,32.7,32.7,21.95,21.95,21.95,21.95,26.46,26.46,26.46,26.46,26.7,26.7,26.7,26.7,26.88,26.88,26.88,26.88,24.04,24.04,24.04,24.04,20.07,20.07,20.07,20.07,25.53,25.53,25.53,25.53,27.87,27.87,27.87,27.87,29.57,29.57
93,Return on Capital Employed (%),13.63,13.63,13.63,13.63,11.13,11.13,11.13,11.13,24.64,24.64,24.64,24.64,31.79,31.79,31.79,31.79,24.09,24.09,24.09,24.09,28.36,28.36,28.36,28.36,17.69,17.69,17.69,17.69,17.36,17.36,17.36,17.36,25.51,25.51,25.51,25.51,32.57,32.57,32.57,32.57,36.33,36.33,36.33,36.33,31.86,31.86,31.86,31.86,21.37,21.37,21.37,21.37,31.49,31.49,31.49,31.49,32.52,32.52,32.52,32.52,32,32,32,32,28.84,28.84,28.84,28.84,27.76,27.76,27.76,27.76,30.14,30.14,30.14,30.14,34.76,34.76,34.76,34.76,37.23,37.23
94,Return on Assets (%),10.96,10.96,10.96,10.96,9.03,9.03,9.03,9.03,17.13,17.13,17.13,17.13,22.48,22.48,22.48,22.48,13.47,13.47,13.47,13.47,15.11,15.11,15.11,15.11,12.43,12.43,12.43,12.43,13.21,13.21,13.21,13.21,17.93,17.93,17.93,17.93,23.21,23.21,23.21,23.21,27.43,27.43,27.43,27.43,25.47,25.47,25.47,25.47,17.74,17.74,17.74,17.74,21.23,21.23,21.23,21.23,22.43,22.43,22.43,22.43,21.85,21.85,21.85,21.85,16.75,16.75,16.75,16.75,15.79,15.79,15.79,15.79,20.35,20.35,20.35,20.35,21.47,21.47,21.47,21.47,22.31,22.31
95,Total Debt/Equity (X),0.04,0.04,0.04,0.04,0.03,0.03,0.03,0.03,0.01,0.01,0.01,0.01,0.01,0.01,0.01,0.01,0.01,0.01,0.01,0.01,0.15,0.15,0.15,0.15,0.28,0.28,0.28,0.28,0.14,0.14,0.14,0.14,0.11,0.11,0.11,0.11,0.06,0.06,0.06,0.06,0,0,0,0,0,0,0,0,0,0,0,0,0,0,0,0,0,0,0,0,0,0,0,0,0,0,0,0,0,0,0,0,0.01,0.01,0.01,0.01,0,0,0,0,0,0
96,Asset Turnover Ratio (%),37.97,37.97,37.97,37.97,39.71,39.71,39.71,39.71,81.4,81.4,81.4,81.4,76.91,76.91,76.91,76.91,79.67,79.67,79.67,79.67,70.86,70.86,70.86,70.86,59.81,59.81,59.81,59.81,74.95,74.95,74.95,74.95,81.89,81.89,81.89,81.89,78.43,78.43,78.43,78.43,75.62,75.62,75.62,75.62,68.84,68.84,68.84,68.84,50.52,50.52,50.52,50.52,59.67,59.67,59.67,59.67,67.25,67.25,67.25,67.25,69.44,69.44,69.44,69.44,60.92,60.92,60.92,60.92,64.43,64.43,64.43,64.43,0.75,0.75,0.75,0.75,0.87,0.87,0.87,0.87,0.91,0.91
98,Current Ratio (X),0.67,0.67,0.67,0.67,0.8,0.8,0.8,0.8,0.98,0.98,0.98,0.98,1.39,1.39,1.39,1.39,1.06,1.06,1.06,1.06,1.47,1.47,1.47,1.47,1.87,1.87,1.87,1.87,1.91,1.91,1.91,1.91,1.45,1.45,1.45,1.45,1.88,1.88,1.88,1.88,2.62,2.62,2.62,2.62,3.23,3.23,3.23,3.23,3.91,3.91,3.91,3.91,3.06,3.06,3.06,3.06,3.29,3.29,3.29,3.29,2.93,2.93,2.93,2.93,1.69,1.69,1.69,1.69,2.77,2.77,2.77,2.77,2.97,2.97,2.97,2.97,2.68,2.68,2.68,2.68,2.82,2.82
99,Quick Ratio (X),0.67,0.67,0.67,0.67,0.8,0.8,0.8,0.8,0.98,0.98,0.98,0.98,1.39,1.39,1.39,1.39,1.06,1.06,1.06,1.06,1.44,1.44,1.44,1.44,1.87,1.87,1.87,1.87,1.85,1.85,1.85,1.85,1.42,1.42,1.42,1.42,1.86,1.86,1.86,1.86,2.62,2.62,2.62,2.62,3.22,3.22,3.22,3.22,3.88,3.88,3.88,3.88,3.05,3.05,3.05,3.05,3.28,3.28,3.28,3.28,2.93,2.93,2.93,2.93,1.69,1.69,1.69,1.69,2.76,2.76,2.76,2.76,2.97,2.97,2.97,2.97,2.68,2.68,2.68,2.68,2.82,2.82
100,Inventory Turnover Ratio (X),0,0,0,0,0,0,0,0,0,0,0,0,0,0,0,0,0,0,0,0,53.73,53.73,53.73,53.73,421.82,421.82,421.82,421.82,54.37,54.37,54.37,54.37,89.08,89.08,89.08,89.08,152.95,152.95,152.95,152.95,1061.61,1061.61,1061.61,1061.61,205.06,205.06,205.06,205.06,104.5,104.5,104.5,104.5,214.64,214.64,214.64,214.64,551.83,551.83,551.83,551.83,1445.11,1445.11,1445.11,1445.11,2329,2329,2329,2329,1981.83,1981.83,1981.83,1981.83,0,0,0,0,0,0,0,0,0,0
101,Dividend Payout Ratio (NP) (%),90.82,90.82,90.82,90.82,152.38,152.38,152.38,152.38,80.84,80.84,80.84,80.84,47.7,47.7,47.7,47.7,76.67,76.67,76.67,76.67,47.08,47.08,47.08,47.08,25.58,25.58,25.58,25.58,42.93,42.93,42.93,42.93,42.58,42.58,42.58,42.58,22.54,22.54,22.54,22.54,11.7,11.7,11.7,11.7,37.59,37.59,37.59,37.59,57.16,57.16,57.16,57.16,49.26,49.26,49.26,49.26,22.98,22.98,22.98,22.98,13.42,13.42,13.42,13.42,15.12,15.12,15.12,15.12,37.25,37.25,37.25,37.25,104.75,104.75,104.75,104.75,113.4,113.4,113.4,113.4,120.6,120.6
102,Dividend Payout Ratio (CP) (%),76.82,76.82,76.82,76.82,126.43,126.43,126.43,126.43,66.4,66.4,66.4,66.4,41.06,41.06,41.06,41.06,59.94,59.94,59.94,59.94,37.59,37.59,37.59,37.59,20.31,20.31,20.31,20.31,34.53,34.53,34.53,34.53,36.05,36.05,36.05,36.05,20.14,20.14,20.14,20.14,10.81,10.81,10.81,10.81,35.89,35.89,35.89,35.89,53.99,53.99,53.99,53.99,46.06,46.06,46.06,46.06,20.49,20.49,20.49,20.49,11.61,11.61,11.61,11.61,12.42,12.42,12.42,12.42,28.18,28.18,28.18,28.18,84.44,84.44,84.44,84.44,93.55,93.55,93.55,93.55,100.24,100.24
103,Earnings Retention Ratio (%),9.18,9.18,9.18,9.18,-52.38,-52.38,-52.38,-52.38,19.16,19.16,19.16,19.16,52.3,52.3,52.3,52.3,23.33,23.33,23.33,23.33,52.92,52.92,52.92,52.92,74.42,74.42,74.42,74.42,57.07,57.07,57.07,57.07,57.42,57.42,57.42,57.42,77.46,77.46,77.46,77.46,88.3,88.3,88.3,88.3,62.41,62.41,62.41,62.41,42.84,42.84,42.84,42.84,50.74,50.74,50.74,50.74,77.02,77.02,77.02,77.02,86.58,86.58,86.58,86.58,84.88,84.88,84.88,84.88,62.75,62.75,62.75,62.75,-4.75,-4.75,-4.75,-4.75,-13.4,-13.4,-13.4,-13.4,-20.6,-20.6
104,Cash Earnings Retention Ratio (%),23.18,23.18,23.18,23.18,-26.43,-26.43,-26.43,-26.43,33.6,33.6,33.6,33.6,58.94,58.94,58.94,58.94,40.06,40.06,40.06,40.06,62.41,62.41,62.41,62.41,79.69,79.69,79.69,79.69,65.47,65.47,65.47,65.47,63.95,63.95,63.95,63.95,79.86,79.86,79.86,79.86,89.19,89.19,89.19,89.19,64.11,64.11,64.11,64.11,46.01,46.01,46.01,46.01,53.94,53.94,53.94,53.94,79.51,79.51,79.51,79.51,88.39,88.39,88.39,88.39,87.58,87.58,87.58,87.58,71.82,71.82,71.82,71.82,15.56,15.56,15.56,15.56,6.45,6.45,6.45,6.45,-0.24,-0.24
106,Enterprise Value (Cr.),8855.15,8855.15,8855.15,8855.15,12425.85,12425.85,12425.85,12425.85,16147.58,16147.58,16147.58,16147.58,22491.23,22491.23,22491.23,22491.23,16043.84,16043.84,16043.84,16043.84,11594.44,11594.44,11594.44,11594.44,25177.37,25177.37,25177.37,25177.37,33877.6,33877.6,33877.6,33877.6,32672.62,32672.62,32672.62,32672.62,51888.84,51888.84,51888.84,51888.84,96904.12,96904.12,96904.12,96904.12,120697.44,120697.44,120697.44,120697.44,106192.95,106192.95,106192.95,106192.95,116478.63,116478.63,116478.63,116478.63,132468.5,132468.5,132468.5,132468.5,141183,141183,141183,141183,117446.63,117446.63,117446.63,117446.63,262157.68,262157.68,262157.68,262157.68,311226.53,311226.53,311226.53,311226.53,288863.3,288863.3,288863.3,288863.3,411429.95,411429.95
107,EV/Net Operating Revenue (X),7.85,7.85,7.85,7.85,8.59,8.59,8.59,8.59,5.32,5.32,5.32,5.32,5.97,5.97,5.97,5.97,3.48,3.48,3.48,3.48,2.48,2.48,2.48,2.48,4.96,4.96,4.96,4.96,4.99,4.99,4.99,4.99,3.67,3.67,3.67,3.67,4.15,4.15,4.15,4.15,5.87,5.87,5.87,5.87,7.04,7.04,7.04,7.04,7.9,7.9,7.9,7.9,6.03,6.03,6.03,6.03,6,6,6,6,5.43,5.43,5.43,5.43,3.6,3.6,3.6,3.6,7.35,7.35,7.35,7.35,7.66,7.66,7.66,7.66,6.24,6.24,6.24,6.24,8.55,8.55
108,EV/EBITDA (X),22.07,22.07,22.07,22.07,30.19,30.19,30.19,30.19,20.1,20.1,20.1,20.1,16.45,16.45,16.45,16.45,14.45,14.45,14.45,14.45,7.88,7.88,7.88,7.88,16.51,16.51,16.51,16.51,20.13,20.13,20.13,20.13,11.62,11.62,11.62,11.62,10.44,10.44,10.44,10.44,12.16,12.16,12.16,12.16,14.98,14.98,14.98,14.98,17.4,17.4,17.4,17.4,13.22,13.22,13.22,13.22,13.19,13.19,13.19,13.19,12.58,12.58,12.58,12.58,8.79,8.79,8.79,8.79,17.02,17.02,17.02,17.02,19.46,19.46,19.46,19.46,16.72,16.72,16.72,16.72,22.92,22.92
109,MarketCap/Net Operating Revenue (X),7.83,7.83,7.83,7.83,8.58,8.58,8.58,8.58,5.35,5.35,5.35,5.35,6.06,6.06,6.06,6.06,3.62,3.62,3.62,3.62,2.66,2.66,2.66,2.66,4.88,4.88,4.88,4.88,5,5,5,5,3.71,3.71,3.71,3.71,4.32,4.32,4.32,4.32,6.35,6.35,6.35,6.35,7.55,7.55,7.55,7.55,8.55,8.55,8.55,8.55,6.44,6.44,6.44,6.44,6.11,6.11,6.11,6.11,5.67,5.67,5.67,5.67,3.64,3.64,3.64,3.64,7.48,7.48,7.48,7.48,7.77,7.77,7.77,7.77,6.37,6.37,6.37,6.37,8.71,8.71
110,Retention Ratios (%),9.17,9.17,9.17,9.17,-52.38,-52.38,-52.38,-52.38,19.15,19.15,19.15,19.15,52.29,52.29,52.29,52.29,23.32,23.32,23.32,23.32,52.91,52.91,52.91,52.91,74.41,74.41,74.41,74.41,57.06,57.06,57.06,57.06,57.41,57.41,57.41,57.41,77.45,77.45,77.45,77.45,88.29,88.29,88.29,88.29,62.4,62.4,62.4,62.4,42.83,42.83,42.83,42.83,50.73,50.73,50.73,50.73,77.01,77.01,77.01,77.01,86.57,86.57,86.57,86.57,84.87,84.87,84.87,84.87,62.74,62.74,62.74,62.74,-4.75,-4.75,-4.75,-4.75,-13.4,-13.4,-13.4,-13.4,-20.6,-20.6
111,Price/BV (X),3.85,3.85,3.85,3.85,4.34,4.34,4.34,4.34,6.3,6.3,6.3,6.3,6.67,6.67,6.67,6.67,5.2,5.2,5.2,5.2,3.57,3.57,3.57,3.57,5.02,5.02,5.02,5.02,5.8,5.8,5.8,5.8,5,5,5,5,5.29,5.29,5.29,5.29,6.65,6.65,6.65,6.65,6.67,6.67,6.67,6.67,5.34,5.34,5.34,5.34,4.79,4.79,4.79,4.79,4.89,4.89,4.89,4.89,4.84,4.84,4.84,4.84,3.18,3.18,3.18,3.18,6.13,6.13,6.13,6.13,7.42,7.42,7.42,7.42,7.17,7.17,7.17,7.17,10.62,10.62
112,Price/Net Operating Revenue,7.83,7.83,7.83,7.83,8.58,8.58,8.58,8.58,5.35,5.35,5.35,5.35,6.06,6.06,6.06,6.06,3.62,3.62,3.62,3.62,2.66,2.66,2.66,2.66,4.88,4.88,4.88,4.88,5,5,5,5,3.71,3.71,3.71,3.71,4.32,4.32,4.32,4.32,6.35,6.35,6.35,6.35,7.55,7.55,7.55,7.55,8.55,8.55,8.55,8.55,6.44,6.44,6.44,6.44,6.11,6.11,6.11,6.11,5.67,5.67,5.67,5.67,3.64,3.64,3.64,3.64,7.48,7.48,7.48,7.48,7.77,7.77,7.77,7.77,6.37,6.37,6.37,6.37,8.71,8.71
113,Earnings Yield,0.04,0.04,0.04,0.04,0.03,0.03,0.03,0.03,0.04,0.04,0.04,0.04,0.05,0.05,0.05,0.05,0.05,0.05,0.05,0.05,0.08,0.08,0.08,0.08,0.04,0.04,0.04,0.04,0.04,0.04,0.04,0.04,0.06,0.06,0.06,0.06,0.07,0.07,0.07,0.07,0.06,0.06,0.06,0.06,0.05,0.05,0.05,0.05,0.04,0.04,0.04,0.04,0.06,0.06,0.06,0.06,0.05,0.05,0.05,0.05,0.06,0.06,0.06,0.06,0.08,0.08,0.08,0.08,0.03,0.03,0.03,0.03,0.03,0.03,0.03,0.03,0.04,0.04,0.04,0.04,0.03,0.03
115,Total Income From Operations,5605.158182,5605.158182,5605.158182,5605.158182,5605.158182,5605.158182,5605.158182,5605.158182,5605.158182,5605.158182,5605.158182,5605.158182,5605.158182,5605.158182,5605.158182,5605.158182,1275.58,1107.75,1175.8,1304.85,1048.9,1145.54,1247.32,1213.71,1287.11,1330.61,1498.32,1649.06,1697.73,1949.36,1979.22,2191.18,2164.72,2572.1,2696.72,2766.22,2943.69,4111.19,3843.81,3836.21,4045.91,4771.44,4054.4,4247.59,4385.95,4465.5,4350.15,4471.85,4612.64,4608.8,4705.77,4889.26,5114.48,5179,5460,5723,5711,6013,6485,6556,6958,6765,8130,8654,9057,8362,8658,9404,9249,9556,9786,10662,10634,10817,11424,12398,11637,11451,12059,12531,12077,11784
121,Employees Cost,91.07,95.26,114.43,118.09,126.24,132.27,157.84,429.42,288.35,296.29,334.13,363.7,380.68,370.08,416.85,437.9,430.5,441.13,488.71,509.12,459.66,472.73,496.72,478.92,592.13,619.88,766.82,830.23,830.92,831.12,931.22,991.59,989.06,1011.19,1113.4,1096.06,1143.56,1275.59,1286.78,1261.07,1269.09,1307.01,1368.13,1457.59,1535.66,1563.24,1635.14,1651.37,1580.41,1569.51,1639.67,1694.91,1939.29,1761,1890,1878,1836,1861,2008,2064,2146,2329,2444,2521,2622,2650,2835,2886,3378,3440,3751,4200,4481,4661,4899,5100,5139,5185,5305,5173,5302,5405
122,depreciat,13.89,14.73,15.35,16.44,17.47,18.3,18.96,50.84,34.29,34.7,38.04,44.04,46.37,49.76,50.04,52.73,55.73,59.37,62.42,60.65,62.4,66.42,68.45,67.4,64.73,73.43,73.43,72.15,69.54,76.25,82.08,86.26,89.84,94.89,100.56,103.84,102.84,134.66,124.31,120.11,119.04,127.24,69.35,72.28,74.52,83.77,88.38,95.71,92.8,93.36,102.27,123.42,159.84,131,184,294,284,318,312,328,318,393,393,566,600,651,659,719,784,660,644,728,583,586,560,686,599,506,583,678,604,571
128,Other Expenses,84.62,103.41,94.2,98.7,99.45,186.79,127.15,183.96,176.14,333.63,336.17,218.39,226.64,214.83,243.2,257.43,309.72,477.52,244.7,236.35,225.02,375.46,369.69,407.54,218.21,397.76,453.18,451.11,498.58,615.41,516.95,516,595.87,688.92,637.96,644.13,760.24,1195.82,934.01,1012.66,1065.65,1050.21,888.87,924.99,1101.37,1243.3,1115.68,1010.95,1131.49,904.06,1080.12,1153.58,1240.29,1234,1243,1271,1433,1626,1773,1825,2127,1891,2486,2580,2805,2212,2054,2250,2834,2358,2351,2510,2285,2363,2546,2666,2503,2547,2402,2506,2677,2636
129,"P/L Before Other Inc. , Int., Excpt. Items & Tax",1816.820455,1816.820455,1816.820455,1816.820455,1816.820455,1816.820455,1816.820455,1816.820455,1816.820455,1816.820455,1816.820455,1816.820455,1816.820455,1816.820455,1816.820455,1816.820455,255.54,2.53,227.01,356.39,141.87,230.93,312.46,259.85,279.28,239.54,204.89,295.57,298.69,426.58,448.97,597.33,489.95,777.1,844.8,922.19,937.05,1505.12,1498.71,1442.37,1592.13,2286.98,1728.05,1792.73,1674.4,1489.25,1491.44,1692.72,1732.68,2015.7,1860.2,1902.32,1677.83,1981,2115,2247,2103,2167,2377,2270,2328,2135,2778,2936,2979,2825,3080,3488,2229,3082,3000,3172,3243,3181,3393,3870,3368,3176,3731,4159,3439,3127
130,Other Income,42.06,36.88,42.73,10.4,15.26,21.49,11.97,31.71,21.22,18.45,30.88,46.55,64.4,297.59,43.25,56.1,36.25,34.81,49.86,125.61,44.17,46.17,47.87,45.51,34.06,35.61,42.02,38.53,37.86,47.12,49.55,25.35,31.55,38.21,43.7,39.92,60.37,174.51,114.27,139.65,169.93,235.27,365.08,253.08,251.97,204.61,268.11,361.13,283.4,220.01,237.87,187.53,230.64,199,162,143,198,211,264,116,214,209,93,127,158,316,181,218,250,261,177,187,255,334,184,288,225,262,252,261,301,321
131,"P/L Before Int., Excpt. Items & Tax",1983.762273,1983.762273,1983.762273,1983.762273,1983.762273,1983.762273,1983.762273,1983.762273,1983.762273,1983.762273,1983.762273,1983.762273,1983.762273,1983.762273,1983.762273,1983.762273,291.79,37.34,276.87,482,186.04,277.1,360.33,305.36,313.34,275.15,246.91,334.1,336.55,473.7,498.52,622.68,521.5,815.31,888.5,962.11,997.42,1679.63,1612.98,1582.02,1762.06,2522.25,2093.13,2045.81,1926.37,1693.86,1759.55,2053.85,2016.08,2235.71,2098.07,2089.85,1908.47,2180,2277,2390,2301,2378,2641,2386,2542,2344,2871,3063,3137,3141,3261,3706,2479,3343,3177,3359,3498,3515,3577,4158,3593,3438,3983,4420,3740,3448
132,Interest,1.01,2.25,0.82,1.36,1.68,1.76,1.42,4,1.59,5.73,2.91,4.15,2.55,3.36,3.8,5.76,6.15,3.36,2.56,3.3,1.9,20.33,15.23,36.07,24.61,25.45,26.29,25.41,24.51,25.19,22.29,22.14,28.92,23.92,22.84,19.66,19.96,14,18.47,21.54,19.18,22.46,21.49,12.47,12.21,14.47,16.65,14.74,14.43,10.27,2.49,9.43,33.84,6,5,6,6,5,4,5,2,27,72,72,67,66,27,64,20,30,25,28,26,27,33,33,34,29,33,29,34,47
133,P/L Before Exceptional Items & Tax,1960.728485,1960.728485,1960.728485,1960.728485,1960.728485,1960.728485,1960.728485,1960.728485,1960.728485,1960.728485,1960.728485,1960.728485,1960.728485,1960.728485,1960.728485,1960.728485,285.64,33.98,274.31,478.7,184.14,256.77,345.1,269.29,288.73,249.7,220.62,308.69,312.04,448.51,476.23,600.54,492.58,791.39,865.66,942.45,977.46,1665.63,1594.51,1560.48,1742.88,2499.79,2071.64,2033.34,1914.16,1679.39,1742.9,2039.11,2001.65,2225.44,2095.58,2080.42,1874.63,2174,2272,2384,2295,2373,2637,2381,2540,2317,2799,2991,3070,3075,3234,3642,2459,3313,3152,3331,3472,3488,3544,4125,3559,3409,3950,4391,3706,3401
135,P/L Before Tax,1962.145758,1962.145758,1962.145758,1962.145758,1962.145758,1962.145758,1962.145758,1962.145758,1962.145758,1962.145758,1962.145758,1962.145758,1962.145758,1962.145758,1962.145758,1962.145758,285.64,33.98,274.31,478.7,184.14,256.77,345.1,269.29,288.73,249.7,220.62,308.69,312.04,448.51,476.23,600.54,492.58,791.39,865.66,942.45,977.46,1759.17,1594.51,1560.48,1742.88,2499.79,2071.64,2033.34,1914.16,1679.39,1742.9,2039.11,2001.65,2225.44,2095.58,2080.42,1874.63,2174,2272,2384,2295,2373,2637,2381,2540,2317,2799,2991,3070,3075,3234,3642,2459,3313,3152,3331,3472,3488,3544,4125,3559,3409,3950,4391,3706,3401
136,Tax,0.02,6.34,4.46,2.52,2.93,-0.25,3.14,6.93,-1,6.38,5.44,4.91,8.9,56.62,11.78,12.75,22.56,47.52,20.52,80.69,31.57,63.83,44.35,13.85,26.16,11.88,25.74,22.72,52.02,62.92,78.68,106.57,92.43,132.64,165.82,217.73,144.5,311.96,303.54,262.61,330.34,516.55,389.08,369.87,349.42,244.22,343.61,389.45,330.14,426.15,404.86,418.88,153.49,412,482,415,454,387,483,367,509,524,567,547,570,715,704,245,2003,641,590,694,469,810,803,929,715,813,984,1042,943,922
137,P/L After Tax from Ordinary Activities,1556.875,1556.875,1556.875,1556.875,1556.875,1556.875,1556.875,1556.875,1556.875,1556.875,1556.875,1556.875,1556.875,1556.875,1556.875,1556.875,263.08,-13.54,253.79,398.01,152.57,192.94,300.75,255.44,262.57,237.82,194.88,285.97,260.02,385.59,397.55,493.97,400.15,658.75,699.84,724.72,832.96,1447.21,1290.97,1297.87,1412.54,1983.24,1682.56,1663.47,1564.74,1435.17,1399.29,1649.66,1671.51,1799.29,1690.72,1661.54,1721.14,1762,1790,1969,1841,1986,2154,2014,2031,1793,2232,2444,2500,2360,2530,3397,456,2672,2562,2637,3003,2678,2741,3196,2844,2596,2966,3349,2763,2479
140,Net Profit/(Loss) For the Period,97.48,57.71,90.75,76.54,76.76,85.22,89.39,277.79,134.76,136.45,205.83,266.14,238.59,391.23,264.17,266.95,263.08,-13.54,253.79,398.01,152.57,192.94,300.75,255.44,262.57,237.82,194.88,285.97,331.81,385.59,397.55,493.97,400.15,658.75,699.84,724.72,832.96,1447.21,1290.97,1297.87,1412.54,1983.24,1682.56,1663.47,1564.74,1435.17,1399.29,1649.66,1671.51,1799.29,1690.72,1661.54,1721.14,1762,1790,1969,1841,1986,2154,2014,2031,1793,2232,2444,2500,2360,2530,3397,456,2672,2562,2637,3003,2678,2741,3196,2844,2596,2966,3349,2763,2479
141,Equity Share Capital,59.18,59.22,59.3,63.44,63.63,63.84,64,64.33,64.56,64.69,64.83,64.95,132.74,132.74,132.76,132.76,133.03,133.27,133.74,133.93,133.95,134.05,134.25,134.7,135.22,135.76,136,136.81,137.15,137.74,137.96,138.15,138.47,138.66,138.81,138.91,139.22,139.37,139.56,139.77,139.88,140,140.26,140.47,281.14,281.2,281.25,281.86,282.08,282.15,282.18,282.24,285.36,285.36,278.41,278.41,278.45,278.45,279,271.25,271.25,271.25,271,542.73,543,542.73,543,542.73,543,543,543,543,543,543,543,543,543,543,543,543,543,543
