,WIPRO,4-Mar,4-Jun,4-Sep,4-Dec,5-Mar,5-Jun,5-Sep,5-Dec,6-Mar,6-Jun,6-Sep,6-Dec,7-Mar,7-Jun,7-Sep,7-Dec,8-Mar,8-Jun,8-Sep,8-Dec,9-Mar,9-Jun,9-Sep,9-Dec,10-Mar,10-Jun,10-Sep,10-Dec,11-Mar,11-Jun,11-Sep,11-Dec,12-Mar,12-Jun,12-Sep,12-Dec,13-Mar,13-Jun,13-Sep,13-Dec,14-Mar,14-Jun,14-Sep,14-Dec,15-Mar,15-Jun,15-Sep,15-Dec,16-Mar,16-Jun,16-Sep,16-Dec,17-Mar,17-Jun,17-Sep,17-Dec,18-Mar,18-Jun,18-Sep,18-Dec,19-Mar,19-Jun,19-Sep,19-Dec,20-Mar,20-Jun,20-Sep,20-Dec,21-Mar,21-Jun,21-Sep,21-Dec,22-Mar,22-Jun,22-Sep,22-Dec,23-Mar,23-Jun,23-Sep,23-Dec,24-Mar,24-Jun
0,Close,51.04500198,59.86125183,67.13999939,84.24000549,75.48188019,86.20875549,83.5762558,104.2537537,125.9325027,115.5037537,118.1025085,136.3274994,125.8650055,116.6512527,103.5562515,118.2712555,97.22250366,98.98875427,76.47750092,52.5150032,55.3275032,85.03875732,135.4725037,153,159.0637512,144.1875305,168.5437927,184.2187958,180.0750427,156.6000366,127.8000336,149.5125427,165.0375366,149.9625397,142.8937836,147.9375305,163.9312897,130.8750305,177.3937988,209.700058,203.7000427,204.9000549,223.8000488,208.200058,235.8188019,205.012558,224.1938019,209.9625549,211.5937958,209.231308,179.6062927,177.9187927,193.3875427,193.7625427,210.1875458,235.687561,210.8625488,196.1250458,243.000061,248.137558,254.8000031,280.5,239.8000031,245.8000031,196.6999969,219.6499939,313.5499878,386.25,414.1499939,545.6500244,634.0999756,715.3499756,591.9000244,416.0499878,394.25,392.75,365.25,389.1499939,406.0499878,471.2999878,480.1000061,514.8499756
3,Equity Share Capital,46.55,46.55,46.55,46.55,140.71,140.71,140.71,140.71,285.15,285.15,285.15,285.15,291.8,291.8,291.8,291.8,292.3,292.3,292.3,292.3,293,293,293,293,293.6,293.6,293.6,293.6,490.8,490.8,490.8,490.8,491.7,491.7,491.7,491.7,492.6,492.6,492.6,492.6,493.2,493.2,493.2,493.2,493.7,493.7,493.7,493.7,494.1,494.1,494.1,494.1,486.1,486.1,486.1,486.1,904.8,904.8,904.8,904.8,1206.8,1206.8,1206.8,1206.8,1142.7,1142.7,1142.7,1142.7,1095.8,1095.8,1095.8,1095.8,1096.4,1096.4,1096.4,1096.4,1097.6,1097.6,1097.6,1097.6,1045,1045
4,Total Share Capital,46.55,46.55,46.55,46.55,140.71,140.71,140.71,140.71,285.15,285.15,285.15,285.15,291.8,291.8,291.8,291.8,292.3,292.3,292.3,292.3,293,293,293,293,293.6,293.6,293.6,293.6,490.8,490.8,490.8,490.8,491.7,491.7,491.7,491.7,492.6,492.6,492.6,492.6,493.2,493.2,493.2,493.2,493.7,493.7,493.7,493.7,494.1,494.1,494.1,494.1,486.1,486.1,486.1,486.1,904.8,904.8,904.8,904.8,1206.8,1206.8,1206.8,1206.8,1142.7,1142.7,1142.7,1142.7,1095.8,1095.8,1095.8,1095.8,1096.4,1096.4,1096.4,1096.4,1097.6,1097.6,1097.6,1097.6,1045,1045
5,Reserves and Surplus,3461.04,3461.04,3461.04,3461.04,4751.73,4751.73,4751.73,4751.73,6135.3,6135.3,6135.3,6135.3,9025.1,9025.1,9025.1,9025.1,11260.4,11260.4,11260.4,11260.4,12220.5,12220.5,12220.5,12220.5,17396.8,17396.8,17396.8,17396.8,20829.4,20829.4,20829.4,20829.4,23860.8,23860.8,23860.8,23860.8,23736.9,23736.9,23736.9,23736.9,28862.7,28862.7,28862.7,28862.7,34127.9,34127.9,34127.9,34127.9,40731.6,40731.6,40731.6,40731.6,46219.5,46219.5,46219.5,46219.5,41357.8,41357.8,41357.8,41357.8,48185.2,48185.2,48185.2,48185.2,45311,45311,45311,45311,44145.8,44145.8,44145.8,44145.8,53254.3,53254.3,53254.3,53254.3,61101.5,61101.5,61101.5,61101.5,56736.9,56736.9
6,Total Reserves and Surplus,3461.04,3461.04,3461.04,3461.04,4751.73,4751.73,4751.73,4751.73,6135.3,6135.3,6135.3,6135.3,9025.1,9025.1,9025.1,9025.1,11260.4,11260.4,11260.4,11260.4,12220.5,12220.5,12220.5,12220.5,17396.8,17396.8,17396.8,17396.8,20829.4,20829.4,20829.4,20829.4,23860.8,23860.8,23860.8,23860.8,23736.9,23736.9,23736.9,23736.9,28862.7,28862.7,28862.7,28862.7,34127.9,34127.9,34127.9,34127.9,40731.6,40731.6,40731.6,40731.6,46219.5,46219.5,46219.5,46219.5,41357.8,41357.8,41357.8,41357.8,48185.2,48185.2,48185.2,48185.2,45311,45311,45311,45311,44145.8,44145.8,44145.8,44145.8,53254.3,53254.3,53254.3,53254.3,61101.5,61101.5,61101.5,61101.5,56736.9,56736.9
7,Total Shareholders Funds,3507.59,3507.59,3507.59,3507.59,4892.44,4892.44,4892.44,4892.44,6420.45,6420.45,6420.45,6420.45,9316.9,9316.9,9316.9,9316.9,11552.7,11552.7,11552.7,11552.7,12513.5,12513.5,12513.5,12513.5,17690.4,17690.4,17690.4,17690.4,21320.2,21320.2,21320.2,21320.2,24352.5,24352.5,24352.5,24352.5,24229.5,24229.5,24229.5,24229.5,29355.9,29355.9,29355.9,29355.9,34621.6,34621.6,34621.6,34621.6,41225.7,41225.7,41225.7,41225.7,46705.6,46705.6,46705.6,46705.6,42262.6,42262.6,42262.6,42262.6,49392,49392,49392,49392,46453.7,46453.7,46453.7,46453.7,45241.6,45241.6,45241.6,45241.6,54350.7,54350.7,54350.7,54350.7,62762.3,62762.3,62762.3,62762.3,57781.9,57781.9
9,Long Term Borrowings,6.11,6.11,6.11,6.11,5.7,5.7,5.7,5.7,5.27,5.27,5.27,5.27,238,238,238,238,3822.4,3822.4,3822.4,3822.4,110.4,110.4,110.4,110.4,90.3,90.3,90.3,90.3,1935.4,1935.4,1935.4,1935.4,2202.2,2202.2,2202.2,2202.2,59,59,59,59,1006.1,1006.1,1006.1,1006.1,1063.2,1063.2,1063.2,1063.2,1146.5,1146.5,1146.5,1146.5,1146.3,1146.3,1146.3,1146.3,72.4,72.4,72.4,72.4,22,22,22,22,25.1,25.1,25.1,25.1,14.1,14.1,14.1,14.1,5.7,5.7,5.7,5.7,0,0,0,0,0,0
10,Deferred Tax Liabilities [Net],0,0,0,0,2.7,2.7,2.7,2.7,0,0,0,0,0,0,0,0,0,0,0,0,0,0,0,0,0,0,0,0,0,0,0,0,5.8,5.8,5.8,5.8,52.8,52.8,52.8,52.8,137.9,137.9,137.9,137.9,56.7,56.7,56.7,56.7,72.2,72.2,72.2,72.2,139.1,139.1,139.1,139.1,46.3,46.3,46.3,46.3,10.4,10.4,10.4,10.4,0,0,0,0,130.5,130.5,130.5,130.5,0,0,0,0,253.1,253.1,253.1,253.1,448.8,448.8
11,Other Long Term Liabilities,0,0,0,0,0,0,0,0,0,0,0,0,0,0,0,0,0,0,0,0,0,0,0,0,0,0,0,0,265.9,265.9,265.9,265.9,35.5,35.5,35.5,35.5,11.8,11.8,11.8,11.8,62.9,62.9,62.9,62.9,28.1,28.1,28.1,28.1,869.5,869.5,869.5,869.5,952.7,952.7,952.7,952.7,1085.3,1085.3,1085.3,1085.3,1309.5,1309.5,1309.5,1309.5,2170.5,2170.5,2170.5,2170.5,2129.2,2129.2,2129.2,2129.2,2788.6,2788.6,2788.6,2788.6,3394.5,3394.5,3394.5,3394.5,4856.4,4856.4
12,Long Term Provisions,0,0,0,0,0,0,0,0,0,0,0,0,0,0,0,0,0,0,0,0,0,0,0,0,0,0,0,0,273.7,273.7,273.7,273.7,259.3,259.3,259.3,259.3,228.9,228.9,228.9,228.9,258.5,258.5,258.5,258.5,273.6,273.6,273.6,273.6,399.1,399.1,399.1,399.1,373.3,373.3,373.3,373.3,168.8,168.8,168.8,168.8,119.6,119.6,119.6,119.6,213.3,213.3,213.3,213.3,88.5,88.5,88.5,88.5,64.1,64.1,64.1,64.1,54.9,54.9,54.9,54.9,116.1,116.1
13,Total Non-Current Liabilities,6.11,6.11,6.11,6.11,8.4,8.4,8.4,8.4,5.27,5.27,5.27,5.27,238,238,238,238,3822.4,3822.4,3822.4,3822.4,110.4,110.4,110.4,110.4,90.3,90.3,90.3,90.3,2475,2475,2475,2475,2502.8,2502.8,2502.8,2502.8,352.5,352.5,352.5,352.5,1465.4,1465.4,1465.4,1465.4,1421.6,1421.6,1421.6,1421.6,2487.3,2487.3,2487.3,2487.3,2611.4,2611.4,2611.4,2611.4,1372.8,1372.8,1372.8,1372.8,1461.5,1461.5,1461.5,1461.5,2408.9,2408.9,2408.9,2408.9,2362.3,2362.3,2362.3,2362.3,2858.4,2858.4,2858.4,2858.4,3702.5,3702.5,3702.5,3702.5,5421.3,5421.3
15,Short Term Borrowings,94.58,94.58,94.58,94.58,56.4,56.4,56.4,56.4,44.89,44.89,44.89,44.89,0,0,0,0,0,0,0,0,4903.5,4903.5,4903.5,4903.5,5439.9,5439.9,5439.9,5439.9,2775.4,2775.4,2775.4,2775.4,3041,3041,3041,3041,3987,3987,3987,3987,3504.2,3504.2,3504.2,3504.2,4970.4,4970.4,4970.4,4970.4,5549.5,5549.5,5549.5,5549.5,5018.6,5018.6,5018.6,5018.6,4647.7,4647.7,4647.7,4647.7,5052.2,5052.2,5052.2,5052.2,5001.9,5001.9,5001.9,5001.9,5791.2,5791.2,5791.2,5791.2,7673.4,7673.4,7673.4,7673.4,5180.7,5180.7,5180.7,5180.7,4175,4175
16,Trade Payables,252.57,252.57,252.57,252.57,323.98,323.98,323.98,323.98,362.88,362.88,362.88,362.88,0,0,0,0,0,0,0,0,1525.2,1525.2,1525.2,1525.2,1495.7,1495.7,1495.7,1495.7,3609.9,3609.9,3609.9,3609.9,3892.2,3892.2,3892.2,3892.2,4922.8,4922.8,4922.8,4922.8,5390.5,5390.5,5390.5,5390.5,5728.8,5728.8,5728.8,5728.8,4362.3,4362.3,4362.3,4362.3,3818.6,3818.6,3818.6,3818.6,4176.2,4176.2,4176.2,4176.2,4765.5,4765.5,4765.5,4765.5,4542.6,4542.6,4542.6,4542.6,4348.5,4348.5,4348.5,4348.5,4685.1,4685.1,4685.1,4685.1,5300.2,5300.2,5300.2,5300.2,5839.4,5839.4
17,Other Current Liabilities,603.75,603.75,603.75,603.75,884.45,884.45,884.45,884.45,1413.95,1413.95,1413.95,1413.95,2998.9,2998.9,2998.9,2998.9,3361.6,3361.6,3361.6,3361.6,4039.1,4039.1,4039.1,4039.1,3378.5,3378.5,3378.5,3378.5,1245.4,1245.4,1245.4,1245.4,2050.7,2050.7,2050.7,2050.7,3805.4,3805.4,3805.4,3805.4,2401.3,2401.3,2401.3,2401.3,2551.1,2551.1,2551.1,2551.1,4657.5,4657.5,4657.5,4657.5,4375.8,4375.8,4375.8,4375.8,5418.6,5418.6,5418.6,5418.6,5397.9,5397.9,5397.9,5397.9,5769.1,5769.1,5769.1,5769.1,6705.3,6705.3,6705.3,6705.3,9446.9,9446.9,9446.9,9446.9,7003.9,7003.9,7003.9,7003.9,7100.3,7100.3
18,Short Term Provisions,824.57,824.57,824.57,824.57,523.7,523.7,523.7,523.7,1011.56,1011.56,1011.56,1011.56,765.2,765.2,765.2,765.2,1380.7,1380.7,1380.7,1380.7,1810.7,1810.7,1810.7,1810.7,2230.8,2230.8,2230.8,2230.8,2693.9,2693.9,2693.9,2693.9,2756.7,2756.7,2756.7,2756.7,3409.4,3409.4,3409.4,3409.4,3619.6,3619.6,3619.6,3619.6,4115,4115,4115,4115,642.6,642.6,642.6,642.6,626.9,626.9,626.9,626.9,793.4,793.4,793.4,793.4,929,929,929,929,1130.2,1130.2,1130.2,1130.2,1287.4,1287.4,1287.4,1287.4,1368.3,1368.3,1368.3,1368.3,1358,1358,1358,1358,1330.7,1330.7
19,Total Current Liabilities,1775.47,1775.47,1775.47,1775.47,1788.53,1788.53,1788.53,1788.53,2833.28,2833.28,2833.28,2833.28,3764.1,3764.1,3764.1,3764.1,4742.3,4742.3,4742.3,4742.3,12278.5,12278.5,12278.5,12278.5,12544.9,12544.9,12544.9,12544.9,10324.6,10324.6,10324.6,10324.6,11740.6,11740.6,11740.6,11740.6,16124.6,16124.6,16124.6,16124.6,14915.6,14915.6,14915.6,14915.6,17365.3,17365.3,17365.3,17365.3,15211.9,15211.9,15211.9,15211.9,13839.9,13839.9,13839.9,13839.9,15035.9,15035.9,15035.9,15035.9,16144.6,16144.6,16144.6,16144.6,16443.8,16443.8,16443.8,16443.8,18132.4,18132.4,18132.4,18132.4,23173.7,23173.7,23173.7,23173.7,18842.8,18842.8,18842.8,18842.8,18445.4,18445.4
20,Total Capital And Liabilities,5289.17,5289.17,5289.17,5289.17,6690.57,6690.57,6690.57,6690.57,9266.49,9266.49,9266.49,9266.49,13322.5,13322.5,13322.5,13322.5,20175.4,20175.4,20175.4,20175.4,24903.9,24903.9,24903.9,24903.9,30327.4,30327.4,30327.4,30327.4,34119.8,34119.8,34119.8,34119.8,38595.9,38595.9,38595.9,38595.9,40706.6,40706.6,40706.6,40706.6,45736.9,45736.9,45736.9,45736.9,53408.5,53408.5,53408.5,53408.5,58924.9,58924.9,58924.9,58924.9,63156.9,63156.9,63156.9,63156.9,58671.3,58671.3,58671.3,58671.3,66998.1,66998.1,66998.1,66998.1,65306.4,65306.4,65306.4,65306.4,65736.3,65736.3,65736.3,65736.3,80382.8,80382.8,80382.8,80382.8,85307.6,85307.6,85307.6,85307.6,81648.6,81648.6
23,Tangible Assets,641.29,641.29,641.29,641.29,892.24,892.24,892.24,892.24,1102.38,1102.38,1102.38,1102.38,1645.9,1645.9,1645.9,1645.9,2239.5,2239.5,2239.5,2239.5,3017.8,3017.8,3017.8,3017.8,3494.5,3494.5,3494.5,3494.5,4104.5,4104.5,4104.5,4104.5,4196.1,4196.1,4196.1,4196.1,3556,3556,3556,3556,3621.5,3621.5,3621.5,3621.5,3570,3570,3570,3570,3641.8,3641.8,3641.8,3641.8,3755.5,3755.5,3755.5,3755.5,3802.6,3802.6,3802.6,3802.6,3874.2,3874.2,3874.2,3874.2,5863.3,5863.3,5863.3,5863.3,6578.7,6578.7,6578.7,6578.7,7386.6,7386.6,7386.6,7386.6,8233.8,8233.8,8233.8,8233.8,7297.8,7297.8
24,Intangible Assets,13.72,13.72,13.72,13.72,15.72,15.72,15.72,15.72,15.87,15.87,15.87,15.87,0,0,0,0,42.7,42.7,42.7,42.7,161.8,161.8,161.8,161.8,161.8,161.8,161.8,161.8,132.5,132.5,132.5,132.5,453.7,453.7,453.7,453.7,353.4,353.4,353.4,353.4,353.5,353.5,353.5,353.5,468.4,468.4,468.4,468.4,425.7,425.7,425.7,425.7,606.7,606.7,606.7,606.7,564.4,564.4,564.4,564.4,526.8,526.8,526.8,526.8,776.1,776.1,776.1,776.1,709.4,709.4,709.4,709.4,651.1,651.1,651.1,651.1,590.9,590.9,590.9,590.9,561.7,561.7
25,Capital Work-In-Progress,139.71,139.71,139.71,139.71,250.24,250.24,250.24,250.24,612.36,612.36,612.36,612.36,989.5,989.5,989.5,989.5,1335,1335,1335,1335,1311.8,1311.8,1311.8,1311.8,991.1,991.1,991.1,991.1,396.4,396.4,396.4,396.4,301.2,301.2,301.2,301.2,378.9,378.9,378.9,378.9,275.1,275.1,275.1,275.1,361.2,361.2,361.2,361.2,325.1,325.1,325.1,325.1,694.1,694.1,694.1,694.1,1290.6,1290.6,1290.6,1290.6,2112.7,2112.7,2112.7,2112.7,1873.5,1873.5,1873.5,1873.5,1848,1848,1848,1848,1584.5,1584.5,1584.5,1584.5,603.8,603.8,603.8,603.8,669.7,669.7
26,Other Assets,0,0,0,0,0,0,0,0,0,0,0,0,0,0,0,0,0,0,0,0,0,0,0,0,0,0,0,0,0,0,0,0,0,0,0,0,0,0,0,0,0,0,0,0,0,0,0,0,0,0,0,0,0,0,0,0,0,0,0,0,0,0,0,0,0,0,0,0,0,0,0,0,0,0,0,0,0,0,0,0,0,0
27,Fixed Assets,794.73,794.73,794.73,794.73,1158.2,1158.2,1158.2,1158.2,1730.61,1730.61,1730.61,1730.61,2635.4,2635.4,2635.4,2635.4,3617.2,3617.2,3617.2,3617.2,4491.4,4491.4,4491.4,4491.4,4647.4,4647.4,4647.4,4647.4,4633.4,4633.4,4633.4,4633.4,4951,4951,4951,4951,4288.3,4288.3,4288.3,4288.3,4250.1,4250.1,4250.1,4250.1,4399.6,4399.6,4399.6,4399.6,4392.6,4392.6,4392.6,4392.6,5056.3,5056.3,5056.3,5056.3,5657.6,5657.6,5657.6,5657.6,6513.7,6513.7,6513.7,6513.7,8512.9,8512.9,8512.9,8512.9,9136.1,9136.1,9136.1,9136.1,9622.2,9622.2,9622.2,9622.2,9428.5,9428.5,9428.5,9428.5,8529.2,8529.2
28,Non-Current Investments,2456.03,2456.03,2456.03,2456.03,2859.51,2859.51,2859.51,2859.51,3459.2,3459.2,3459.2,3459.2,4348.7,4348.7,4348.7,4348.7,4500.1,4500.1,4500.1,4500.1,6895.3,6895.3,6895.3,6895.3,8966.5,8966.5,8966.5,8966.5,6018.4,6018.4,6018.4,6018.4,6294.3,6294.3,6294.3,6294.3,4854.7,4854.7,4854.7,4854.7,5196.8,5196.8,5196.8,5196.8,5579.7,5579.7,5579.7,5579.7,5781.1,5781.1,5781.1,5781.1,5999.4,5999.4,5999.4,5999.4,5841.6,5841.6,5841.6,5841.6,8250.3,8250.3,8250.3,8250.3,7735,7735,7735,7735,8206.7,8206.7,8206.7,8206.7,16557.2,16557.2,16557.2,16557.2,19372.8,19372.8,19372.8,19372.8,20680.6,20680.6
29,Deferred Tax Assets [Net],31.55,31.55,31.55,31.55,34.56,34.56,34.56,34.56,38.14,38.14,38.14,38.14,46.6,46.6,46.6,46.6,51.7,51.7,51.7,51.7,57.8,57.8,57.8,57.8,34.8,34.8,34.8,34.8,10.8,10.8,10.8,10.8,32.6,32.6,32.6,32.6,115.1,115.1,115.1,115.1,148.7,148.7,148.7,148.7,165.9,165.9,165.9,165.9,425.4,425.4,425.4,425.4,235.2,235.2,235.2,235.2,452,452,452,452,391,391,391,391,433.3,433.3,433.3,433.3,47.4,47.4,47.4,47.4,53.3,53.3,53.3,53.3,66.8,66.8,66.8,66.8,25.1,25.1
30,Long Term Loans And Advances,0,0,0,0,0,0,0,0,0,0,0,0,0,0,0,0,0,0,0,0,0,0,0,0,0,0,0,0,962.7,962.7,962.7,962.7,940.4,940.4,940.4,940.4,2516.8,2516.8,2516.8,2516.8,2998.1,2998.1,2998.1,2998.1,3071,3071,3071,3071,195.8,195.8,195.8,195.8,0,0,0,0,0,0,0,0,0,0,0,0,0,0,0,0,0,0,0,0,0,0,0,0,0,0,0,0,0,0
31,Other Non-Current Assets,0,0,0,0,0,0,0,0,0,0,0,0,0,0,0,0,0,0,0,0,0,0,0,0,0,0,0,0,782.3,782.3,782.3,782.3,919.4,919.4,919.4,919.4,546.9,546.9,546.9,546.9,539,539,539,539,336.8,336.8,336.8,336.8,2869.7,2869.7,2869.7,2869.7,3138.9,3138.9,3138.9,3138.9,3752.8,3752.8,3752.8,3752.8,4112.7,4112.7,4112.7,4112.7,2911.9,2911.9,2911.9,2911.9,2966.6,2966.6,2966.6,2966.6,2377.9,2377.9,2377.9,2377.9,2461.7,2461.7,2461.7,2461.7,1849.9,1849.9
32,Total Non-Current Assets,3282.32,3282.32,3282.32,3282.32,4052.27,4052.27,4052.27,4052.27,5227.95,5227.95,5227.95,5227.95,7030.7,7030.7,7030.7,7030.7,8169,8169,8169,8169,11444.5,11444.5,11444.5,11444.5,13648.7,13648.7,13648.7,13648.7,12407.6,12407.6,12407.6,12407.6,13137.7,13137.7,13137.7,13137.7,12321.8,12321.8,12321.8,12321.8,13132.7,13132.7,13132.7,13132.7,13553,13553,13553,13553,13664.6,13664.6,13664.6,13664.6,14429.8,14429.8,14429.8,14429.8,15704,15704,15704,15704,19267.7,19267.7,19267.7,19267.7,19593.1,19593.1,19593.1,19593.1,20356.8,20356.8,20356.8,20356.8,28610.6,28610.6,28610.6,28610.6,31329.8,31329.8,31329.8,31329.8,31084.8,31084.8
34,Current Investments,0,0,0,0,0,0,0,0,0,0,0,0,0,0,0,0,0,0,0,0,0,0,0,0,0,0,0,0,4795,4795,4795,4795,4040.9,4040.9,4040.9,4040.9,6049.5,6049.5,6049.5,6049.5,5839.2,5839.2,5839.2,5839.2,5188.8,5188.8,5188.8,5188.8,20419.5,20419.5,20419.5,20419.5,29146.7,29146.7,29146.7,29146.7,24841.2,24841.2,24841.2,24841.2,21998.8,21998.8,21998.8,21998.8,18963.5,18963.5,18963.5,18963.5,17495.2,17495.2,17495.2,17495.2,24073.7,24073.7,24073.7,24073.7,29712.6,29712.6,29712.6,29712.6,30143.7,30143.7
35,Inventories,102.08,102.08,102.08,102.08,127.37,127.37,127.37,127.37,148.65,148.65,148.65,148.65,240.4,240.4,240.4,240.4,448.1,448.1,448.1,448.1,459.6,459.6,459.6,459.6,606.9,606.9,606.9,606.9,724.9,724.9,724.9,724.9,785.1,785.1,785.1,785.1,320.5,320.5,320.5,320.5,228.3,228.3,228.3,228.3,479.4,479.4,479.4,479.4,526.2,526.2,526.2,526.2,355.9,355.9,355.9,355.9,294.3,294.3,294.3,294.3,340.3,340.3,340.3,340.3,174.1,174.1,174.1,174.1,91,91,91,91,87.5,87.5,87.5,87.5,91.3,91.3,91.3,91.3,72.9,72.9
36,Trade Receivables,1062.34,1062.34,1062.34,1062.34,1406.51,1406.51,1406.51,1406.51,1968.07,1968.07,1968.07,1968.07,2582.3,2582.3,2582.3,2582.3,3646.6,3646.6,3646.6,3646.6,4446.4,4446.4,4446.4,4446.4,5016.4,5016.4,5016.4,5016.4,5781.3,5781.3,5781.3,5781.3,7967,7967,7967,7967,8499.4,8499.4,8499.4,8499.4,8550.9,8550.9,8550.9,8550.9,8144.2,8144.2,8144.2,8144.2,8398,8398,8398,8398,8129.9,8129.9,8129.9,8129.9,9502,9502,9502,9502,10648.6,10648.6,10648.6,10648.6,9257,9257,9257,9257,8046.2,8046.2,8046.2,8046.2,9295.4,9295.4,9295.4,9295.4,13273.2,13273.2,13273.2,13273.2,11648.4,11648.4
37,Cash And Cash Equivalents,290.09,290.09,290.09,290.09,536.9,536.9,536.9,536.9,823,823,823,823,1849.2,1849.2,1849.2,1849.2,3732.1,3732.1,3732.1,3732.1,4409.2,4409.2,4409.2,4409.2,5664.3,5664.3,5664.3,5664.3,5203.3,5203.3,5203.3,5203.3,6232.8,6232.8,6232.8,6232.8,7800.4,7800.4,7800.4,7800.4,10554.9,10554.9,10554.9,10554.9,15667.5,15667.5,15667.5,15667.5,8408.8,8408.8,8408.8,8408.8,3516.6,3516.6,3516.6,3516.6,2322,2322,2322,2322,10390.2,10390.2,10390.2,10390.2,10444,10444,10444,10444,9783.2,9783.2,9783.2,9783.2,4898.1,4898.1,4898.1,4898.1,4527,4527,4527,4527,3790.6,3790.6
38,Short Term Loans And Advances,552.34,552.34,552.34,552.34,556.14,556.14,556.14,556.14,1098.82,1098.82,1098.82,1098.82,1619.9,1619.9,1619.9,1619.9,4179.6,4179.6,4179.6,4179.6,4002.1,4002.1,4002.1,4002.1,5000.8,5000.8,5000.8,5000.8,2483.5,2483.5,2483.5,2483.5,3321.1,3321.1,3321.1,3321.1,2124.4,2124.4,2124.4,2124.4,2929.3,2929.3,2929.3,2929.3,5256.1,5256.1,5256.1,5256.1,0,0,0,0,191.7,191.7,191.7,191.7,0,0,0,0,0,0,0,0,947.2,947.2,947.2,947.2,4201.5,4201.5,4201.5,4201.5,1913,1913,1913,1913,1232.6,1232.6,1232.6,1232.6,0,0
39,OtherCurrentAssets,0,0,0,0,11.38,11.38,11.38,11.38,0,0,0,0,0,0,0,0,0,0,0,0,142.1,142.1,142.1,142.1,390.3,390.3,390.3,390.3,2724.2,2724.2,2724.2,2724.2,3111.3,3111.3,3111.3,3111.3,3590.6,3590.6,3590.6,3590.6,4501.6,4501.6,4501.6,4501.6,5119.5,5119.5,5119.5,5119.5,7507.8,7507.8,7507.8,7507.8,7386.3,7386.3,7386.3,7386.3,6007.8,6007.8,6007.8,6007.8,4352.5,4352.5,4352.5,4352.5,5927.5,5927.5,5927.5,5927.5,5762.4,5762.4,5762.4,5762.4,11504.5,11504.5,11504.5,11504.5,5141.1,5141.1,5141.1,5141.1,4908.2,4908.2
40,Total Current Assets,2006.85,2006.85,2006.85,2006.85,2638.3,2638.3,2638.3,2638.3,4038.54,4038.54,4038.54,4038.54,6291.8,6291.8,6291.8,6291.8,12006.4,12006.4,12006.4,12006.4,13459.4,13459.4,13459.4,13459.4,16678.7,16678.7,16678.7,16678.7,21712.2,21712.2,21712.2,21712.2,25458.2,25458.2,25458.2,25458.2,28384.8,28384.8,28384.8,28384.8,32604.2,32604.2,32604.2,32604.2,39855.5,39855.5,39855.5,39855.5,45260.3,45260.3,45260.3,45260.3,48727.1,48727.1,48727.1,48727.1,42967.3,42967.3,42967.3,42967.3,47730.4,47730.4,47730.4,47730.4,45713.3,45713.3,45713.3,45713.3,45379.5,45379.5,45379.5,45379.5,51772.2,51772.2,51772.2,51772.2,53977.8,53977.8,53977.8,53977.8,50563.8,50563.8
41,Total Assets,5289.17,5289.17,5289.17,5289.17,6690.57,6690.57,6690.57,6690.57,9266.49,9266.49,9266.49,9266.49,13322.5,13322.5,13322.5,13322.5,20175.4,20175.4,20175.4,20175.4,24903.9,24903.9,24903.9,24903.9,30327.4,30327.4,30327.4,30327.4,34119.8,34119.8,34119.8,34119.8,38595.9,38595.9,38595.9,38595.9,40706.6,40706.6,40706.6,40706.6,45736.9,45736.9,45736.9,45736.9,53408.5,53408.5,53408.5,53408.5,58924.9,58924.9,58924.9,58924.9,63156.9,63156.9,63156.9,63156.9,58671.3,58671.3,58671.3,58671.3,66998.1,66998.1,66998.1,66998.1,65306.4,65306.4,65306.4,65306.4,65736.3,65736.3,65736.3,65736.3,80382.8,80382.8,80382.8,80382.8,85307.6,85307.6,85307.6,85307.6,81648.6,81648.6
44,Contingent Liabilities,387.99,387.99,387.99,387.99,676.65,676.65,676.65,676.65,509.18,509.18,509.18,509.18,661.6,661.6,661.6,661.6,749.9,749.9,749.9,749.9,1045.4,1045.4,1045.4,1045.4,778,778,778,778,1677.9,1677.9,1677.9,1677.9,2820.5,2820.5,2820.5,2820.5,2657.8,2657.8,2657.8,2657.8,2793.4,2793.4,2793.4,2793.4,3022.2,3022.2,3022.2,3022.2,4385.1,4385.1,4385.1,4385.1,9347.9,9347.9,9347.9,9347.9,10123.1,10123.1,10123.1,10123.1,2618.9,2618.9,2618.9,2618.9,2693.5,2693.5,2693.5,2693.5,1999,1999,1999,1999,8271.5,8271.5,8271.5,8271.5,19031.5,19031.5,19031.5,19031.5,19809,19809
46,Raw Materials,270.73,270.73,270.73,270.73,249.7,249.7,249.7,249.7,386.38,386.38,386.38,386.38,0,0,0,0,0,0,0,0,915,915,915,915,1752.7,1752.7,1752.7,1752.7,2735.8,2735.8,2735.8,2735.8,2298.2,2298.2,2298.2,2298.2,2101.7,2101.7,2101.7,2101.7,1524.2,1524.2,1524.2,1524.2,851.3,851.3,851.3,851.3,627.2,627.2,627.2,627.2,0,0,0,0,0,0,0,0,0,0,0,0,0,0,0,0,0,0,0,0,0,0,0,0,0,0,0,0,0,0
47,"Stores, Spares And Loose Tools",0,0,0,0,0,0,0,0,0,0,0,0,0,0,0,0,0,0,0,0,0,0,0,0,0,0,0,0,0,0,0,0,0,0,0,0,0,0,0,0,0,0,0,0,0,0,0,0,0,0,0,0,0,0,0,0,0,0,0,0,0,0,0,0,0,0,0,0,0,0,0,0,0,0,0,0,0,0,0,0,0,0
48,Trade/Other Goods,0,0,0,0,0,0,0,0,0,0,0,0,0,0,0,0,0,0,0,0,0,0,0,0,0,0,0,0,0,0,0,0,0,0,0,0,0,0,0,0,0,0,0,0,0,0,0,0,0,0,0,0,0,0,0,0,0,0,0,0,0,0,0,0,0,0,0,0,0,0,0,0,0,0,0,0,0,0,0,0,0,0
49,Capital Goods,0,0,0,0,0,0,0,0,0,0,0,0,0,0,0,0,0,0,0,0,24.4,24.4,24.4,24.4,71.5,71.5,71.5,71.5,23.1,23.1,23.1,23.1,39.4,39.4,39.4,39.4,0,0,0,0,0.1,0.1,0.1,0.1,20,20,20,20,15.2,15.2,15.2,15.2,0,0,0,0,0,0,0,0,0,0,0,0,0,0,0,0,0,0,0,0,0,0,0,0,0,0,0,0,0,0
51,Expenditure In Foreign Currency,2122.32,2122.32,2122.32,2122.32,3654.94,3654.94,3654.94,3654.94,3081.66,3081.66,3081.66,3081.66,0,0,0,0,0,0,0,0,7034.9,7034.9,7034.9,7034.9,7164.41,7164.41,7164.41,7164.41,8854.31,8854.31,8854.31,8854.31,9978.22,9978.22,9978.22,9978.22,12068.52,12068.52,12068.52,12068.52,14789.73,14789.73,14789.73,14789.73,19430.8,19430.8,19430.8,19430.8,20818.1,20818.1,20818.1,20818.1,21291,21291,21291,21291,20783.1,20783.1,20783.1,20783.1,23036.2,23036.2,23036.2,23036.2,22949.1,22949.1,22949.1,22949.1,21329.5,21329.5,21329.5,21329.5,25960.2,25960.2,25960.2,25960.2,31374.6,31374.6,31374.6,31374.6,31194,31194
56,Other Earnings,3831.66,3831.66,3831.66,3831.66,5363.44,5363.44,5363.44,5363.44,7067.84,7067.84,7067.84,7067.84,10954.6,10954.6,10954.6,10954.6,12885.2,12885.2,12885.2,12885.2,16027.1,16027.1,16027.1,16027.1,16374.3,16374.3,16374.3,16374.3,28.8,28.8,28.8,28.8,21.9,21.9,21.9,21.9,26.4,26.4,26.4,26.4,28,28,28,28,90.6,90.6,90.6,90.6,73.8,73.8,73.8,73.8,40400,40400,40400,40400,39180.7,39180.7,39180.7,39180.7,44458.4,44458.4,44458.4,44458.4,46079.4,46079.4,46079.4,46079.4,46344.7,46344.7,46344.7,46344.7,54849,54849,54849,54849,63706.1,63706.1,63706.1,63706.1,63180.8,63180.8
58,Bonus Equity Share Capital,45.38,45.38,45.38,45.38,138.51,138.51,138.51,138.51,279.69,279.69,279.69,279.69,279.69,279.69,279.69,279.69,279.69,279.69,279.69,279.69,279.87,279.87,279.87,279.87,279.87,279.87,279.87,279.87,475.82,475.82,475.82,475.82,475.82,475.82,475.82,475.82,475.82,475.82,475.82,475.82,475.82,475.82,475.82,475.82,475.82,475.82,475.82,475.82,475.82,475.82,475.82,475.82,468.12,468.12,468.12,468.12,903.5,903.5,903.5,903.5,1205.19,1205.19,1205.19,1205.19,1141.18,1141.18,1141.18,1141.18,1094.34,1094.34,1094.34,1094.34,1094.34,1094.34,1094.34,1094.34,1094.34,1094.34,1094.34,1094.34,1041.9,1041.9
61,Non-Current Investments Unquoted Book Value,654.63,654.63,654.63,654.63,782.71,782.71,782.71,782.71,514.23,514.23,514.23,514.23,1234.1,1234.1,1234.1,1234.1,6830.767692,6830.767692,6830.767692,6830.767692,6884.5,6884.5,6884.5,6884.5,7111.7,7111.7,7111.7,7111.7,6018.4,6018.4,6018.4,6018.4,6294.3,6294.3,6294.3,6294.3,4854.7,4854.7,4854.7,4854.7,5196.8,5196.8,5196.8,5196.8,5579.7,5579.7,5579.7,5579.7,5781.1,5781.1,5781.1,5781.1,5999.4,5999.4,5999.4,5999.4,5841.6,5841.6,5841.6,5841.6,8250.3,8250.3,8250.3,8250.3,7735,7735,7735,7735,8204.1,8204.1,8204.1,8204.1,16553.1,16553.1,16553.1,16553.1,19372.8,19372.8,19372.8,19372.8,20673.6,20673.6
65,Net Profit/Loss Before Extraordinary Items And Tax,1082.27,1082.27,1082.27,1082.27,1757.02,1757.02,1757.02,1757.02,2340.43,2340.43,2340.43,2340.43,3176.2,3176.2,3176.2,3176.2,3469.7,3469.7,3469.7,3469.7,3547.9,3547.9,3547.9,3547.9,5688.8,5688.8,5688.8,5688.8,5705.5,5705.5,5705.5,5705.5,5918.6,5918.6,5918.6,5918.6,7205.1,7205.1,7205.1,7205.1,9608.2,9608.2,9608.2,9608.2,10557,10557,10557,10557,8200.5,8200.5,8200.5,8200.5,8161.7,8161.7,8161.7,8161.7,7722.8,7722.8,7722.8,7722.8,7614,7614,7614,7614,8680.7,8680.7,8680.7,8680.7,10060.9,10060.9,10060.9,10060.9,12135.3,12135.3,12135.3,12135.3,9176.7,9176.7,9176.7,9176.7,9118.6,9118.6
66,Net CashFlow From Operating Activities,913.91,913.91,913.91,913.91,1666.42,1666.42,1666.42,1666.42,1912.25,1912.25,1912.25,1912.25,2674.6,2674.6,2674.6,2674.6,715.9,715.9,715.9,715.9,4344.5,4344.5,4344.5,4344.5,4477.4,4477.4,4477.4,4477.4,3711.2,3711.2,3711.2,3711.2,2997.9,2997.9,2997.9,2997.9,6119.2,6119.2,6119.2,6119.2,6588.6,6588.6,6588.6,6588.6,7703.6,7703.6,7703.6,7703.6,6686.7,6686.7,6686.7,6686.7,7370.7,7370.7,7370.7,7370.7,6470.9,6470.9,6470.9,6470.9,10210.1,10210.1,10210.1,10210.1,9068.1,9068.1,9068.1,9068.1,12727.7,12727.7,12727.7,12727.7,7240.5,7240.5,7240.5,7240.5,11191.6,11191.6,11191.6,11191.6,14215.9,14215.9
67,Net Cash Used In Investing Activities,-1062.09,-1062.09,-1062.09,-1062.09,-874.58,-874.58,-874.58,-874.58,-1694.42,-1694.42,-1694.42,-1694.42,-1881.9,-1881.9,-1881.9,-1881.9,-1127.5,-1127.5,-1127.5,-1127.5,-3662.7,-3662.7,-3662.7,-3662.7,-3064.6,-3064.6,-3064.6,-3064.6,-1474,-1474,-1474,-1474,-339.8,-339.8,-339.8,-339.8,-3573.1,-3573.1,-3573.1,-3573.1,239.6,239.6,239.6,239.6,-1495,-1495,-1495,-1495,-9805,-9805,-9805,-9805,-7890.8,-7890.8,-7890.8,-7890.8,5002.3,5002.3,5002.3,5002.3,-370.6,-370.6,-370.6,-370.6,3202.7,3202.7,3202.7,3202.7,-1275,-1275,-1275,-1275,-12611.1,-12611.1,-12611.1,-12611.1,-4761.6,-4761.6,-4761.6,-4761.6,2237,2237
68,Net Cash Used From Financing Activities,28.57,28.57,28.57,28.57,-550.61,-550.61,-550.61,-550.61,59.8,59.8,59.8,59.8,238.5,238.5,238.5,238.5,2290.9,2290.9,2290.9,2290.9,-70.7,-70.7,-70.7,-70.7,-96.2,-96.2,-96.2,-96.2,-2733.3,-2733.3,-2733.3,-2733.3,-1723.8,-1723.8,-1723.8,-1723.8,-1005.5,-1005.5,-1005.5,-1005.5,-4088.6,-4088.6,-4088.6,-4088.6,-1836.1,-1836.1,-1836.1,-1836.1,-3489.7,-3489.7,-3489.7,-3489.7,-4367.6,-4367.6,-4367.6,-4367.6,-12918.4,-12918.4,-12918.4,-12918.4,-1395.1,-1395.1,-1395.1,-1395.1,-12233,-12233,-12233,-12233,-12105.7,-12105.7,-12105.7,-12105.7,494.7,494.7,494.7,494.7,-6803.6,-6803.6,-6803.6,-6803.6,-17158.7,-17158.7
69,Foreign Exchange Gains / Losses,0,0,0,0,0,0,0,0,0,0,0,0,0,0,0,0,0,0,0,0,0,0,0,0,0,0,0,0,32.3,32.3,32.3,32.3,95.2,95.2,95.2,95.2,27.1,27.1,27.1,27.1,-49.3,-49.3,-49.3,-49.3,15.1,15.1,15.1,15.1,31.3,31.3,31.3,31.3,-93.2,-93.2,-93.2,-93.2,5.2,5.2,5.2,5.2,3,3,3,3,16.3,16.3,16.3,16.3,-7.8,-7.8,-7.8,-7.8,-9.2,-9.2,-9.2,-9.2,2.5,2.5,2.5,2.5,-30.6,-30.6
70,Adjustments On Amalgamation Merger Demerger Others,0,0,0,0,0,0,0,0,0,0,0,0,0,0,0,0,0,0,0,0,0,0,0,0,0,0,0,0,2.8,2.8,2.8,2.8,0,0,0,0,0,0,0,0,64.2,64.2,64.2,64.2,0,0,0,0,0,0,0,0,0,0,0,0,0,0,0,0,20.3,20.3,20.3,20.3,0,0,0,0,0,0,0,0,0,0,0,0,0,0,0,0,0,0
71,Net Inc/Dec In Cash And Cash Equivalents,-119.61,-119.61,-119.61,-119.61,246.8,246.8,246.8,246.8,277.63,277.63,277.63,277.63,1031.2,1031.2,1031.2,1031.2,1879.3,1879.3,1879.3,1879.3,611.1,611.1,611.1,611.1,1316.6,1316.6,1316.6,1316.6,-461,-461,-461,-461,1029.5,1029.5,1029.5,1029.5,1567.7,1567.7,1567.7,1567.7,2754.5,2754.5,2754.5,2754.5,4387.6,4387.6,4387.6,4387.6,-6576.7,-6576.7,-6576.7,-6576.7,-4980.9,-4980.9,-4980.9,-4980.9,-1440,-1440,-1440,-1440,8467.7,8467.7,8467.7,8467.7,54.1,54.1,54.1,54.1,-660.8,-660.8,-660.8,-660.8,-4885.1,-4885.1,-4885.1,-4885.1,-371.1,-371.1,-371.1,-371.1,-736.4,-736.4
72,Cash And Cash Equivalents Begin of Year,409.7,409.7,409.7,409.7,290.09,290.09,290.09,290.09,545.38,545.38,545.38,545.38,818,818,818,818,1852.8,1852.8,1852.8,1852.8,3798.1,3798.1,3798.1,3798.1,4347.7,4347.7,4347.7,4347.7,5664.3,5664.3,5664.3,5664.3,5203.3,5203.3,5203.3,5203.3,6232.7,6232.7,6232.7,6232.7,7800.4,7800.4,7800.4,7800.4,10554.9,10554.9,10554.9,10554.9,14919.8,14919.8,14919.8,14919.8,8343.1,8343.1,8343.1,8343.1,3362.2,3362.2,3362.2,3362.2,1922.2,1922.2,1922.2,1922.2,10389.9,10389.9,10389.9,10389.9,10444,10444,10444,10444,9783.2,9783.2,9783.2,9783.2,4898.1,4898.1,4898.1,4898.1,4527,4527
73,Cash And Cash Equivalents End Of Year,290.09,290.09,290.09,290.09,536.9,536.9,536.9,536.9,823,823,823,823,1849.2,1849.2,1849.2,1849.2,3732.1,3732.1,3732.1,3732.1,4409.2,4409.2,4409.2,4409.2,5664.3,5664.3,5664.3,5664.3,5203.3,5203.3,5203.3,5203.3,6232.8,6232.8,6232.8,6232.8,7800.4,7800.4,7800.4,7800.4,10554.9,10554.9,10554.9,10554.9,14942.5,14942.5,14942.5,14942.5,8343.1,8343.1,8343.1,8343.1,3362.2,3362.2,3362.2,3362.2,1922.2,1922.2,1922.2,1922.2,10389.9,10389.9,10389.9,10389.9,10444,10444,10444,10444,9783.2,9783.2,9783.2,9783.2,4898.1,4898.1,4898.1,4898.1,4527,4527,4527,4527,3790.6,3790.6
76,Basic EPS (Rs.),39.31,39.31,39.31,39.31,21.25,21.25,21.25,21.25,14.17,14.17,14.17,14.17,19.48,19.48,19.48,19.48,20.96,20.96,20.96,20.96,20.3,20.3,20.3,20.3,33.37,33.37,33.37,33.37,19.88,19.88,19.88,19.88,19.13,19.13,19.13,19.13,23.03,23.03,23.03,23.03,30.09,30.09,30.09,30.09,33.38,33.38,33.38,33.38,33.38,33.38,33.38,33.38,33.61,33.61,33.61,33.61,16.26,16.26,16.26,16.26,12.67,12.67,12.67,12.67,14.88,14.88,14.88,14.88,17.81,17.81,17.81,17.81,22.2,22.2,22.2,22.2,16.75,16.75,16.75,16.75,17.24,17.24
77,Diluted EPS (Rs.),39.31,39.31,39.31,39.31,21.25,21.25,21.25,21.25,14.17,14.17,14.17,14.17,19.48,19.48,19.48,19.48,20.96,20.96,20.96,20.96,20.3,20.3,20.3,20.3,33.37,33.37,33.37,33.37,19.78,19.78,19.78,19.78,19.09,19.09,19.09,19.09,22.99,22.99,22.99,22.99,30.01,30.01,30.01,30.01,33.28,33.28,33.28,33.28,33.31,33.31,33.31,33.31,33.51,33.51,33.51,33.51,16.23,16.23,16.23,16.23,12.67,12.67,12.67,12.67,14.84,14.84,14.84,14.84,17.77,17.77,17.77,17.77,22.14,22.14,22.14,22.14,16.75,16.75,16.75,16.75,17.19,17.19
78,Cash EPS (Rs.),45.82,45.82,45.82,45.82,23.89,23.89,23.89,23.89,16.22,16.22,16.22,16.22,21.95,21.95,21.95,21.95,24.08,24.08,24.08,24.08,23.94,23.94,23.94,23.94,37.31,37.31,37.31,37.31,22.18,22.18,22.18,22.18,22.09,22.09,22.09,22.09,25.79,25.79,25.79,25.79,32.94,32.94,32.94,32.94,36.34,36.34,36.34,36.34,36.74,36.74,36.74,36.74,37.89,37.89,37.89,37.89,19.31,19.31,19.31,19.31,14.17,14.17,14.17,14.17,17.19,17.19,17.19,17.19,20.83,20.83,20.83,20.83,24.85,24.85,24.85,24.85,19.62,19.62,19.62,19.62,20.31,20.31
79,Book Value [ExclRevalReserve]/Share (Rs.),150.7,150.7,150.7,150.7,69.54,69.54,69.54,69.54,45.03,45.03,45.03,45.03,63.86,63.86,63.86,63.86,79.05,79.05,79.05,79.05,85.42,85.42,85.42,85.42,120.51,120.51,120.51,120.51,86.88,86.88,86.88,86.88,99.05,99.05,99.05,99.05,98.37,98.37,98.37,98.37,119.04,119.04,119.04,119.04,140.25,140.25,140.25,140.25,166.87,166.87,166.87,166.87,192.16,192.16,192.16,192.16,93.42,93.42,93.42,93.42,81.86,81.86,81.86,81.86,81.31,81.31,81.31,81.31,82.57,82.57,82.57,82.57,99.14,99.14,99.14,99.14,114.36,114.36,114.36,114.36,110.59,110.59
80,Book Value [InclRevalReserve]/Share (Rs.),150.7,150.7,150.7,150.7,69.54,69.54,69.54,69.54,45.03,45.03,45.03,45.03,63.86,63.86,63.86,63.86,79.05,79.05,79.05,79.05,85.42,85.42,85.42,85.42,120.51,120.51,120.51,120.51,86.88,86.88,86.88,86.88,99.05,99.05,99.05,99.05,98.37,98.37,98.37,98.37,119.04,119.04,119.04,119.04,140.25,140.25,140.25,140.25,166.87,166.87,166.87,166.87,192.16,192.16,192.16,192.16,93.42,93.42,93.42,93.42,81.86,81.86,81.86,81.86,81.31,81.31,81.31,81.31,82.57,82.57,82.57,82.57,99.14,99.14,99.14,99.14,114.36,114.36,114.36,114.36,110.59,110.59
81,Dividend / Share(Rs.),29,29,29,29,5,5,5,5,5,5,5,5,6,6,6,6,6,6,6,6,4,4,4,4,6,6,6,6,6,6,6,6,6,6,6,6,7,7,7,7,8,8,8,8,12,12,12,12,6,6,6,6,2,2,2,2,1,1,1,1,1,1,1,1,1,1,1,1,1,1,1,1,6,6,6,6,1,1,1,1,1,1
82,Revenue from Operations/Share (Rs.),220.61,220.61,220.61,220.61,102.81,102.81,102.81,102.81,71.73,71.73,71.73,71.73,93.79,93.79,93.79,93.79,119.69,119.69,119.69,119.69,146.81,146.81,146.81,146.81,156.14,156.14,156.14,156.14,107.17,107.17,107.17,107.17,128.87,128.87,128.87,128.87,134.9,134.9,134.9,134.9,157.17,157.17,157.17,157.17,166.94,166.94,166.94,166.94,180.86,180.86,180.86,180.86,189.46,189.46,189.46,189.46,98.83,98.83,98.83,98.83,79.75,79.75,79.75,79.75,88.22,88.22,88.22,88.22,91.8,91.8,91.8,91.8,108.67,108.67,108.67,108.67,123.46,123.46,123.46,123.46,127.83,127.83
83,PBDIT/Share (Rs.),53.03,53.03,53.03,53.03,27.7,27.7,27.7,27.7,18.49,18.49,18.49,18.49,24.29,24.29,24.29,24.29,27.66,27.66,27.66,27.66,29.2,29.2,29.2,29.2,43.38,43.38,43.38,43.38,26.25,26.25,26.25,26.25,29.57,29.57,29.57,29.57,33.53,33.53,33.53,33.53,43.47,43.47,43.47,43.47,47.39,47.39,47.39,47.39,48.65,48.65,48.65,48.65,50.21,50.21,50.21,50.21,25.27,25.27,25.27,25.27,18.78,18.78,18.78,18.78,22.2,22.2,22.2,22.2,26.35,26.35,26.35,26.35,31.22,31.22,31.22,31.22,26.4,26.4,26.4,26.4,28.19,28.19
84,PBIT/Share (Rs.),46.52,46.52,46.52,46.52,25.05,25.05,25.05,25.05,16.44,16.44,16.44,16.44,21.82,21.82,21.82,21.82,24.54,24.54,24.54,24.54,25.56,25.56,25.56,25.56,39.43,39.43,39.43,39.43,23.8,23.8,23.8,23.8,26.54,26.54,26.54,26.54,30.68,30.68,30.68,30.68,40.48,40.48,40.48,40.48,44.24,44.24,44.24,44.24,45.11,45.11,45.11,45.11,45.9,45.9,45.9,45.9,23.03,23.03,23.03,23.03,17.23,17.23,17.23,17.23,20.2,20.2,20.2,20.2,23.89,23.89,23.89,23.89,28.51,28.51,28.51,28.51,23.5,23.5,23.5,23.5,25.33,25.33
85,PBT/Share (Rs.),46.37,46.37,46.37,46.37,24.97,24.97,24.97,24.97,16.42,16.42,16.42,16.42,21.77,21.77,21.77,21.77,23.74,23.74,23.74,23.74,24.22,24.22,24.22,24.22,38.75,38.75,38.75,38.75,23.25,23.25,23.25,23.25,24.07,24.07,24.07,24.07,29.25,29.25,29.25,29.25,38.96,38.96,38.96,38.96,42.77,42.77,42.77,42.77,42.88,42.88,42.88,42.88,43.97,43.97,43.97,43.97,22.18,22.18,22.18,22.18,16.36,16.36,16.36,16.36,19.27,19.27,19.27,19.27,23.15,23.15,23.15,23.15,27.84,27.84,27.84,27.84,22.36,22.36,22.36,22.36,23.77,23.77
86,Net Profit/Share (Rs.),39.31,39.31,39.31,39.31,21.25,21.25,21.25,21.25,14.17,14.17,14.17,14.17,19.48,19.48,19.48,19.48,20.96,20.96,20.96,20.96,20.3,20.3,20.3,20.3,33.37,33.37,33.37,33.37,19.74,19.74,19.74,19.74,19.06,19.06,19.06,19.06,22.94,22.94,22.94,22.94,29.96,29.96,29.96,29.96,33.19,33.19,33.19,33.19,33.19,33.19,33.19,33.19,33.58,33.58,33.58,33.58,17.07,17.07,17.07,17.07,12.62,12.62,12.62,12.62,15.19,15.19,15.19,15.19,18.36,18.36,18.36,18.36,22.14,22.14,22.14,22.14,16.72,16.72,16.72,16.72,17.45,17.45
88,PBDIT Margin (%),24.03,24.03,24.03,24.03,26.93,26.93,26.93,26.93,25.77,25.77,25.77,25.77,25.89,25.89,25.89,25.89,23.1,23.1,23.1,23.1,19.89,19.89,19.89,19.89,27.78,27.78,27.78,27.78,24.49,24.49,24.49,24.49,22.94,22.94,22.94,22.94,24.85,24.85,24.85,24.85,27.65,27.65,27.65,27.65,28.38,28.38,28.38,28.38,26.9,26.9,26.9,26.9,26.5,26.5,26.5,26.5,25.57,25.57,25.57,25.57,23.54,23.54,23.54,23.54,25.16,25.16,25.16,25.16,28.7,28.7,28.7,28.7,28.73,28.73,28.73,28.73,21.38,21.38,21.38,21.38,22.05,22.05
89,PBIT Margin (%),21.08,21.08,21.08,21.08,24.36,24.36,24.36,24.36,22.91,22.91,22.91,22.91,23.26,23.26,23.26,23.26,20.5,20.5,20.5,20.5,17.41,17.41,17.41,17.41,25.25,25.25,25.25,25.25,22.21,22.21,22.21,22.21,20.59,20.59,20.59,20.59,22.74,22.74,22.74,22.74,25.75,25.75,25.75,25.75,26.49,26.49,26.49,26.49,24.94,24.94,24.94,24.94,24.22,24.22,24.22,24.22,23.3,23.3,23.3,23.3,21.6,21.6,21.6,21.6,22.89,22.89,22.89,22.89,26.01,26.01,26.01,26.01,26.23,26.23,26.23,26.23,19.03,19.03,19.03,19.03,19.81,19.81
90,PBT Margin (%),21.01,21.01,21.01,21.01,24.29,24.29,24.29,24.29,22.88,22.88,22.88,22.88,23.21,23.21,23.21,23.21,19.83,19.83,19.83,19.83,16.49,16.49,16.49,16.49,24.81,24.81,24.81,24.81,21.69,21.69,21.69,21.69,18.68,18.68,18.68,18.68,21.68,21.68,21.68,21.68,24.79,24.79,24.79,24.79,25.61,25.61,25.61,25.61,23.71,23.71,23.71,23.71,23.2,23.2,23.2,23.2,22.44,22.44,22.44,22.44,20.51,20.51,20.51,20.51,21.83,21.83,21.83,21.83,25.21,25.21,25.21,25.21,25.62,25.62,25.62,25.62,18.1,18.1,18.1,18.1,18.59,18.59
91,Net Profit Margin (%),17.81,17.81,17.81,17.81,20.66,20.66,20.66,20.66,19.75,19.75,19.75,19.75,20.76,20.76,20.76,20.76,17.51,17.51,17.51,17.51,13.82,13.82,13.82,13.82,21.36,21.36,21.36,21.36,18.41,18.41,18.41,18.41,14.78,14.78,14.78,14.78,17,17,17,17,19.06,19.06,19.06,19.06,19.88,19.88,19.88,19.88,18.35,18.35,18.35,18.35,17.72,17.72,17.72,17.72,17.27,17.27,17.27,17.27,15.82,15.82,15.82,15.82,17.22,17.22,17.22,17.22,20,20,20,20,20.36,20.36,20.36,20.36,13.54,13.54,13.54,13.54,13.65,13.65
92,Return on Networth / Equity (%),26.08,26.08,26.08,26.08,30.55,30.55,30.55,30.55,31.46,31.46,31.46,31.46,30.5,30.5,30.5,30.5,26.51,26.51,26.51,26.51,23.76,23.76,23.76,23.76,27.68,27.68,27.68,27.68,22.71,22.71,22.71,22.71,19.23,19.23,19.23,19.23,23.31,23.31,23.31,23.31,25.16,25.16,25.16,25.16,23.66,23.66,23.66,23.66,19.89,19.89,19.89,19.89,17.47,17.47,17.47,17.47,18.27,18.27,18.27,18.27,15.41,15.41,15.41,15.41,18.68,18.68,18.68,18.68,22.23,22.23,22.23,22.23,22.32,22.32,22.32,22.32,14.62,14.62,14.62,14.62,15.78,15.78
93,Return on Capital Employed (%),26.03,26.03,26.03,26.03,30.49,30.49,30.49,30.49,31.4,31.4,31.4,31.4,29.73,29.73,29.73,29.73,19.84,19.84,19.84,19.84,23.55,23.55,23.55,23.55,27.54,27.54,27.54,27.54,20.35,20.35,20.35,20.35,17.44,17.44,17.44,17.44,22.98,22.98,22.98,22.98,23.96,23.96,23.96,23.96,22.73,22.73,22.73,22.73,18.75,18.75,18.75,18.75,22.61,22.61,22.61,22.61,23.87,23.87,23.87,23.87,20.44,20.44,20.44,20.44,23.62,23.62,23.62,23.62,27.49,27.49,27.49,27.49,27.32,27.32,27.32,27.32,19.4,19.4,19.4,19.4,20.94,20.94
94,Return on Assets (%),17.29,17.29,17.29,17.29,22.34,22.34,22.34,22.34,21.8,21.8,21.8,21.8,21.33,21.33,21.33,21.33,15.18,15.18,15.18,15.18,11.94,11.94,11.94,11.94,16.15,16.15,16.15,16.15,14.19,14.19,14.19,14.19,12.13,12.13,12.13,12.13,13.88,13.88,13.88,13.88,16.15,16.15,16.15,16.15,15.34,15.34,15.34,15.34,13.91,13.91,13.91,13.91,12.92,12.92,12.92,12.92,13.16,13.16,13.16,13.16,11.36,11.36,11.36,11.36,13.29,13.29,13.29,13.29,15.3,15.3,15.3,15.3,15.09,15.09,15.09,15.09,10.75,10.75,10.75,10.75,11.16,11.16
95,Total Debt/Equity (X),0.03,0.03,0.03,0.03,0.01,0.01,0.01,0.01,0.01,0.01,0.01,0.01,0.03,0.03,0.03,0.03,0.33,0.33,0.33,0.33,0.4,0.4,0.4,0.4,0.31,0.31,0.31,0.31,0.22,0.22,0.22,0.22,0.22,0.22,0.22,0.22,0.17,0.17,0.17,0.17,0.15,0.15,0.15,0.15,0.17,0.17,0.17,0.17,0.16,0.16,0.16,0.16,0.13,0.13,0.13,0.13,0.11,0.11,0.11,0.11,0.1,0.1,0.1,0.1,0.11,0.11,0.11,0.11,0.13,0.13,0.13,0.13,0.14,0.14,0.14,0.14,0.08,0.08,0.08,0.08,0.07,0.07
96,Asset Turnover Ratio (%),97.08,97.08,97.08,97.08,108.1,108.1,108.1,108.1,110.36,110.36,110.36,110.36,102.71,102.71,102.71,102.71,86.7,86.7,86.7,86.7,86.36,86.36,86.36,86.36,75.58,75.58,75.58,75.58,77.08,77.08,77.08,77.08,82.08,82.08,82.08,82.08,81.62,81.62,81.62,81.62,84.73,84.73,84.73,84.73,77.15,77.15,77.15,77.15,75.82,75.82,75.82,75.82,72.91,72.91,72.91,72.91,76.2,76.2,76.2,76.2,71.82,71.82,71.82,71.82,77.18,77.18,77.18,77.18,0.77,0.77,0.77,0.77,0.82,0.82,0.82,0.82,0.82,0.82,0.82,0.82,0.8,0.8
98,Current Ratio (X),1.13,1.13,1.13,1.13,1.48,1.48,1.48,1.48,1.43,1.43,1.43,1.43,1.67,1.67,1.67,1.67,2.53,2.53,2.53,2.53,1.1,1.1,1.1,1.1,1.33,1.33,1.33,1.33,2.1,2.1,2.1,2.1,2.17,2.17,2.17,2.17,1.76,1.76,1.76,1.76,2.19,2.19,2.19,2.19,2.3,2.3,2.3,2.3,2.98,2.98,2.98,2.98,3.52,3.52,3.52,3.52,2.86,2.86,2.86,2.86,2.96,2.96,2.96,2.96,2.78,2.78,2.78,2.78,2.5,2.5,2.5,2.5,2.23,2.23,2.23,2.23,2.86,2.86,2.86,2.86,2.74,2.74
99,Quick Ratio (X),1.07,1.07,1.07,1.07,1.4,1.4,1.4,1.4,1.37,1.37,1.37,1.37,1.61,1.61,1.61,1.61,2.44,2.44,2.44,2.44,1.06,1.06,1.06,1.06,1.28,1.28,1.28,1.28,2.03,2.03,2.03,2.03,2.1,2.1,2.1,2.1,1.74,1.74,1.74,1.74,2.17,2.17,2.17,2.17,2.27,2.27,2.27,2.27,2.94,2.94,2.94,2.94,3.5,3.5,3.5,3.5,2.84,2.84,2.84,2.84,2.94,2.94,2.94,2.94,2.77,2.77,2.77,2.77,2.5,2.5,2.5,2.5,2.23,2.23,2.23,2.23,2.86,2.86,2.86,2.86,2.74,2.74
100,Inventory Turnover Ratio (X),50.3,50.3,50.3,50.3,56.79,56.79,56.79,56.79,68.8,68.8,68.8,68.8,56.92,56.92,56.92,56.92,39.04,39.04,39.04,39.04,46.8,46.8,46.8,46.8,37.77,37.77,37.77,37.77,36.28,36.28,36.28,36.28,40.36,40.36,40.36,40.36,103.67,103.67,103.67,103.67,169.76,169.76,169.76,169.76,85.96,85.96,85.96,85.96,84.91,84.91,84.91,84.91,129.38,129.38,129.38,129.38,151.92,151.92,151.92,151.92,141.42,141.42,141.42,141.42,289.53,289.53,289.53,289.53,0,0,0,0,0,0,0,0,0,0,0,0,0,0
101,Dividend Payout Ratio (NP) (%),73.78,73.78,73.78,73.78,23.53,23.53,23.53,23.53,35.28,35.28,35.28,35.28,30.74,30.74,30.74,30.74,28.61,28.61,28.61,28.61,19.7,19.7,19.7,19.7,17.98,17.98,17.98,17.98,30.4,30.4,30.4,30.4,31.48,31.48,31.48,31.48,30.52,30.52,30.52,30.52,26.71,26.71,26.71,26.71,36.17,36.17,36.17,36.17,43.49,43.49,43.49,43.49,10.75,10.75,10.75,10.75,7.05,7.05,7.05,7.05,7.16,7.16,7.16,7.16,7.93,7.93,7.93,7.93,5.44,5.44,5.44,5.44,27.1,27.1,27.1,27.1,5.97,5.97,5.97,5.97,5.72,5.72
102,Dividend Payout Ratio (CP) (%),63.29,63.29,63.29,63.29,20.92,20.92,20.92,20.92,30.82,30.82,30.82,30.82,27.28,27.28,27.28,27.28,24.9,24.9,24.9,24.9,16.7,16.7,16.7,16.7,16.08,16.08,16.08,16.08,27.05,27.05,27.05,27.05,27.16,27.16,27.16,27.16,27.15,27.15,27.15,27.15,24.29,24.29,24.29,24.29,33.03,33.03,33.03,33.03,39.3,39.3,39.3,39.3,9.52,9.52,9.52,9.52,6.23,6.23,6.23,6.23,6.38,6.38,6.38,6.38,7.01,7.01,7.01,7.01,4.8,4.8,4.8,4.8,24.14,24.14,24.14,24.14,5.09,5.09,5.09,5.09,4.92,4.92
103,Earnings Retention Ratio (%),26.22,26.22,26.22,26.22,76.47,76.47,76.47,76.47,64.72,64.72,64.72,64.72,69.26,69.26,69.26,69.26,71.39,71.39,71.39,71.39,80.3,80.3,80.3,80.3,82.02,82.02,82.02,82.02,69.6,69.6,69.6,69.6,68.52,68.52,68.52,68.52,69.48,69.48,69.48,69.48,73.29,73.29,73.29,73.29,63.83,63.83,63.83,63.83,56.51,56.51,56.51,56.51,89.25,89.25,89.25,89.25,92.95,92.95,92.95,92.95,92.84,92.84,92.84,92.84,92.07,92.07,92.07,92.07,94.56,94.56,94.56,94.56,72.9,72.9,72.9,72.9,94.03,94.03,94.03,94.03,94.28,94.28
104,Cash Earnings Retention Ratio (%),36.71,36.71,36.71,36.71,79.08,79.08,79.08,79.08,69.18,69.18,69.18,69.18,72.72,72.72,72.72,72.72,75.1,75.1,75.1,75.1,83.3,83.3,83.3,83.3,83.92,83.92,83.92,83.92,72.95,72.95,72.95,72.95,72.84,72.84,72.84,72.84,72.85,72.85,72.85,72.85,75.71,75.71,75.71,75.71,66.97,66.97,66.97,66.97,60.7,60.7,60.7,60.7,90.48,90.48,90.48,90.48,93.77,93.77,93.77,93.77,93.62,93.62,93.62,93.62,92.99,92.99,92.99,92.99,95.2,95.2,95.2,95.2,75.86,75.86,75.86,75.86,94.91,94.91,94.91,94.91,95.08,95.08
106,Enterprise Value (Cr.),31450.76,31450.76,31450.76,31450.76,46741.78,46741.78,46741.78,46741.78,78862.7,78862.7,78862.7,78862.7,79852.07,79852.07,79852.07,79852.07,62247.9,62247.9,62247.9,62247.9,36555.8,36555.8,36555.8,36555.8,103624.14,103624.14,103624.14,103624.14,116882.32,116882.32,116882.32,116882.32,106938.55,106938.55,106938.55,106938.55,103915.65,103915.65,103915.65,103915.65,127760.56,127760.56,127760.56,127760.56,145338.53,145338.53,145338.53,145338.53,137462.82,137462.82,137462.82,137462.82,127904.12,127904.12,127904.12,127904.12,129726.08,129726.08,129726.08,129726.08,148400.15,148400.15,148400.15,148400.15,106910.41,106910.41,106910.41,106910.41,222962.28,222962.28,222962.28,222962.28,327315.4,327315.4,327315.4,327315.4,201130.34,201130.34,201130.34,201130.34,251210.53,251210.53
107,EV/Net Operating Revenue (X),6.12,6.12,6.12,6.12,6.46,6.46,6.46,6.46,7.71,7.71,7.71,7.71,5.84,5.84,5.84,5.84,3.56,3.56,3.56,3.56,1.7,1.7,1.7,1.7,4.52,4.52,4.52,4.52,4.44,4.44,4.44,4.44,3.38,3.38,3.38,3.38,3.13,3.13,3.13,3.13,3.3,3.3,3.3,3.3,3.53,3.53,3.53,3.53,3.08,3.08,3.08,3.08,2.78,2.78,2.78,2.78,2.9,2.9,2.9,2.9,3.08,3.08,3.08,3.08,2.12,2.12,2.12,2.12,4.43,4.43,4.43,4.43,5.49,5.49,5.49,5.49,2.97,2.97,2.97,2.97,3.76,3.76
108,EV/EBITDA (X),25.48,25.48,25.48,25.48,23.99,23.99,23.99,23.99,29.92,29.92,29.92,29.92,22.54,22.54,22.54,22.54,15.4,15.4,15.4,15.4,8.54,8.54,8.54,8.54,16.27,16.27,16.27,16.27,18.14,18.14,18.14,18.14,14.71,14.71,14.71,14.71,12.58,12.58,12.58,12.58,11.92,11.92,11.92,11.92,12.42,12.42,12.42,12.42,11.44,11.44,11.44,11.44,10.48,10.48,10.48,10.48,11.35,11.35,11.35,11.35,13.1,13.1,13.1,13.1,8.43,8.43,8.43,8.43,15.44,15.44,15.44,15.44,19.12,19.12,19.12,19.12,13.88,13.88,13.88,13.88,17.06,17.06
109,MarketCap/Net Operating Revenue (X),6.16,6.16,6.16,6.16,6.53,6.53,6.53,6.53,7.79,7.79,7.79,7.79,5.95,5.95,5.95,5.95,3.55,3.55,3.55,3.55,1.67,1.67,1.67,1.67,4.53,4.53,4.53,4.53,4.46,4.46,4.46,4.46,3.41,3.41,3.41,3.41,3.24,3.24,3.24,3.24,3.45,3.45,3.45,3.45,3.76,3.76,3.76,3.76,3.11,3.11,3.11,3.11,2.72,2.72,2.72,2.72,2.85,2.85,2.85,2.85,3.19,3.19,3.19,3.19,2.23,2.23,2.23,2.23,4.51,4.51,4.51,4.51,5.45,5.45,5.45,5.45,2.96,2.96,2.96,2.96,3.76,3.76
110,Retention Ratios (%),26.21,26.21,26.21,26.21,76.46,76.46,76.46,76.46,64.71,64.71,64.71,64.71,69.25,69.25,69.25,69.25,71.38,71.38,71.38,71.38,80.29,80.29,80.29,80.29,82.01,82.01,82.01,82.01,69.59,69.59,69.59,69.59,68.51,68.51,68.51,68.51,69.47,69.47,69.47,69.47,73.28,73.28,73.28,73.28,63.82,63.82,63.82,63.82,56.5,56.5,56.5,56.5,89.24,89.24,89.24,89.24,92.94,92.94,92.94,92.94,92.83,92.83,92.83,92.83,92.06,92.06,92.06,92.06,94.55,94.55,94.55,94.55,72.89,72.89,72.89,72.89,94.02,94.02,94.02,94.02,94.27,94.27
111,Price/BV (X),9.02,9.02,9.02,9.02,9.65,9.65,9.65,9.65,12.4,12.4,12.4,12.4,8.74,8.74,8.74,8.74,5.38,5.38,5.38,5.38,2.87,2.87,2.87,2.87,5.87,5.87,5.87,5.87,5.51,5.51,5.51,5.51,4.43,4.43,4.43,4.43,4.44,4.44,4.44,4.44,4.56,4.56,4.56,4.56,4.48,4.48,4.48,4.48,3.38,3.38,3.38,3.38,2.68,2.68,2.68,2.68,3.01,3.01,3.01,3.01,3.11,3.11,3.11,3.11,2.42,2.42,2.42,2.42,5.02,5.02,5.02,5.02,5.97,5.97,5.97,5.97,3.19,3.19,3.19,3.19,4.34,4.34
112,Price/Net Operating Revenue,6.16,6.16,6.16,6.16,6.53,6.53,6.53,6.53,7.79,7.79,7.79,7.79,5.95,5.95,5.95,5.95,3.55,3.55,3.55,3.55,1.67,1.67,1.67,1.67,4.53,4.53,4.53,4.53,4.46,4.46,4.46,4.46,3.41,3.41,3.41,3.41,3.24,3.24,3.24,3.24,3.45,3.45,3.45,3.45,3.76,3.76,3.76,3.76,3.11,3.11,3.11,3.11,2.72,2.72,2.72,2.72,2.85,2.85,2.85,2.85,3.19,3.19,3.19,3.19,2.23,2.23,2.23,2.23,4.51,4.51,4.51,4.51,5.45,5.45,5.45,5.45,2.96,2.96,2.96,2.96,3.76,3.76
113,Earnings Yield,0.03,0.03,0.03,0.03,0.03,0.03,0.03,0.03,0.03,0.03,0.03,0.03,0.03,0.03,0.03,0.03,0.05,0.05,0.05,0.05,0.08,0.08,0.08,0.08,0.05,0.05,0.05,0.05,0.04,0.04,0.04,0.04,0.04,0.04,0.04,0.04,0.05,0.05,0.05,0.05,0.06,0.06,0.06,0.06,0.05,0.05,0.05,0.05,0.06,0.06,0.06,0.06,0.07,0.07,0.07,0.07,0.06,0.06,0.06,0.06,0.05,0.05,0.05,0.05,0.08,0.08,0.08,0.08,0.04,0.04,0.04,0.04,0.04,0.04,0.04,0.04,0.05,0.05,0.05,0.05,0.04,0.04
115,Total Income From Operations,10700.14265,10700.14265,10700.14265,10700.14265,10700.14265,10700.14265,10700.14265,10700.14265,10700.14265,10700.14265,10700.14265,10700.14265,10700.14265,10700.14265,4150,4357,5275.1,4704.6,5405,5397,5298.9,5287.9,5857.8,5892.9,6141,5982.2,6556.9,6623.4,7178.4,7311.3,7804.8,8316.5,8621,8932.6,9082,9362.6,8566.3,8741.4,9806.5,10069.1,10401.8,10104.1,10358.2,10521.2,10651.5,10775.4,11036.9,11206.9,11661.5,11587.5,11453.8,11378.3,11628.2,11152.8,11050.5,11072.7,11434,11567.5,12002.3,12138.7,12395.8,12061.3,12522.6,12695.9,13127.2,12192.9,12250.4,12596.1,13260,13990.1,14720,15278.7,15585.6,16255.6,16941.8,17078.7,17477.3,17202.8,16680.7,16315.7,16593.2,16481.3
119,Increase/Decrease in Stocks,-1.190140845,-1.190140845,-1.190140845,-1.190140845,-1.190140845,-1.190140845,12.8,-1.190140845,-1.190140845,-1.190140845,-1.190140845,-1.190140845,-31,45.7,-11.2,-6,-55.7,-46.2,-29.1,42.9,33.6,-7.3,7,-76,-36.5,-21.7,88.3,-19.1,-79.1,-126.1,124.2,-13.3,60.1,-50.5,-44.8,82.2,13.5,-31.9,23,-41,51,-6.4,-36.1,-166.2,-45.6,10.8,-84.1,-16.4,36.8,-55.9,78.2,-35.3,177,52,25.7,50.9,-70.9,-37.9,-4.1,7.1,-20.4,-16.7,148.7,17.4,10.5,43,20.5,-24,-5,12.4,5.5,-30.8,6.5,-41.9,-10.8,-14.4,63.6,-13.3,14.6,-1.5,18.1,-3.9
121,Employees Cost,257,4698.173418,671.3,771.6,792.4,902.5,962.9,1048.8,1364.8,1276.9,4698.173418,4698.173418,1542.6,1648.8,1760.9,1877,2122.6,2199.4,2296.2,2419.8,2334.4,2226.2,2237.8,2194.4,2404.5,2535.8,2757.7,2729.1,2914.6,3039.7,3269.7,3502.1,3500,3918.6,3987.8,4072.4,4083.8,4301.5,4653.5,4648.2,4653.8,4776.5,4997.4,4974.6,4977.7,5182.9,5327.2,5334,5423.2,5527.6,5568.8,5320.5,5427.1,5361.4,5377,5399.7,5618.1,5767.1,5933.5,5948,6159.9,6253.1,6548,6559.3,6811.4,6424.2,6661.3,6597.9,6783.9,7392.4,7755.7,8004.6,8389.7,8684.7,9517.9,9376.9,9622.1,9735.6,9642.7,9317.5,9593.7,9199.8
122,depreciat,44.3,37.2,42.6,49.8,56.4,56.3,58.5,60.4,117.1,81.1,88.8,92.5,97.4,107.3,109.5,112.4,127,124.8,131.1,135.1,142.7,136.4,158,145.1,140.3,136.1,139.4,154.1,170.6,174,191.2,187.5,193.4,191.5,197.2,186.9,172.3,175.4,177.1,187.3,194,187,190.1,200.4,200.9,200.4,207,230.4,237.6,241.1,259.7,281.7,265.2,251.2,259.3,262.5,241.8,242.7,241.4,228.4,221.8,274.6,263.8,293.7,309,321.7,350.9,333.4,343.3,355,357.9,377.8,395,394.9,405.2,408.1,383.9,376.7,370.8,370,374.3,366.3
128,Other Expenses,467,749.7,165.2,128.5,154.7,96.1,132.5,243.5,508.2,294.1,1736.4,1813.6,329.1,231.5,787.4,813.5,949.1,818.8,760.2,862.1,849,942.6,1235.9,1470.4,1308.4,1141.6,658.3,730.4,792,763.4,962.6,1029.7,2221.7,2051.1,2041.9,2082.1,2069,2029.7,2240.4,2326.2,2237.9,2339.8,2485.5,2699.5,2554,2547.3,2734.2,2981.3,2940.9,3091.6,3033,3179.5,2991.8,2892.7,3031.8,3214.8,3333.4,3266.9,3782.3,3321.3,4077.5,3307.7,3133.2,3194.4,3434.3,2994.2,2709.3,2673.4,2705.9,3537,3801.5,3976.2,3778.3,4378.6,4276.1,4454.3,4932.4,4127.9,4208.1,4167.2,4040.8,4037.4
129,"P/L Before Other Inc. , Int., Excpt. Items & Tax",1965.935294,1965.935294,1965.935294,1965.935294,1965.935294,1965.935294,1965.935294,1965.935294,1965.935294,1965.935294,1965.935294,1965.935294,1965.935294,1965.935294,783,855.7,915.6,645.1,951.6,899.5,1027.2,1216.5,1309.3,1332.7,1321,1254.6,1223.5,1321.4,1401.1,1366.4,1323.2,1403.1,1574.9,1651.7,1770.9,1772.5,1557.9,1697.9,2157.8,2307.6,2538.3,2254.9,2172.8,2176,2242.4,2124.3,2266.5,2034.3,2306.1,2081.3,1962.2,2075.1,2390.7,2071.6,2150,1855.7,1861.7,1949.4,1811.4,2420.9,1645.1,1989.9,2312.2,2446.4,2317.8,2272.8,2331,2865,3235.7,2568.8,2710.5,2770.1,2876.1,2699.7,2640.2,2743.6,2460.1,2883.9,2369.6,2412.9,2518.6,2826.3
130,Other Income,36.8,26.8,16.9,18.7,28.9,8.3,38.6,35.9,48.9,50.3,54.2,81.8,86.8,97.7,95,72.6,93,102.8,146.6,137.2,97.7,95.5,121.4,85.7,126.4,128.8,136.8,164.2,210.7,210.4,206.7,199.1,240.5,-5.1,497.1,218.1,322.4,121.2,119.9,441.1,520.2,470.4,467,557.6,578.8,648.1,688,690,373.1,643.5,647.8,639.8,638.8,625.8,714.1,639.5,480.1,589.7,452.4,784.1,742.4,757.6,634.1,521.2,563.7,626.1,624.6,599,533.2,381.7,529.2,462.6,3332.6,389.7,450.3,657.6,856.6,742.1,684.4,593.4,1032.3,665.5
131,"P/L Before Int., Excpt. Items & Tax",2445.560294,2445.560294,2445.560294,2445.560294,2445.560294,2445.560294,2445.560294,2445.560294,2445.560294,2445.560294,2445.560294,2445.560294,2445.560294,2445.560294,878,928.3,1008.6,747.9,1098.2,1036.7,1124.9,1312,1430.7,1418.4,1447.4,1383.4,1360.3,1485.6,1611.8,1576.8,1529.9,1602.2,1815.4,1646.6,2268,1990.6,1880.3,1819.1,2277.7,2748.7,3058.5,2725.3,2639.8,2733.6,2821.2,2772.4,2954.5,2724.3,2679.2,2724.8,2610,2714.9,3029.5,2697.4,2864.1,2495.2,2341.8,2539.1,2263.8,3205,2387.5,2747.5,2946.3,2967.6,2881.5,2898.9,2955.6,3464,3768.9,2950.5,3239.7,3232.7,6208.7,3089.4,3090.5,3401.2,3316.7,3626,3054,3006.3,3550.9,3491.8
132,Interest,1.1,1,1.7,1.9,1,0.6,0.3,1.9,0.3,0.1,2.6,2.9,1.6,11,24.9,47.6,33.2,67.2,99.1,163.9,129.7,-44.2,43,-16.9,-62.1,75.5,-1.6,30.7,31.4,78.9,229.8,200.6,96.4,111.1,71.8,80,89.5,87,101,92.4,94.3,81.9,49.4,145,86.6,130.6,188.2,129.9,87.4,129.7,95.3,142.7,24.4,89.9,104,46.8,123.5,116.7,97.5,106,204.7,103.6,177.9,134.9,118.8,100,102.6,112.5,87.5,43.2,104.9,100.1,119.2,145.7,134.9,174.1,174.2,204.9,205.9,202.8,206.1,210.9
133,P/L Before Exceptional Items & Tax,2341.161765,2341.161765,2341.161765,2341.161765,2341.161765,2341.161765,2341.161765,2341.161765,2341.161765,2341.161765,2341.161765,2341.161765,2341.161765,2341.161765,853.1,880.7,975.4,680.7,999.1,872.8,995.2,1356.2,1387.7,1435.3,1509.5,1307.9,1361.9,1454.9,1580.4,1497.9,1300.1,1401.6,1719,1535.5,2196.2,1910.6,1790.8,1732.1,2176.7,2656.3,2964.2,2643.4,2590.4,2588.6,2734.6,2641.8,2766.3,2594.4,2591.8,2595.1,2514.7,2572.2,3005.1,2607.5,2760.1,2448.4,2218.3,2422.4,2166.3,3099,2182.8,2643.9,2768.4,2832.7,2762.7,2798.9,2853,3351.5,3681.4,2907.3,3134.8,3132.6,6089.5,2943.7,2955.6,3227.1,3142.5,3421.1,2848.1,2803.5,3344.8,3280.9
135,P/L Before Tax,2341.161765,2341.161765,2341.161765,2341.161765,2341.161765,2341.161765,2341.161765,2341.161765,2341.161765,2341.161765,2341.161765,2341.161765,2341.161765,2341.161765,853.1,880.7,975.4,680.7,999.1,872.8,995.2,1356.2,1387.7,1435.3,1509.5,1307.9,1361.9,1454.9,1580.4,1497.9,1300.1,1401.6,1719,1535.5,2196.2,1910.6,1790.8,1732.1,2176.7,2656.3,2964.2,2643.4,2590.4,2588.6,2734.6,2641.8,2766.3,2594.4,2591.8,2595.1,2514.7,2572.2,3005.1,2607.5,2760.1,2448.4,2218.3,2422.4,2166.3,3099,2182.8,2643.9,2768.4,2832.7,2762.7,2798.9,2853,3351.5,3681.4,2907.3,3134.8,3132.6,6089.5,2943.7,2955.6,3227.1,3142.5,3421.1,2848.1,2803.5,3344.8,3280.9
136,Tax,74.4,59.8,66.7,70,65.7,62.1,82.4,85.1,90.4,98,91.8,91.8,52.5,88.9,92.8,76.6,148.1,134.7,146.6,139.8,153.1,158.3,155.6,204.1,272.8,197.9,189.8,231.2,242.8,278.6,249.5,337.7,367.7,377.5,476.9,427.6,308.4,426.1,560.3,608.4,611.1,576.2,598.4,596.3,593,578.8,613.2,583.3,618.5,587.4,582.6,653.7,701.6,580.7,625.8,643.9,461.1,500.2,558.9,580.6,616.8,629.8,521.4,571.4,604.4,606.3,609,740.2,668.4,1103.2,747.4,667.6,610.7,727.1,672.7,814,878.4,833.3,786.8,780.6,898.2,906.3
137,P/L After Tax from Ordinary Activities,1829.364706,1829.364706,1829.364706,1829.364706,1829.364706,1829.364706,1829.364706,1829.364706,1829.364706,1829.364706,1829.364706,1829.364706,1829.364706,1829.364706,760.3,804.1,827.3,546,852.5,733,842.1,1197.9,1232.1,1231.2,1236.7,1110,1172.1,1223.7,1337.6,1219.3,1050.6,1063.9,1351.3,1158,1719.3,1483,1482.4,1306,1616.4,2047.9,2353.1,2067.2,1992,1992.3,2141.6,2063,2153.1,2011.1,1973.3,2007.7,1932.1,1918.5,2303.5,2026.8,2134.3,1804.5,1757.2,1922.2,1607.4,2518.4,1566,2014.1,2247,2261.3,2158.3,2192.6,2244,2611.3,3013,1804.1,2387.4,2465,5478.8,2216.6,2282.9,2413.1,2264.1,2587.8,2061.3,2022.9,2446.6,2374.6
140,Net Profit/(Loss) For the Period,259,326.8,370.1,376.5,421.4,404.9,453,505.1,657.5,619.1,665.2,738.9,818.9,671.4,760.3,804.1,827.3,546,852.5,733,842.1,1197.9,1232.1,1231.2,1236.7,1110,1172.1,1223.7,1337.6,1219.3,1050.6,1063.9,1351.3,1158,1719.3,1483,1482.4,1306,1616.4,2047.9,2353.1,2067.2,1992,1992.3,2141.6,2063,2153.1,2011.1,1973.3,2007.7,1932.1,1918.5,2303.5,2026.8,2134.3,1804.5,1757.2,1922.2,1607.4,2518.4,1566,2014.1,2247,2261.3,2158.3,2192.6,2244,2611.3,3013,1804.1,2387.4,2465,5478.8,2216.6,2282.9,2413.1,2264.1,2587.8,2061.3,2022.9,2446.6,2374.6
141,Equity Share Capital,46.6,139.7,139.8,140.4,140.7,141,283,284.1,285.2,286.4,286.9,288,291.8,291.8,291.9,292.1,292.3,292.4,292.6,292.7,293,293.1,293.3,293.5,293.6,489.9,490.4,490.7,490.9,491.1,491.5,491.6,491.7,492,492.3,492.5,492.6,492.8,493,493.1,493.2,493.4,493.5,493.7,493.7,493.8,494,494.1,494.1,494.1,486.1,486.1,486.1,973.2,973.3,904.7,904.8,904.8,904.8,905,1206.8,1207.1,1142.6,1142.6,1142.7,1142.9,1143,1143.1,1095.8,1095.8,1096.2,1096.2,1096.4,1096.5,1097.1,1097.4,1097.6,1097.8,1044.4,1044.8,1045,1046
